AC,Acre
AC,Acre,Rio Branco
AC,Acre,Rio Branco,14 Bis
AC,Acre,Rio Branco,7 Bec
AC,Acre,Rio Branco,Abão Alab
AC,Acre,Rio Branco,Abrahão Alab
AC,Acre,Rio Branco,Abrão Alab
AC,Acre,Rio Branco,Adalberto Aragão
AC,Acre,Rio Branco,Adalberto Sena
AC,Acre,Rio Branco,Aeroporto Novo
AC,Acre,Rio Branco,Aeroporto Velho
AC,Acre,Rio Branco,Alah
AC,Acre,Rio Branco,Alegria
AC,Acre,Rio Branco,Alto Alegre
AC,Acre,Rio Branco,Amapá
AC,Acre,Rio Branco,Apolonio Sales
AC,Acre,Rio Branco,Areal
AC,Acre,Rio Branco,Areial
AC,Acre,Rio Branco,Aviario
AC,Acre,Rio Branco,Ayrton Senna
AC,Acre,Rio Branco,Bahia
AC,Acre,Rio Branco,Bahia Nova
AC,Acre,Rio Branco,Bahia Velha
AC,Acre,Rio Branco,Baixa Cadeia Velha
AC,Acre,Rio Branco,Baixa Colina
AC,Acre,Rio Branco,Base
AC,Acre,Rio Branco,Bela Vista
AC,Acre,Rio Branco,Belo Jardim
AC,Acre,Rio Branco,Belo Jardim i
AC,Acre,Rio Branco,Belo Jardim ii
AC,Acre,Rio Branco,Boa Esperança
AC,Acre,Rio Branco,Boa União
AC,Acre,Rio Branco,Boa Vista
AC,Acre,Rio Branco,Bosque
AC,Acre,Rio Branco,Bosque Policlínica
AC,Acre,Rio Branco,Bxa Da Habitasa
AC,Acre,Rio Branco,C Nova
AC,Acre,Rio Branco,Cadeia Nova
AC,Acre,Rio Branco,Cadeia Velha
AC,Acre,Rio Branco,Cadeira Velha
AC,Acre,Rio Branco,Calafate
AC,Acre,Rio Branco,Candeia Velha
AC,Acre,Rio Branco,Capoeira
AC,Acre,Rio Branco,Castelo Branco
AC,Acre,Rio Branco,Centro
AC,Acre,Rio Branco,Cerãmica
AC,Acre,Rio Branco,Chacara do Ipê
AC,Acre,Rio Branco,Chico Mendes
AC,Acre,Rio Branco,Cidade Nova
AC,Acre,Rio Branco,Cj Edson Cadaxo
AC,Acre,Rio Branco,Cj Eletra
AC,Acre,Rio Branco,Cj Esperança I
AC,Acre,Rio Branco,Cj Jardim São Francisco
AC,Acre,Rio Branco,Cj Jd Tropical
AC,Acre,Rio Branco,Comara
AC,Acre,Rio Branco,Conj. Res Tropical III
AC,Acre,Rio Branco,Conj.Parque das Palmeiras
AC,Acre,Rio Branco,Conjunto Jardim Ipanema
AC,Acre,Rio Branco,Conjunto Mâncio Lima
AC,Acre,Rio Branco,Conjunto Raimundo Melo I
AC,Acre,Rio Branco,Conjunto Waldemar Maciel
AC,Acre,Rio Branco,Conquista
AC,Acre,Rio Branco,Corrente
AC,Acre,Rio Branco,Defesa Civil
AC,Acre,Rio Branco,Distrito Industrial
AC,Acre,Rio Branco,Dner
AC,Acre,Rio Branco,Doca Furtado
AC,Acre,Rio Branco,Dom Giocondo
AC,Acre,Rio Branco,Eldorado
AC,Acre,Rio Branco,Esperança
AC,Acre,Rio Branco,Estação
AC,Acre,Rio Branco,Estação Experimental
AC,Acre,Rio Branco,Eta Experimental
AC,Acre,Rio Branco,Flor de Maio
AC,Acre,Rio Branco,Flora
AC,Acre,Rio Branco,Floresanta Sul
AC,Acre,Rio Branco,Floresta
AC,Acre,Rio Branco,Floresta Sul
AC,Acre,Rio Branco,Formoso
AC,Acre,Rio Branco,Geraldo Fleming
AC,Acre,Rio Branco,Glória
AC,Acre,Rio Branco,Guanabara
AC,Acre,Rio Branco,Guiomar dos Santos
AC,Acre,Rio Branco,Habitar Brasil
AC,Acre,Rio Branco,Habitasa
AC,Acre,Rio Branco,Horto Florestal
AC,Acre,Rio Branco,I Parente
AC,Acre,Rio Branco,Icaraí
AC,Acre,Rio Branco,Invasão Sanacre
AC,Acre,Rio Branco,Iolanda
AC,Acre,Rio Branco,Ipase
AC,Acre,Rio Branco,Isaura Parente
AC,Acre,Rio Branco,Ivete Vargas
AC,Acre,Rio Branco,Jaguar
AC,Acre,Rio Branco,Jardim América
AC,Acre,Rio Branco,Jardim Brasil
AC,Acre,Rio Branco,Jardim Copacabana
AC,Acre,Rio Branco,Jardim de Alah
AC,Acre,Rio Branco,Jardim Eldorado
AC,Acre,Rio Branco,Jardim Europa
AC,Acre,Rio Branco,Jardim Europa ii
AC,Acre,Rio Branco,Jardim Macaua
AC,Acre,Rio Branco,Jardim Manoel Julião
AC,Acre,Rio Branco,Jardim Nazle
AC,Acre,Rio Branco,Jardim Primavera
AC,Acre,Rio Branco,Jardim Tropical i
AC,Acre,Rio Branco,Jardim Universitário
AC,Acre,Rio Branco,Jerusalem
AC,Acre,Rio Branco,Joafra
AC,Acre,Rio Branco,João Eduardo
AC,Acre,Rio Branco,João Eduardo i
AC,Acre,Rio Branco,João Eduardo ii
AC,Acre,Rio Branco,João Paulo II
AC,Acre,Rio Branco,Jorge Furtado
AC,Acre,Rio Branco,Jorge Lavocat
AC,Acre,Rio Branco,José Augusto
AC,Acre,Rio Branco,José Eduardo
AC,Acre,Rio Branco,Laélia Alcantara
AC,Acre,Rio Branco,Lot. Jardim Brasil
AC,Acre,Rio Branco,Loteamento dos Engernheiros
AC,Acre,Rio Branco,Loteamento Novo Horizonte
AC,Acre,Rio Branco,Loteamento Praia do Amapá
AC,Acre,Rio Branco,Loteamento Sto Afonso
AC,Acre,Rio Branco,Manoel Julião
AC,Acre,Rio Branco,Mariana
AC,Acre,Rio Branco,Mascarenhas de Morae
AC,Acre,Rio Branco,Mascarenhas Moraes
AC,Acre,Rio Branco,Mauri Sérgio
AC,Acre,Rio Branco,Mauro Bitar
AC,Acre,Rio Branco,Mocinha Magalhães
AC,Acre,Rio Branco,Montanhes
AC,Acre,Rio Branco,Monte Alto
AC,Acre,Rio Branco,Morada da Serra IV
AC,Acre,Rio Branco,Morada do Sol
AC,Acre,Rio Branco,Nova Esperança
AC,Acre,Rio Branco,Nova Estação
AC,Acre,Rio Branco,Nova Morada
AC,Acre,Rio Branco,Novo Calafate
AC,Acre,Rio Branco,Oscar Passos
AC,Acre,Rio Branco,Ouricuri
AC,Acre,Rio Branco,Palheiral
AC,Acre,Rio Branco,Papouco
AC,Acre,Rio Branco,Paulo C. Oliveira
AC,Acre,Rio Branco,Paz
AC,Acre,Rio Branco,Pedro Roseno
AC,Acre,Rio Branco,Petrópolis
AC,Acre,Rio Branco,Pista
AC,Acre,Rio Branco,Placas
AC,Acre,Rio Branco,Plácido Castro
AC,Acre,Rio Branco,Plácido de Csatro
AC,Acre,Rio Branco,Portal da Amazônia I
AC,Acre,Rio Branco,Postal Amazônia
AC,Acre,Rio Branco,Praça dos Catraeiros
AC,Acre,Rio Branco,Preventório
AC,Acre,Rio Branco,Quinze
AC,Acre,Rio Branco,Raimundo Melo
AC,Acre,Rio Branco,Resid. Joafra
AC,Acre,Rio Branco,Reutilizar
AC,Acre,Rio Branco,Rio Branco
AC,Acre,Rio Branco,Rui Lino
AC,Acre,Rio Branco,S Agosto
AC,Acre,Rio Branco,Saída Ro
AC,Acre,Rio Branco,Santa Helena
AC,Acre,Rio Branco,Santa Inês
AC,Acre,Rio Branco,Santa Maria
AC,Acre,Rio Branco,Santa Quitéria
AC,Acre,Rio Branco,Santa Terezinha
AC,Acre,Rio Branco,Santo Antônio
AC,Acre,Rio Branco,São Francisco
AC,Acre,Rio Branco,São Jorge
AC,Acre,Rio Branco,São José
AC,Acre,Rio Branco,São Sebastião
AC,Acre,Rio Branco,Segundo Distrito
AC,Acre,Rio Branco,Seis de Agosto
AC,Acre,Rio Branco,Sem Bairro
AC,Acre,Rio Branco,Sobral
AC,Acre,Rio Branco,Tagara
AC,Acre,Rio Branco,Tancredo Neves
AC,Acre,Rio Branco,Taquari
AC,Acre,Rio Branco,Telégrafo
AC,Acre,Rio Branco,Terminal Cadeia Velh
AC,Acre,Rio Branco,Triângulo
AC,Acre,Rio Branco,Triângulo Novo
AC,Acre,Rio Branco,Tropical
AC,Acre,Rio Branco,Tropical iii
AC,Acre,Rio Branco,Tucumã
AC,Acre,Rio Branco,Universitário
AC,Acre,Rio Branco,Vila Acre
AC,Acre,Rio Branco,Vila Amapá
AC,Acre,Rio Branco,Vila Amizade
AC,Acre,Rio Branco,Vila Custódio Freire
AC,Acre,Rio Branco,Vila Ireneu Serra
AC,Acre,Rio Branco,Vila Ivonete
AC,Acre,Rio Branco,Vila Maria
AC,Acre,Rio Branco,Vila Nova
AC,Acre,Rio Branco,Vila São Miguel
AC,Acre,Rio Branco,Vila Sta Cecília
AC,Acre,Rio Branco,Vilage Tiradentes
AC,Acre,Rio Branco,Vilage w Maciel
AC,Acre,Rio Branco,Vitória
AC,Acre,Rio Branco,Volta Seca
AC,Acre,Rio Branco,Wandeley Datas
AC,Acre,Rio Branco,Xavier Maia
AC,Acre,Rio Branco,Zona Rural
AC,Acre,Rio Branco,Zona Rural/Saida-Pvo
AC,Acre,Acrelândia
AC,Acre,Acrelândia,Centro
AC,Acre,Acrelândia,Cohab
AC,Acre,Acrelândia,Tucandeira
AC,Acre,Assis Brasil
AC,Acre,Assis Brasil,Cascata
AC,Acre,Assis Brasil,Centro
AC,Acre,Assis Brasil,Placido Castro
AC,Acre,Assis Brasil - Cruzeiro Sul
AC,Acre,Assis Brasil - Cruzeiro Sul,Centro
AC,Acre,Belo Jardim
AC,Acre,Brasiléia
AC,Acre,Brasiléia,3 Botequins
AC,Acre,Brasiléia,Aeroporto
AC,Acre,Brasiléia,Alberto Castro
AC,Acre,Brasiléia,Areal
AC,Acre,Brasiléia,Centro
AC,Acre,Brasiléia,Eldorado
AC,Acre,Brasiléia,Ferreira Silva
AC,Acre,Brasiléia,Francisco j Moreira
AC,Acre,Brasiléia,Jose Brauna
AC,Acre,Brasiléia,José Hassem
AC,Acre,Brasiléia,Leonardo Barbosa
AC,Acre,Brasiléia,Raimundo Chaar
AC,Acre,Brasiléia,Samauma
AC,Acre,Brasiléia,Tancredo Neves
AC,Acre,Brasiléia,Vila Vitoria
AC,Acre,Brasiléia,Zona Rural
AC,Acre,Bujari
AC,Acre,Bujari,2 Distrito
AC,Acre,Bujari,8âº Distrito
AC,Acre,Bujari,Centro
AC,Acre,Bujari,Colonia s Francisco
AC,Acre,Bujari,Rui Lino
AC,Acre,Capixaba
AC,Acre,Capixaba,Centro
AC,Acre,Capixaba,Conquista
AC,Acre,Capixaba,Paraiso
AC,Acre,Capixaba,Repetitora Ponteio
AC,Acre,Cruzeiro do Sul
AC,Acre,Cruzeiro do Sul,25 Agosto
AC,Acre,Cruzeiro do Sul,Aabb
AC,Acre,Cruzeiro do Sul,Aeroporto Velho
AC,Acre,Cruzeiro do Sul,Alumínio
AC,Acre,Cruzeiro do Sul,Artur Maia
AC,Acre,Cruzeiro do Sul,Baixa
AC,Acre,Cruzeiro do Sul,Centro
AC,Acre,Cruzeiro do Sul,Cobal
AC,Acre,Cruzeiro do Sul,Cohab
AC,Acre,Cruzeiro do Sul,Colegio
AC,Acre,Cruzeiro do Sul,Copacabana
AC,Acre,Cruzeiro do Sul,Cruzeirao
AC,Acre,Cruzeiro do Sul,Cruzeirinho
AC,Acre,Cruzeiro do Sul,Divisor
AC,Acre,Cruzeiro do Sul,Escola Tecnica
AC,Acre,Cruzeiro do Sul,Formosa
AC,Acre,Cruzeiro do Sul,Formoso
AC,Acre,Cruzeiro do Sul,Giao
AC,Acre,Cruzeiro do Sul,Joao Alves
AC,Acre,Cruzeiro do Sul,Lagoa
AC,Acre,Cruzeiro do Sul,Mancio Lima
AC,Acre,Cruzeiro do Sul,Manoel Terca
AC,Acre,Cruzeiro do Sul,Miritizal
AC,Acre,Cruzeiro do Sul,Morro Gloria
AC,Acre,Cruzeiro do Sul,Novo Cruzeirinho
AC,Acre,Cruzeiro do Sul,Ns Gracas
AC,Acre,Cruzeiro do Sul,Ns Senhora Graças
AC,Acre,Cruzeiro do Sul,Oscar Trovão
AC,Acre,Cruzeiro do Sul,Penal
AC,Acre,Cruzeiro do Sul,Remanso
AC,Acre,Cruzeiro do Sul,s Cabal
AC,Acre,Cruzeiro do Sul,s Jose
AC,Acre,Cruzeiro do Sul,s Salvador
AC,Acre,Cruzeiro do Sul,Saboeiro
AC,Acre,Cruzeiro do Sul,Santa Terezinha
AC,Acre,Cruzeiro do Sul,Sem Bairro
AC,Acre,Cruzeiro do Sul,Setor Formoso
AC,Acre,Cruzeiro do Sul,Telegrafo
AC,Acre,Cruzeiro do Sul,Tiro Alvo
AC,Acre,Cruzeiro do Sul,Universitario
AC,Acre,Cruzeiro do Sul,Varzea
AC,Acre,Cruzeiro do Sul,Vila Santa Rosa
AC,Acre,Cruzeiro do Sul,Zona Rural
AC,Acre,Epitaciolândia
AC,Acre,Epitaciolândia,Aeroporto
AC,Acre,Epitaciolândia,Beira Rio
AC,Acre,Epitaciolândia,Centro
AC,Acre,Epitaciolândia,Fontenelle Castro
AC,Acre,Epitaciolândia,José Hassem
AC,Acre,Epitaciolândia,Jose Mesquita
AC,Acre,Epitaciolândia,Liberdade
AC,Acre,Epitaciolândia,Lirio Vales
AC,Acre,Epitaciolândia,Satel
AC,Acre,Epitaciolândia,Vila Vitoria
AC,Acre,Epitaciolândia,Zona Rural
AC,Acre,Feijó
AC,Acre,Feijó,2 Distrito
AC,Acre,Feijó,6âº Distrito
AC,Acre,Feijó,Bela Vista
AC,Acre,Feijó,Centro
AC,Acre,Feijó,Cidade Nova
AC,Acre,Feijó,Cohab
AC,Acre,Feijó,Esperanca
AC,Acre,Feijó,Geni Nunes
AC,Acre,Feijó,Hospital
AC,Acre,Feijó,Nair Araujo
AC,Acre,Feijó,Terminal
AC,Acre,Feijó,Zona Rural
AC,Acre,Humaitá (Pad Humaitá)
AC,Acre,Humaitá (Pad Humaitá),Centro
AC,Acre,Jordão
AC,Acre,Jordão,Centro
AC,Acre,Mâncio Lima
AC,Acre,Mâncio Lima,Bandeirante
AC,Acre,Mâncio Lima,Centro
AC,Acre,Mâncio Lima,Iracema
AC,Acre,Mâncio Lima,s Francisco
AC,Acre,Mâncio Lima,s Vidal
AC,Acre,Mâncio Lima,Sao Francisco
AC,Acre,Manoel Urbano
AC,Acre,Manoel Urbano,Centro
AC,Acre,Marechal Taumaturgo
AC,Acre,Marechal Taumaturgo,Centro
AC,Acre,Pentecostes
AC,Acre,Plácido de Castro
AC,Acre,Plácido de Castro,Cageacre
AC,Acre,Plácido de Castro,Centro
AC,Acre,Plácido de Castro,Cj Multirão III
AC,Acre,Plácido de Castro,Cohab II
AC,Acre,Plácido de Castro,João Moreira Maia
AC,Acre,Plácido de Castro,Manchete
AC,Acre,Plácido de Castro,Multirao
AC,Acre,Plácido de Castro,Olaria
AC,Acre,Plácido de Castro,Pe Peregrino
AC,Acre,Plácido de Castro,Rapirra
AC,Acre,Plácido de Castro,Rapirra i
AC,Acre,Plácido de Castro,Serraria
AC,Acre,Plácido de Castro,Thaumaturgo
AC,Acre,Plácido de Castro,Vila Militar
AC,Acre,Plácido de Castro,Vila Raimundinho
AC,Acre,Plácido de Castro,Zona Rural
AC,Acre,Porto Acre
AC,Acre,Porto Acre,Amazonia
AC,Acre,Porto Acre,Centro
AC,Acre,Porto Acre,Livramento
AC,Acre,Porto Acre,Ulisses Guimarães
AC,Acre,Porto Walter
AC,Acre,Porto Walter,Centro
AC,Acre,Rio Branco
AC,Acre,Rio Branco,14 Bis
AC,Acre,Rio Branco,7 Bec
AC,Acre,Rio Branco,Abão Alab
AC,Acre,Rio Branco,Abrahão Alab
AC,Acre,Rio Branco,Abrão Alab
AC,Acre,Rio Branco,Adalberto Aragão
AC,Acre,Rio Branco,Adalberto Sena
AC,Acre,Rio Branco,Aeroporto Novo
AC,Acre,Rio Branco,Aeroporto Velho
AC,Acre,Rio Branco,Alah
AC,Acre,Rio Branco,Alegria
AC,Acre,Rio Branco,Alto Alegre
AC,Acre,Rio Branco,Amapá
AC,Acre,Rio Branco,Apolonio Sales
AC,Acre,Rio Branco,Areal
AC,Acre,Rio Branco,Areial
AC,Acre,Rio Branco,Aviario
AC,Acre,Rio Branco,Ayrton Senna
AC,Acre,Rio Branco,Bahia
AC,Acre,Rio Branco,Bahia Nova
AC,Acre,Rio Branco,Bahia Velha
AC,Acre,Rio Branco,Baixa Cadeia Velha
AC,Acre,Rio Branco,Baixa Colina
AC,Acre,Rio Branco,Base
AC,Acre,Rio Branco,Bela Vista
AC,Acre,Rio Branco,Belo Jardim
AC,Acre,Rio Branco,Belo Jardim i
AC,Acre,Rio Branco,Belo Jardim ii
AC,Acre,Rio Branco,Boa Esperança
AC,Acre,Rio Branco,Boa União
AC,Acre,Rio Branco,Boa Vista
AC,Acre,Rio Branco,Bosque
AC,Acre,Rio Branco,Bosque Policlínica
AC,Acre,Rio Branco,Bxa Da Habitasa
AC,Acre,Rio Branco,C Nova
AC,Acre,Rio Branco,Cadeia Nova
AC,Acre,Rio Branco,Cadeia Velha
AC,Acre,Rio Branco,Cadeira Velha
AC,Acre,Rio Branco,Calafate
AC,Acre,Rio Branco,Candeia Velha
AC,Acre,Rio Branco,Capoeira
AC,Acre,Rio Branco,Castelo Branco
AC,Acre,Rio Branco,Centro
AC,Acre,Rio Branco,Cerãmica
AC,Acre,Rio Branco,Chacara do Ipê
AC,Acre,Rio Branco,Chico Mendes
AC,Acre,Rio Branco,Cidade Nova
AC,Acre,Rio Branco,Cj Edson Cadaxo
AC,Acre,Rio Branco,Cj Eletra
AC,Acre,Rio Branco,Cj Esperança I
AC,Acre,Rio Branco,Cj Jardim São Francisco
AC,Acre,Rio Branco,Cj Jd Tropical
AC,Acre,Rio Branco,Comara
AC,Acre,Rio Branco,Conj. Res Tropical III
AC,Acre,Rio Branco,Conj.Parque das Palmeiras
AC,Acre,Rio Branco,Conjunto Jardim Ipanema
AC,Acre,Rio Branco,Conjunto Mâncio Lima
AC,Acre,Rio Branco,Conjunto Raimundo Melo I
AC,Acre,Rio Branco,Conjunto Waldemar Maciel
AC,Acre,Rio Branco,Conquista
AC,Acre,Rio Branco,Corrente
AC,Acre,Rio Branco,Defesa Civil
AC,Acre,Rio Branco,Distrito Industrial
AC,Acre,Rio Branco,Dner
AC,Acre,Rio Branco,Doca Furtado
AC,Acre,Rio Branco,Dom Giocondo
AC,Acre,Rio Branco,Eldorado
AC,Acre,Rio Branco,Esperança
AC,Acre,Rio Branco,Estação
AC,Acre,Rio Branco,Estação Experimental
AC,Acre,Rio Branco,Eta Experimental
AC,Acre,Rio Branco,Flor de Maio
AC,Acre,Rio Branco,Flora
AC,Acre,Rio Branco,Floresanta Sul
AC,Acre,Rio Branco,Floresta
AC,Acre,Rio Branco,Floresta Sul
AC,Acre,Rio Branco,Formoso
AC,Acre,Rio Branco,Geraldo Fleming
AC,Acre,Rio Branco,Glória
AC,Acre,Rio Branco,Guanabara
AC,Acre,Rio Branco,Guiomar dos Santos
AC,Acre,Rio Branco,Habitar Brasil
AC,Acre,Rio Branco,Habitasa
AC,Acre,Rio Branco,Horto Florestal
AC,Acre,Rio Branco,I Parente
AC,Acre,Rio Branco,Icaraí
AC,Acre,Rio Branco,Invasão Sanacre
AC,Acre,Rio Branco,Iolanda
AC,Acre,Rio Branco,Ipase
AC,Acre,Rio Branco,Isaura Parente
AC,Acre,Rio Branco,Ivete Vargas
AC,Acre,Rio Branco,Jaguar
AC,Acre,Rio Branco,Jardim América
AC,Acre,Rio Branco,Jardim Brasil
AC,Acre,Rio Branco,Jardim Copacabana
AC,Acre,Rio Branco,Jardim de Alah
AC,Acre,Rio Branco,Jardim Eldorado
AC,Acre,Rio Branco,Jardim Europa
AC,Acre,Rio Branco,Jardim Europa ii
AC,Acre,Rio Branco,Jardim Macaua
AC,Acre,Rio Branco,Jardim Manoel Julião
AC,Acre,Rio Branco,Jardim Nazle
AC,Acre,Rio Branco,Jardim Primavera
AC,Acre,Rio Branco,Jardim Tropical i
AC,Acre,Rio Branco,Jardim Universitário
AC,Acre,Rio Branco,Jerusalem
AC,Acre,Rio Branco,Joafra
AC,Acre,Rio Branco,João Eduardo
AC,Acre,Rio Branco,João Eduardo i
AC,Acre,Rio Branco,João Eduardo ii
AC,Acre,Rio Branco,João Paulo II
AC,Acre,Rio Branco,Jorge Furtado
AC,Acre,Rio Branco,Jorge Lavocat
AC,Acre,Rio Branco,José Augusto
AC,Acre,Rio Branco,José Eduardo
AC,Acre,Rio Branco,Laélia Alcantara
AC,Acre,Rio Branco,Lot. Jardim Brasil
AC,Acre,Rio Branco,Loteamento dos Engernheiros
AC,Acre,Rio Branco,Loteamento Novo Horizonte
AC,Acre,Rio Branco,Loteamento Praia do Amapá
AC,Acre,Rio Branco,Loteamento Sto Afonso
AC,Acre,Rio Branco,Manoel Julião
AC,Acre,Rio Branco,Mariana
AC,Acre,Rio Branco,Mascarenhas de Morae
AC,Acre,Rio Branco,Mascarenhas Moraes
AC,Acre,Rio Branco,Mauri Sérgio
AC,Acre,Rio Branco,Mauro Bitar
AC,Acre,Rio Branco,Mocinha Magalhães
AC,Acre,Rio Branco,Montanhes
AC,Acre,Rio Branco,Monte Alto
AC,Acre,Rio Branco,Morada da Serra IV
AC,Acre,Rio Branco,Morada do Sol
AC,Acre,Rio Branco,Nova Esperança
AC,Acre,Rio Branco,Nova Estação
AC,Acre,Rio Branco,Nova Morada
AC,Acre,Rio Branco,Novo Calafate
AC,Acre,Rio Branco,Oscar Passos
AC,Acre,Rio Branco,Ouricuri
AC,Acre,Rio Branco,Palheiral
AC,Acre,Rio Branco,Papouco
AC,Acre,Rio Branco,Paulo C. Oliveira
AC,Acre,Rio Branco,Paz
AC,Acre,Rio Branco,Pedro Roseno
AC,Acre,Rio Branco,Petrópolis
AC,Acre,Rio Branco,Pista
AC,Acre,Rio Branco,Placas
AC,Acre,Rio Branco,Plácido Castro
AC,Acre,Rio Branco,Plácido de Csatro
AC,Acre,Rio Branco,Portal da Amazônia I
AC,Acre,Rio Branco,Postal Amazônia
AC,Acre,Rio Branco,Praça dos Catraeiros
AC,Acre,Rio Branco,Preventório
AC,Acre,Rio Branco,Quinze
AC,Acre,Rio Branco,Raimundo Melo
AC,Acre,Rio Branco,Resid. Joafra
AC,Acre,Rio Branco,Reutilizar
AC,Acre,Rio Branco,Rio Branco
AC,Acre,Rio Branco,Rui Lino
AC,Acre,Rio Branco,S Agosto
AC,Acre,Rio Branco,Saída Ro
AC,Acre,Rio Branco,Santa Helena
AC,Acre,Rio Branco,Santa Inês
AC,Acre,Rio Branco,Santa Maria
AC,Acre,Rio Branco,Santa Quitéria
AC,Acre,Rio Branco,Santa Terezinha
AC,Acre,Rio Branco,Santo Antônio
AC,Acre,Rio Branco,São Francisco
AC,Acre,Rio Branco,São Jorge
AC,Acre,Rio Branco,São José
AC,Acre,Rio Branco,São Sebastião
AC,Acre,Rio Branco,Segundo Distrito
AC,Acre,Rio Branco,Seis de Agosto
AC,Acre,Rio Branco,Sem Bairro
AC,Acre,Rio Branco,Sobral
AC,Acre,Rio Branco,Tagara
AC,Acre,Rio Branco,Tancredo Neves
AC,Acre,Rio Branco,Taquari
AC,Acre,Rio Branco,Telégrafo
AC,Acre,Rio Branco,Terminal Cadeia Velh
AC,Acre,Rio Branco,Triângulo
AC,Acre,Rio Branco,Triângulo Novo
AC,Acre,Rio Branco,Tropical
AC,Acre,Rio Branco,Tropical iii
AC,Acre,Rio Branco,Tucumã
AC,Acre,Rio Branco,Universitário
AC,Acre,Rio Branco,Vila Acre
AC,Acre,Rio Branco,Vila Amapá
AC,Acre,Rio Branco,Vila Amizade
AC,Acre,Rio Branco,Vila Custódio Freire
AC,Acre,Rio Branco,Vila Ireneu Serra
AC,Acre,Rio Branco,Vila Ivonete
AC,Acre,Rio Branco,Vila Maria
AC,Acre,Rio Branco,Vila Nova
AC,Acre,Rio Branco,Vila São Miguel
AC,Acre,Rio Branco,Vila Sta Cecília
AC,Acre,Rio Branco,Vilage Tiradentes
AC,Acre,Rio Branco,Vilage w Maciel
AC,Acre,Rio Branco,Vitória
AC,Acre,Rio Branco,Volta Seca
AC,Acre,Rio Branco,Wandeley Datas
AC,Acre,Rio Branco,Xavier Maia
AC,Acre,Rio Branco,Zona Rural
AC,Acre,Rio Branco,Zona Rural/Saida-Pvo
AC,Acre,Rodrigues Alves
AC,Acre,Rodrigues Alves,Centro
AC,Acre,Santa Cecília
AC,Acre,Santa Cecília,Centro
AC,Acre,Santa Rosa do Juruá
AC,Acre,Santa Rosa do Juruá,Centro
AC,Acre,Santa Rosa do Purus
AC,Acre,Santa Rosa do Purus,Centro
AC,Acre,Sena Madureira
AC,Acre,Sena Madureira,2 Distrito
AC,Acre,Sena Madureira,7âº Distrito
AC,Acre,Sena Madureira,Ana Vieira
AC,Acre,Sena Madureira,b Ana Vieira
AC,Acre,Sena Madureira,Bom Sucesso
AC,Acre,Sena Madureira,Bosque
AC,Acre,Sena Madureira,c s u
AC,Acre,Sena Madureira,Cafezal
AC,Acre,Sena Madureira,Centro
AC,Acre,Sena Madureira,Cidade Nova
AC,Acre,Sena Madureira,Cohab
AC,Acre,Sena Madureira,Cristo Libertador
AC,Acre,Sena Madureira,Jorge Alves Jr
AC,Acre,Sena Madureira,José N Sobº
AC,Acre,Sena Madureira,José Norte Sabão
AC,Acre,Sena Madureira,Niteroi
AC,Acre,Sena Madureira,Pista
AC,Acre,Sena Madureira,Rosa Goncalves
AC,Acre,Sena Madureira,s Felipe
AC,Acre,Sena Madureira,s Francisco
AC,Acre,Sena Madureira,São Francisco
AC,Acre,Sena Madureira,Vila Militar
AC,Acre,Sena Madureira,Vitoria
AC,Acre,Sena Madureira,Zona Rural
AC,Acre,Senador Guiomard
AC,Acre,Senador Guiomard,18 Setembro
AC,Acre,Senador Guiomard,Amoti Pascoal
AC,Acre,Senador Guiomard,Centro
AC,Acre,Senador Guiomard,Cohab
AC,Acre,Senador Guiomard,Democracia
AC,Acre,Senador Guiomard,Edilio Ferreira
AC,Acre,Senador Guiomard,Edilo Ferreira
AC,Acre,Senador Guiomard,Jardim Botanico
AC,Acre,Senador Guiomard,Joao Rodrigues
AC,Acre,Senador Guiomard,Manoel Gomes
AC,Acre,Senador Guiomard,Maria Fernandes
AC,Acre,Senador Guiomard,Mufumbo
AC,Acre,Senador Guiomard,Naire Leite
AC,Acre,Senador Guiomard,s Francisco
AC,Acre,Senador Guiomard,Triunfo
AC,Acre,Senador Guiomard,Zona Rural
AC,Acre,Tarauacá
AC,Acre,Tarauacá,Avelino Leal
AC,Acre,Tarauacá,Centro
AC,Acre,Tarauacá,Cohab
AC,Acre,Tarauacá,Copacabana
AC,Acre,Tarauacá,Corcovado
AC,Acre,Tarauacá,Flores
AC,Acre,Tarauacá,Novo
AC,Acre,Tarauacá,Sen Pompeu
AC,Acre,Tarauacá,Triangulo
AC,Acre,Tarauacá,Zona Rural
AC,Acre,Vila Albert Sampaio
AC,Acre,Vila Albert Sampaio,Centro
AC,Acre,Vila Campinas (Pad Peixoto)
AC,Acre,Vila Campinas (Pad Peixoto),Centro
AC,Acre,Vila do V
AC,Acre,Vila do V,Centro
AC,Acre,Vila Dom Moacir
AC,Acre,Vila Dom Moacir,Centro
AC,Acre,Vila Lagoinha
AC,Acre,Vila Santa Luzia (Pad Santa Luzia)
AC,Acre,Vila São Pedro
AC,Acre,Xapuri
AC,Acre,Xapuri,Aeroporto
AC,Acre,Xapuri,Braga Sabão
AC,Acre,Xapuri,Braga Sobº
AC,Acre,Xapuri,Centro
AC,Acre,Xapuri,Constantino Melo
AC,Acre,Xapuri,Jetiquia
AC,Acre,Xapuri,Multirao
AC,Acre,Xapuri,Pantanal
AC,Acre,Xapuri,Raimundo h Melo
AC,Acre,Xapuri,Siberia
AC,Acre,Xapuri,Zona Rural
