DF,Distrito Federal
DF,Distrito Federal,Brasília
DF,Distrito Federal,Brasília,0
DF,Distrito Federal,Brasília,A Claras
DF,Distrito Federal,Brasília,A Norte
DF,Distrito Federal,Brasília,A Sul
DF,Distrito Federal,Brasília,Acp Ceb
DF,Distrito Federal,Brasília,Acp Dfl
DF,Distrito Federal,Brasília,Acp Telebrasília
DF,Distrito Federal,Brasília,Acp Velhacap
DF,Distrito Federal,Brasília,ADE
DF,Distrito Federal,Brasília,Aeroporto
DF,Distrito Federal,Brasília,Águas Clara
DF,Distrito Federal,Brasília,Águas Claras
DF,Distrito Federal,Brasília,Ala Norte
DF,Distrito Federal,Brasília,America iii
DF,Distrito Federal,Brasília,Area Desenvolvimento
DF,Distrito Federal,Brasília,Área Especial
DF,Distrito Federal,Brasília,Área Octogonal
DF,Distrito Federal,Brasília,Areal
DF,Distrito Federal,Brasília,Areal Águas Claras
DF,Distrito Federal,Brasília,Areal(águas claras)
DF,Distrito Federal,Brasília,Asa
DF,Distrito Federal,Brasília,Asa Azul
DF,Distrito Federal,Brasília,Asa Norte
DF,Distrito Federal,Brasília,Asa Note
DF,Distrito Federal,Brasília,Asa Notre
DF,Distrito Federal,Brasília,Asa Sul
DF,Distrito Federal,Brasília,Asa Sul / Sobradinho
DF,Distrito Federal,Brasília,Asam Norte
DF,Distrito Federal,Brasília,AsaSul
DF,Distrito Federal,Brasília,B Grande Oriente
DF,Distrito Federal,Brasília,Balão Torto
DF,Distrito Federal,Brasília,Bandeirante
DF,Distrito Federal,Brasília,Bandeirantes
DF,Distrito Federal,Brasília,Bernardo Saião
DF,Distrito Federal,Brasília,Brasília
DF,Distrito Federal,Brasília,Braslândia
DF,Distrito Federal,Brasília,C Universitário
DF,Distrito Federal,Brasília,Campus Universitário
DF,Distrito Federal,Brasília,Candangolândia
DF,Distrito Federal,Brasília,Candangolânida
DF,Distrito Federal,Brasília,Ceilândia
DF,Distrito Federal,Brasília,Ceilândia Centro
DF,Distrito Federal,Brasília,Ceilândia Norte
DF,Distrito Federal,Brasília,Ceilândia Sul
DF,Distrito Federal,Brasília,Centro
DF,Distrito Federal,Brasília,Centro Clínico Sul
DF,Distrito Federal,Brasília,Centro Empl Norte
DF,Distrito Federal,Brasília,Centro Empresarial Brasília
DF,Distrito Federal,Brasília,Centro Empresarial Norte
DF,Distrito Federal,Brasília,Centro Norte
DF,Distrito Federal,Brasília,Cia
DF,Distrito Federal,Brasília,Cidade Automóvel
DF,Distrito Federal,Brasília,Cidade Estrutural
DF,Distrito Federal,Brasília,Cidade Santa Maria
DF,Distrito Federal,Brasília,Col Agric Vicente Pires
DF,Distrito Federal,Brasília,Colégio Agrícola Vicente Pires
DF,Distrito Federal,Brasília,Colonia Arniqueira
DF,Distrito Federal,Brasília,Colônia Vicente Pires
DF,Distrito Federal,Brasília,Colorado
DF,Distrito Federal,Brasília,Comercial Sul
DF,Distrito Federal,Brasília,Comercial Veredas
DF,Distrito Federal,Brasília,Comércio Local Norte
DF,Distrito Federal,Brasília,Cond Porto Seguro
DF,Distrito Federal,Brasília,Cond Qta Alvorada
DF,Distrito Federal,Brasília,Cond Qts Alvorada
DF,Distrito Federal,Brasília,Condomínio Quinta Alvorada
DF,Distrito Federal,Brasília,Conic
DF,Distrito Federal,Brasília,Conjunto Nacional
DF,Distrito Federal,Brasília,Coopa Df
DF,Distrito Federal,Brasília,Cruzeiro
DF,Distrito Federal,Brasília,Cruzeiro Novo
DF,Distrito Federal,Brasília,Cruzeiro Velho
DF,Distrito Federal,Brasília,Dagosul
DF,Distrito Federal,Brasília,Em Bairro
DF,Distrito Federal,Brasília,Embaixada Sul
DF,Distrito Federal,Brasília,Esplanada ii
DF,Distrito Federal,Brasília,Fashion Park
DF,Distrito Federal,Brasília,Fercal
DF,Distrito Federal,Brasília,Formosa
DF,Distrito Federal,Brasília,Gama
DF,Distrito Federal,Brasília,Gama Leste
DF,Distrito Federal,Brasília,Gráfico de Taguatinga
DF,Distrito Federal,Brasília,Grande Colorado
DF,Distrito Federal,Brasília,Granja Torto
DF,Distrito Federal,Brasília,Grará
DF,Distrito Federal,Brasília,Grmada Central
DF,Distrito Federal,Brasília,Guamá II
DF,Distrito Federal,Brasília,Guara
DF,Distrito Federal,Brasília,Guará 1
DF,Distrito Federal,Brasília,Guará i
DF,Distrito Federal,Brasília,Guará ii
DF,Distrito Federal,Brasília,Guará ll
DF,Distrito Federal,Brasília,Guara Sia
DF,Distrito Federal,Brasília,Guaraí
DF,Distrito Federal,Brasília,Guariroba
DF,Distrito Federal,Brasília,Guiará II
DF,Distrito Federal,Brasília,Gurara II
DF,Distrito Federal,Brasília,Industrial
DF,Distrito Federal,Brasília,Itaguatinga
DF,Distrito Federal,Brasília,Jardim Botânico
DF,Distrito Federal,Brasília,Jd Botânico Lago Sul
DF,Distrito Federal,Brasília,Jd Roriz
DF,Distrito Federal,Brasília,Lago Azul
DF,Distrito Federal,Brasília,Lago Norte
DF,Distrito Federal,Brasília,Lago Oeste
DF,Distrito Federal,Brasília,Lago Sul
DF,Distrito Federal,Brasília,Largo Norte
DF,Distrito Federal,Brasília,Leste
DF,Distrito Federal,Brasília,Lg Sul
DF,Distrito Federal,Brasília,M Norte
DF,Distrito Federal,Brasília,Manhattan Plaza
DF,Distrito Federal,Brasília,Mansões Centro-Oeste
DF,Distrito Federal,Brasília,Mansões Samambaia Sul
DF,Distrito Federal,Brasília,Mestre Darmas
DF,Distrito Federal,Brasília,Metropolitana
DF,Distrito Federal,Brasília,Mix Park Sul
DF,Distrito Federal,Brasília,Morada Nobre
DF,Distrito Federal,Brasília,Morro Azul
DF,Distrito Federal,Brasília,N Bandeirantes
DF,Distrito Federal,Brasília,N. Bandeirante
DF,Distrito Federal,Brasília,Norte
DF,Distrito Federal,Brasília,Norte (Águas Claras)
DF,Distrito Federal,Brasília,Norte (Águas Claras)
DF,Distrito Federal,Brasília,Novo Gama
DF,Distrito Federal,Brasília,Nucleio Bandeirante
DF,Distrito Federal,Brasília,Núcleo Bandeirantes
DF,Distrito Federal,Brasília,Núcleo Bandeirate
DF,Distrito Federal,Brasília,Núcleo Bandrirante
DF,Distrito Federal,Brasília,Núcleo Rural
DF,Distrito Federal,Brasília,Ocidental Park
DF,Distrito Federal,Brasília,Octogonal
DF,Distrito Federal,Brasília,Octogonal Sul
DF,Distrito Federal,Brasília,Oeste
DF,Distrito Federal,Brasília,Oficinas Norte
DF,Distrito Federal,Brasília,P Norte
DF,Distrito Federal,Brasília,P Piloto
DF,Distrito Federal,Brasília,P. Sul
DF,Distrito Federal,Brasília,Padre Lúcio
DF,Distrito Federal,Brasília,Paranoã
DF,Distrito Federal,Brasília,Park Way
DF,Distrito Federal,Brasília,Parkshopping Guará
DF,Distrito Federal,Brasília,Parque Barragem Setor 1
DF,Distrito Federal,Brasília,Parque da Cidade
DF,Distrito Federal,Brasília,Parque Estrela Dalva
DF,Distrito Federal,Brasília,Parque Way
DF,Distrito Federal,Brasília,Pç do Bicalho 
DF,Distrito Federal,Brasília,Pedregal
DF,Distrito Federal,Brasília,Pistão Sul
DF,Distrito Federal,Brasília,Placa Mercedes
DF,Distrito Federal,Brasília,Planaltina
DF,Distrito Federal,Brasília,Planaltina Goiás
DF,Distrito Federal,Brasília,Plano Piloto
DF,Distrito Federal,Brasília,Plano Piloto Sul
DF,Distrito Federal,Brasília,Pólo de Modas Guará II
DF,Distrito Federal,Brasília,Pólo Modas
DF,Distrito Federal,Brasília,Povoado Bezerra
DF,Distrito Federal,Brasília,Praça Bicalho
DF,Distrito Federal,Brasília,Quintal Amarante
DF,Distrito Federal,Brasília,Rádio Center
DF,Distrito Federal,Brasília,Recanto
DF,Distrito Federal,Brasília,Recanto das Emas
DF,Distrito Federal,Brasília,Região dos Lagos
DF,Distrito Federal,Brasília,Riacho Fundo
DF,Distrito Federal,Brasília,Riacho Fundo i
DF,Distrito Federal,Brasília,Riacho Fundo ii
DF,Distrito Federal,Brasília,Riacho Fundo III
DF,Distrito Federal,Brasília,S De Oficinas Sul
DF,Distrito Federal,Brasília,S I A
DF,Distrito Federal,Brasília,S. De Rádio E Tv Sul
DF,Distrito Federal,Brasília,S/B
DF,Distrito Federal,Brasília,Saan
DF,Distrito Federal,Brasília,Samambaia
DF,Distrito Federal,Brasília,Samambaia Norte
DF,Distrito Federal,Brasília,Samambaia Sul
DF,Distrito Federal,Brasília,Santa Maria
DF,Distrito Federal,Brasília,Santa Maria Norte
DF,Distrito Federal,Brasília,Santa Maria Sul
DF,Distrito Federal,Brasília,Santo Oficinas Norte
DF,Distrito Federal,Brasília,São Sebastião
DF,Distrito Federal,Brasília,Scia
DF,Distrito Federal,Brasília,Sem Bairro
DF,Distrito Federal,Brasília,Set Hab I Sul
DF,Distrito Federal,Brasília,Setor  Clubes Esportivo Nort
DF,Distrito Federal,Brasília,Setor  Norte
DF,Distrito Federal,Brasília,Setor Asa Norte
DF,Distrito Federal,Brasília,Setor Asa Sul
DF,Distrito Federal,Brasília,Setor Autarquia Sul
DF,Distrito Federal,Brasília,Setor B Sul
DF,Distrito Federal,Brasília,Setor Bancário Norte
DF,Distrito Federal,Brasília,Setor Bancário Sul
DF,Distrito Federal,Brasília,Setor Central
DF,Distrito Federal,Brasília,Setor Clubes Norte
DF,Distrito Federal,Brasília,Setor Clubes Sul
DF,Distrito Federal,Brasília,Setor Comercial Norte
DF,Distrito Federal,Brasília,Setor Comercial Sul
DF,Distrito Federal,Brasília,Setor Comercial Sul Scs
DF,Distrito Federal,Brasília,Setor Contagem
DF,Distrito Federal,Brasília,Setor De Clubes
DF,Distrito Federal,Brasília,Setor de Clubes Esportivo
DF,Distrito Federal,Brasília,Setor de Clubes Esportivos Sul
DF,Distrito Federal,Brasília,Setor de Diversões Sul
DF,Distrito Federal,Brasília,Setor de Divisões Norte
DF,Distrito Federal,Brasília,Setor de Habitações
DF,Distrito Federal,Brasília,Setor de Habitações Indiv
DF,Distrito Federal,Brasília,Setor de Habitações Individuais Sul
DF,Distrito Federal,Brasília,Setor de Ind. Gráficas
DF,Distrito Federal,Brasília,Setor de Mansões Park
DF,Distrito Federal,Brasília,Setor de Rádio e Tv. Nort
DF,Distrito Federal,Brasília,Setor Desenvolvimento
DF,Distrito Federal,Brasília,Setor Diversões
DF,Distrito Federal,Brasília,Setor Gráfico
DF,Distrito Federal,Brasília,Setor Habitac Individ Norte
DF,Distrito Federal,Brasília,Setor Habitações Individu Sul
DF,Distrito Federal,Brasília,Setor Hospitalar
DF,Distrito Federal,Brasília,Setor Hoteleiro Norte
DF,Distrito Federal,Brasília,Setor Ind. Gráfica
DF,Distrito Federal,Brasília,Setor Indústria Gráficas
DF,Distrito Federal,Brasília,Setor Industrial
DF,Distrito Federal,Brasília,Setor Indústrias Gráficas
DF,Distrito Federal,Brasília,Setor Leste
DF,Distrito Federal,Brasília,Setor Leste Comercial
DF,Distrito Federal,Brasília,Setor Leste Industrial
DF,Distrito Federal,Brasília,Setor Mandu
DF,Distrito Federal,Brasília,Setor Mansões
DF,Distrito Federal,Brasília,Setor Mansões Park Way
DF,Distrito Federal,Brasília,Setor Militar Urbano
DF,Distrito Federal,Brasília,Setor Norte Gama
DF,Distrito Federal,Brasília,Setor o
DF,Distrito Federal,Brasília,Setor Oeste
DF,Distrito Federal,Brasília,Setor Oficina Norte
DF,Distrito Federal,Brasília,Setor Oficina Sudoeste
DF,Distrito Federal,Brasília,Setor Oficinas
DF,Distrito Federal,Brasília,Setor Oficinas Sul
DF,Distrito Federal,Brasília,Setor Persul
DF,Distrito Federal,Brasília,Setor Placa Mercedes
DF,Distrito Federal,Brasília,Setor Policial
DF,Distrito Federal,Brasília,Setor Rádio e Televisão Sul
DF,Distrito Federal,Brasília,Setor Sudeste
DF,Distrito Federal,Brasília,Setor Sudoeste
DF,Distrito Federal,Brasília,Setor Sul
DF,Distrito Federal,Brasília,Setor Sul-Gama
DF,Distrito Federal,Brasília,Setor Taquari
DF,Distrito Federal,Brasília,Setor Tradicional
DF,Distrito Federal,Brasília,Setores Complementares
DF,Distrito Federal,Brasília,Setro de Hab Individuais Sul
DF,Distrito Federal,Brasília,SHIN
DF,Distrito Federal,Brasília,Shis
DF,Distrito Federal,Brasília,Shopping Asa Sul
DF,Distrito Federal,Brasília,Shopping Brasília
DF,Distrito Federal,Brasília,Sia
DF,Distrito Federal,Brasília,Sia Guará
DF,Distrito Federal,Brasília,Sia Sul
DF,Distrito Federal,Brasília,Sig
DF,Distrito Federal,Brasília,Sig Sul
DF,Distrito Federal,Brasília,SMHN
DF,Distrito Federal,Brasília,SMLN
DF,Distrito Federal,Brasília,SMPW
DF,Distrito Federal,Brasília,Sobradinho
DF,Distrito Federal,Brasília,Sobradinho II
DF,Distrito Federal,Brasília,SOF
DF,Distrito Federal,Brasília,Sof Sul
DF,Distrito Federal,Brasília,SRTVS
DF,Distrito Federal,Brasília,St A Sul
DF,Distrito Federal,Brasília,St Aeroporto
DF,Distrito Federal,Brasília,St B Norte
DF,Distrito Federal,Brasília,St C E Norte
DF,Distrito Federal,Brasília,St C E Sul
DF,Distrito Federal,Brasília,St Com Gama
DF,Distrito Federal,Brasília,St Complementares
DF,Distrito Federal,Brasília,St D Norte
DF,Distrito Federal,Brasília,St D Sul
DF,Distrito Federal,Brasília,St de Mansões Dom Bosco
DF,Distrito Federal,Brasília,St de Oficinas Norte
DF,Distrito Federal,Brasília,St De R. Tv Norte
DF,Distrito Federal,Brasília,St Diversão Norte
DF,Distrito Federal,Brasília,ST E  Sul Taguatinga
DF,Distrito Federal,Brasília,St G A Norte (Oeste)
DF,Distrito Federal,Brasília,St G A Sul (Leste)
DF,Distrito Federal,Brasília,St G A Sul (Leste)
DF,Distrito Federal,Brasília,St G A Sul (Oeste)
DF,Distrito Federal,Brasília,St G A Sul (Oeste)
DF,Distrito Federal,Brasília,St Grande Colorado
DF,Distrito Federal,Brasília,St H L Norte
DF,Distrito Federal,Brasília,St H Norte
DF,Distrito Federal,Brasília,St H Sul
DF,Distrito Federal,Brasília,St Hab 1 Sul
DF,Distrito Federal,Brasília,St Hab I Norte
DF,Distrito Federal,Brasília,St Hab I Sul
DF,Distrito Federal,Brasília,St Hab Individuais Sul
DF,Distrito Federal,Brasília,St Hab J. Botânico
DF,Distrito Federal,Brasília,St Hab l Sul
DF,Distrito Federal,Brasília,St Habitações Individuas Norte
DF,Distrito Federal,Brasília,St Hosp Local Norte
DF,Distrito Federal,Brasília,St Hoteleiro Sul
DF,Distrito Federal,Brasília,St Ind E Abast
DF,Distrito Federal,Brasília,St Indústria Gráfica
DF,Distrito Federal,Brasília,St M H Sul
DF,Distrito Federal,Brasília,St M Norte
DF,Distrito Federal,Brasília,St M P Way
DF,Distrito Federal,Brasília,St Mansões Park Wauy
DF,Distrito Federal,Brasília,St Noroeste
DF,Distrito Federal,Brasília,St Oficina Sul
DF,Distrito Federal,Brasília,St R T Norte
DF,Distrito Federal,Brasília,St R T Sul
DF,Distrito Federal,Brasília,St Sl Gama
DF,Distrito Federal,Brasília,St. 'O' Ceilândia
DF,Distrito Federal,Brasília,St. Comercial Central
DF,Distrito Federal,Brasília,St. Comercial Centrral
DF,Distrito Federal,Brasília,St. Comercial Sul
DF,Distrito Federal,Brasília,St. de Mansões Parkway
DF,Distrito Federal,Brasília,St. Gráfico
DF,Distrito Federal,Brasília,St. Leste Universsitário
DF,Distrito Federal,Brasília,St. Sudoeste
DF,Distrito Federal,Brasília,Sudeoste
DF,Distrito Federal,Brasília,Sudoeste
DF,Distrito Federal,Brasília,Sudoete
DF,Distrito Federal,Brasília,Sul (Águas Claras)
DF,Distrito Federal,Brasília,Sul Águas Claras
DF,Distrito Federal,Brasília,Suldoeste
DF,Distrito Federal,Brasília,Sz Industrial
DF,Distrito Federal,Brasília,Tag Norte
DF,Distrito Federal,Brasília,Tag. Sul
DF,Distrito Federal,Brasília,Tagatinga Norte
DF,Distrito Federal,Brasília,Taguainga Norte
DF,Distrito Federal,Brasília,Taguantinga Norte
DF,Distrito Federal,Brasília,Taguatiga Norte
DF,Distrito Federal,Brasília,Taguatina
DF,Distrito Federal,Brasília,Taguatina Norte
DF,Distrito Federal,Brasília,Taguatinga
DF,Distrito Federal,Brasília,Taguatinga Centro
DF,Distrito Federal,Brasília,Taguatinga Norte
DF,Distrito Federal,Brasília,Taguatinga Sul
DF,Distrito Federal,Brasília,Taguatingua Norte
DF,Distrito Federal,Brasília,Taguatinha
DF,Distrito Federal,Brasília,Taquari Tr 1
DF,Distrito Federal,Brasília,Taquatinga
DF,Distrito Federal,Brasília,Taquatinga Norte
DF,Distrito Federal,Brasília,Taquatinga Sul
DF,Distrito Federal,Brasília,Valparaíso
DF,Distrito Federal,Brasília,Valparaiso I - Etapa A
DF,Distrito Federal,Brasília,Varjão Torto
DF,Distrito Federal,Brasília,Verde
DF,Distrito Federal,Brasília,Vicente Pires
DF,Distrito Federal,Brasília,Vila Cauhy
DF,Distrito Federal,Brasília,Vila da Telebrasilia
DF,Distrito Federal,Brasília,Vila Estrutural
DF,Distrito Federal,Brasília,Vila Maria
DF,Distrito Federal,Brasília,Vila Nova
DF,Distrito Federal,Brasília,Vila Planalto
DF,Distrito Federal,Brasília,Vila Santa Rita
DF,Distrito Federal,Brasília,Vila Vicentina
DF,Distrito Federal,Brasília,W 3 Sul
DF,Distrito Federal,Brasília,W3 Sul
DF,Distrito Federal,Brasília,Z Civico-Administrat
DF,Distrito Federal,Brasília,Zona Cícico-Administrativ
DF,Distrito Federal,Brasília,Zona Cícico-Administrativa
DF,Distrito Federal,Brasília,Zona Civica Adm.
DF,Distrito Federal,Brasília,Zona Civico Administrativa
DF,Distrito Federal,Brasília,Zona Industrial
DF,Distrito Federal,Brasília,Zona Industrial (Guará)
DF,Distrito Federal,Brasília,Zona Industrial (Guará)
DF,Distrito Federal,Brasília,Zona Rural
DF,Distrito Federal,Asa Norte
DF,Distrito Federal,Asa Norte,Asa Norte
DF,Distrito Federal,Asa Norte,Caixa D' Agua
DF,Distrito Federal,Asa Norte,Sem Bairro
DF,Distrito Federal,Asa Norte,Zona Industrial
DF,Distrito Federal,Asa Sul
DF,Distrito Federal,Asa Sul,Acp Telebrasília
DF,Distrito Federal,Asa Sul,Asa Sul
DF,Distrito Federal,Asa Sul,Sem Bairro
DF,Distrito Federal,Brasília
DF,Distrito Federal,Brasília,0
DF,Distrito Federal,Brasília,A Claras
DF,Distrito Federal,Brasília,A Norte
DF,Distrito Federal,Brasília,A Sul
DF,Distrito Federal,Brasília,Acp Ceb
DF,Distrito Federal,Brasília,Acp Dfl
DF,Distrito Federal,Brasília,Acp Telebrasília
DF,Distrito Federal,Brasília,Acp Velhacap
DF,Distrito Federal,Brasília,ADE
DF,Distrito Federal,Brasília,Aeroporto
DF,Distrito Federal,Brasília,Águas Clara
DF,Distrito Federal,Brasília,Águas Claras
DF,Distrito Federal,Brasília,Ala Norte
DF,Distrito Federal,Brasília,America iii
DF,Distrito Federal,Brasília,Area Desenvolvimento
DF,Distrito Federal,Brasília,Área Especial
DF,Distrito Federal,Brasília,Área Octogonal
DF,Distrito Federal,Brasília,Areal
DF,Distrito Federal,Brasília,Areal Águas Claras
DF,Distrito Federal,Brasília,Areal(águas claras)
DF,Distrito Federal,Brasília,Asa
DF,Distrito Federal,Brasília,Asa Azul
DF,Distrito Federal,Brasília,Asa Norte
DF,Distrito Federal,Brasília,Asa Note
DF,Distrito Federal,Brasília,Asa Notre
DF,Distrito Federal,Brasília,Asa Sul
DF,Distrito Federal,Brasília,Asa Sul / Sobradinho
DF,Distrito Federal,Brasília,Asam Norte
DF,Distrito Federal,Brasília,AsaSul
DF,Distrito Federal,Brasília,B Grande Oriente
DF,Distrito Federal,Brasília,Balão Torto
DF,Distrito Federal,Brasília,Bandeirante
DF,Distrito Federal,Brasília,Bandeirantes
DF,Distrito Federal,Brasília,Bernardo Saião
DF,Distrito Federal,Brasília,Brasília
DF,Distrito Federal,Brasília,Braslândia
DF,Distrito Federal,Brasília,C Universitário
DF,Distrito Federal,Brasília,Campus Universitário
DF,Distrito Federal,Brasília,Candangolândia
DF,Distrito Federal,Brasília,Candangolânida
DF,Distrito Federal,Brasília,Ceilândia
DF,Distrito Federal,Brasília,Ceilândia Centro
DF,Distrito Federal,Brasília,Ceilândia Norte
DF,Distrito Federal,Brasília,Ceilândia Sul
DF,Distrito Federal,Brasília,Centro
DF,Distrito Federal,Brasília,Centro Clínico Sul
DF,Distrito Federal,Brasília,Centro Empl Norte
DF,Distrito Federal,Brasília,Centro Empresarial Brasília
DF,Distrito Federal,Brasília,Centro Empresarial Norte
DF,Distrito Federal,Brasília,Centro Norte
DF,Distrito Federal,Brasília,Cia
DF,Distrito Federal,Brasília,Cidade Automóvel
DF,Distrito Federal,Brasília,Cidade Estrutural
DF,Distrito Federal,Brasília,Cidade Santa Maria
DF,Distrito Federal,Brasília,Col Agric Vicente Pires
DF,Distrito Federal,Brasília,Colégio Agrícola Vicente Pires
DF,Distrito Federal,Brasília,Colonia Arniqueira
DF,Distrito Federal,Brasília,Colônia Vicente Pires
DF,Distrito Federal,Brasília,Colorado
DF,Distrito Federal,Brasília,Comercial Sul
DF,Distrito Federal,Brasília,Comercial Veredas
DF,Distrito Federal,Brasília,Comércio Local Norte
DF,Distrito Federal,Brasília,Cond Porto Seguro
DF,Distrito Federal,Brasília,Cond Qta Alvorada
DF,Distrito Federal,Brasília,Cond Qts Alvorada
DF,Distrito Federal,Brasília,Condomínio Quinta Alvorada
DF,Distrito Federal,Brasília,Conic
DF,Distrito Federal,Brasília,Conjunto Nacional
DF,Distrito Federal,Brasília,Coopa Df
DF,Distrito Federal,Brasília,Cruzeiro
DF,Distrito Federal,Brasília,Cruzeiro Novo
DF,Distrito Federal,Brasília,Cruzeiro Velho
DF,Distrito Federal,Brasília,Dagosul
DF,Distrito Federal,Brasília,Em Bairro
DF,Distrito Federal,Brasília,Embaixada Sul
DF,Distrito Federal,Brasília,Esplanada ii
DF,Distrito Federal,Brasília,Fashion Park
DF,Distrito Federal,Brasília,Fercal
DF,Distrito Federal,Brasília,Formosa
DF,Distrito Federal,Brasília,Gama
DF,Distrito Federal,Brasília,Gama Leste
DF,Distrito Federal,Brasília,Gráfico de Taguatinga
DF,Distrito Federal,Brasília,Grande Colorado
DF,Distrito Federal,Brasília,Granja Torto
DF,Distrito Federal,Brasília,Grará
DF,Distrito Federal,Brasília,Grmada Central
DF,Distrito Federal,Brasília,Guamá II
DF,Distrito Federal,Brasília,Guara
DF,Distrito Federal,Brasília,Guará 1
DF,Distrito Federal,Brasília,Guará i
DF,Distrito Federal,Brasília,Guará ii
DF,Distrito Federal,Brasília,Guará ll
DF,Distrito Federal,Brasília,Guara Sia
DF,Distrito Federal,Brasília,Guaraí
DF,Distrito Federal,Brasília,Guariroba
DF,Distrito Federal,Brasília,Guiará II
DF,Distrito Federal,Brasília,Gurara II
DF,Distrito Federal,Brasília,Industrial
DF,Distrito Federal,Brasília,Itaguatinga
DF,Distrito Federal,Brasília,Jardim Botânico
DF,Distrito Federal,Brasília,Jd Botânico Lago Sul
DF,Distrito Federal,Brasília,Jd Roriz
DF,Distrito Federal,Brasília,Lago Azul
DF,Distrito Federal,Brasília,Lago Norte
DF,Distrito Federal,Brasília,Lago Oeste
DF,Distrito Federal,Brasília,Lago Sul
DF,Distrito Federal,Brasília,Largo Norte
DF,Distrito Federal,Brasília,Leste
DF,Distrito Federal,Brasília,Lg Sul
DF,Distrito Federal,Brasília,M Norte
DF,Distrito Federal,Brasília,Manhattan Plaza
DF,Distrito Federal,Brasília,Mansões Centro-Oeste
DF,Distrito Federal,Brasília,Mansões Samambaia Sul
DF,Distrito Federal,Brasília,Mestre Darmas
DF,Distrito Federal,Brasília,Metropolitana
DF,Distrito Federal,Brasília,Mix Park Sul
DF,Distrito Federal,Brasília,Morada Nobre
DF,Distrito Federal,Brasília,Morro Azul
DF,Distrito Federal,Brasília,N Bandeirantes
DF,Distrito Federal,Brasília,N. Bandeirante
DF,Distrito Federal,Brasília,Norte
DF,Distrito Federal,Brasília,Norte (Águas Claras)
DF,Distrito Federal,Brasília,Norte (Águas Claras)
DF,Distrito Federal,Brasília,Novo Gama
DF,Distrito Federal,Brasília,Nucleio Bandeirante
DF,Distrito Federal,Brasília,Núcleo Bandeirantes
DF,Distrito Federal,Brasília,Núcleo Bandeirate
DF,Distrito Federal,Brasília,Núcleo Bandrirante
DF,Distrito Federal,Brasília,Núcleo Rural
DF,Distrito Federal,Brasília,Ocidental Park
DF,Distrito Federal,Brasília,Octogonal
DF,Distrito Federal,Brasília,Octogonal Sul
DF,Distrito Federal,Brasília,Oeste
DF,Distrito Federal,Brasília,Oficinas Norte
DF,Distrito Federal,Brasília,P Norte
DF,Distrito Federal,Brasília,P Piloto
DF,Distrito Federal,Brasília,P. Sul
DF,Distrito Federal,Brasília,Padre Lúcio
DF,Distrito Federal,Brasília,Paranoã
DF,Distrito Federal,Brasília,Park Way
DF,Distrito Federal,Brasília,Parkshopping Guará
DF,Distrito Federal,Brasília,Parque Barragem Setor 1
DF,Distrito Federal,Brasília,Parque da Cidade
DF,Distrito Federal,Brasília,Parque Estrela Dalva
DF,Distrito Federal,Brasília,Parque Way
DF,Distrito Federal,Brasília,Pç do Bicalho 
DF,Distrito Federal,Brasília,Pedregal
DF,Distrito Federal,Brasília,Pistão Sul
DF,Distrito Federal,Brasília,Placa Mercedes
DF,Distrito Federal,Brasília,Planaltina
DF,Distrito Federal,Brasília,Planaltina Goiás
DF,Distrito Federal,Brasília,Plano Piloto
DF,Distrito Federal,Brasília,Plano Piloto Sul
DF,Distrito Federal,Brasília,Pólo de Modas Guará II
DF,Distrito Federal,Brasília,Pólo Modas
DF,Distrito Federal,Brasília,Povoado Bezerra
DF,Distrito Federal,Brasília,Praça Bicalho
DF,Distrito Federal,Brasília,Quintal Amarante
DF,Distrito Federal,Brasília,Rádio Center
DF,Distrito Federal,Brasília,Recanto
DF,Distrito Federal,Brasília,Recanto das Emas
DF,Distrito Federal,Brasília,Região dos Lagos
DF,Distrito Federal,Brasília,Riacho Fundo
DF,Distrito Federal,Brasília,Riacho Fundo i
DF,Distrito Federal,Brasília,Riacho Fundo ii
DF,Distrito Federal,Brasília,Riacho Fundo III
DF,Distrito Federal,Brasília,S De Oficinas Sul
DF,Distrito Federal,Brasília,S I A
DF,Distrito Federal,Brasília,S. De Rádio E Tv Sul
DF,Distrito Federal,Brasília,S/B
DF,Distrito Federal,Brasília,Saan
DF,Distrito Federal,Brasília,Samambaia
DF,Distrito Federal,Brasília,Samambaia Norte
DF,Distrito Federal,Brasília,Samambaia Sul
DF,Distrito Federal,Brasília,Santa Maria
DF,Distrito Federal,Brasília,Santa Maria Norte
DF,Distrito Federal,Brasília,Santa Maria Sul
DF,Distrito Federal,Brasília,Santo Oficinas Norte
DF,Distrito Federal,Brasília,São Sebastião
DF,Distrito Federal,Brasília,Scia
DF,Distrito Federal,Brasília,Sem Bairro
DF,Distrito Federal,Brasília,Set Hab I Sul
DF,Distrito Federal,Brasília,Setor  Clubes Esportivo Nort
DF,Distrito Federal,Brasília,Setor  Norte
DF,Distrito Federal,Brasília,Setor Asa Norte
DF,Distrito Federal,Brasília,Setor Asa Sul
DF,Distrito Federal,Brasília,Setor Autarquia Sul
DF,Distrito Federal,Brasília,Setor B Sul
DF,Distrito Federal,Brasília,Setor Bancário Norte
DF,Distrito Federal,Brasília,Setor Bancário Sul
DF,Distrito Federal,Brasília,Setor Central
DF,Distrito Federal,Brasília,Setor Clubes Norte
DF,Distrito Federal,Brasília,Setor Clubes Sul
DF,Distrito Federal,Brasília,Setor Comercial Norte
DF,Distrito Federal,Brasília,Setor Comercial Sul
DF,Distrito Federal,Brasília,Setor Comercial Sul Scs
DF,Distrito Federal,Brasília,Setor Contagem
DF,Distrito Federal,Brasília,Setor De Clubes
DF,Distrito Federal,Brasília,Setor de Clubes Esportivo
DF,Distrito Federal,Brasília,Setor de Clubes Esportivos Sul
DF,Distrito Federal,Brasília,Setor de Diversões Sul
DF,Distrito Federal,Brasília,Setor de Divisões Norte
DF,Distrito Federal,Brasília,Setor de Habitações
DF,Distrito Federal,Brasília,Setor de Habitações Indiv
DF,Distrito Federal,Brasília,Setor de Habitações Individuais Sul
DF,Distrito Federal,Brasília,Setor de Ind. Gráficas
DF,Distrito Federal,Brasília,Setor de Mansões Park
DF,Distrito Federal,Brasília,Setor de Rádio e Tv. Nort
DF,Distrito Federal,Brasília,Setor Desenvolvimento
DF,Distrito Federal,Brasília,Setor Diversões
DF,Distrito Federal,Brasília,Setor Gráfico
DF,Distrito Federal,Brasília,Setor Habitac Individ Norte
DF,Distrito Federal,Brasília,Setor Habitações Individu Sul
DF,Distrito Federal,Brasília,Setor Hospitalar
DF,Distrito Federal,Brasília,Setor Hoteleiro Norte
DF,Distrito Federal,Brasília,Setor Ind. Gráfica
DF,Distrito Federal,Brasília,Setor Indústria Gráficas
DF,Distrito Federal,Brasília,Setor Industrial
DF,Distrito Federal,Brasília,Setor Indústrias Gráficas
DF,Distrito Federal,Brasília,Setor Leste
DF,Distrito Federal,Brasília,Setor Leste Comercial
DF,Distrito Federal,Brasília,Setor Leste Industrial
DF,Distrito Federal,Brasília,Setor Mandu
DF,Distrito Federal,Brasília,Setor Mansões
DF,Distrito Federal,Brasília,Setor Mansões Park Way
DF,Distrito Federal,Brasília,Setor Militar Urbano
DF,Distrito Federal,Brasília,Setor Norte Gama
DF,Distrito Federal,Brasília,Setor o
DF,Distrito Federal,Brasília,Setor Oeste
DF,Distrito Federal,Brasília,Setor Oficina Norte
DF,Distrito Federal,Brasília,Setor Oficina Sudoeste
DF,Distrito Federal,Brasília,Setor Oficinas
DF,Distrito Federal,Brasília,Setor Oficinas Sul
DF,Distrito Federal,Brasília,Setor Persul
DF,Distrito Federal,Brasília,Setor Placa Mercedes
DF,Distrito Federal,Brasília,Setor Policial
DF,Distrito Federal,Brasília,Setor Rádio e Televisão Sul
DF,Distrito Federal,Brasília,Setor Sudeste
DF,Distrito Federal,Brasília,Setor Sudoeste
DF,Distrito Federal,Brasília,Setor Sul
DF,Distrito Federal,Brasília,Setor Sul-Gama
DF,Distrito Federal,Brasília,Setor Taquari
DF,Distrito Federal,Brasília,Setor Tradicional
DF,Distrito Federal,Brasília,Setores Complementares
DF,Distrito Federal,Brasília,Setro de Hab Individuais Sul
DF,Distrito Federal,Brasília,SHIN
DF,Distrito Federal,Brasília,Shis
DF,Distrito Federal,Brasília,Shopping Asa Sul
DF,Distrito Federal,Brasília,Shopping Brasília
DF,Distrito Federal,Brasília,Sia
DF,Distrito Federal,Brasília,Sia Guará
DF,Distrito Federal,Brasília,Sia Sul
DF,Distrito Federal,Brasília,Sig
DF,Distrito Federal,Brasília,Sig Sul
DF,Distrito Federal,Brasília,SMHN
DF,Distrito Federal,Brasília,SMLN
DF,Distrito Federal,Brasília,SMPW
DF,Distrito Federal,Brasília,Sobradinho
DF,Distrito Federal,Brasília,Sobradinho II
DF,Distrito Federal,Brasília,SOF
DF,Distrito Federal,Brasília,Sof Sul
DF,Distrito Federal,Brasília,SRTVS
DF,Distrito Federal,Brasília,St A Sul
DF,Distrito Federal,Brasília,St Aeroporto
DF,Distrito Federal,Brasília,St B Norte
DF,Distrito Federal,Brasília,St C E Norte
DF,Distrito Federal,Brasília,St C E Sul
DF,Distrito Federal,Brasília,St Com Gama
DF,Distrito Federal,Brasília,St Complementares
DF,Distrito Federal,Brasília,St D Norte
DF,Distrito Federal,Brasília,St D Sul
DF,Distrito Federal,Brasília,St de Mansões Dom Bosco
DF,Distrito Federal,Brasília,St de Oficinas Norte
DF,Distrito Federal,Brasília,St De R. Tv Norte
DF,Distrito Federal,Brasília,St Diversão Norte
DF,Distrito Federal,Brasília,ST E  Sul Taguatinga
DF,Distrito Federal,Brasília,St G A Norte (Oeste)
DF,Distrito Federal,Brasília,St G A Sul (Leste)
DF,Distrito Federal,Brasília,St G A Sul (Leste)
DF,Distrito Federal,Brasília,St G A Sul (Oeste)
DF,Distrito Federal,Brasília,St G A Sul (Oeste)
DF,Distrito Federal,Brasília,St Grande Colorado
DF,Distrito Federal,Brasília,St H L Norte
DF,Distrito Federal,Brasília,St H Norte
DF,Distrito Federal,Brasília,St H Sul
DF,Distrito Federal,Brasília,St Hab 1 Sul
DF,Distrito Federal,Brasília,St Hab I Norte
DF,Distrito Federal,Brasília,St Hab I Sul
DF,Distrito Federal,Brasília,St Hab Individuais Sul
DF,Distrito Federal,Brasília,St Hab J. Botânico
DF,Distrito Federal,Brasília,St Hab l Sul
DF,Distrito Federal,Brasília,St Habitações Individuas Norte
DF,Distrito Federal,Brasília,St Hosp Local Norte
DF,Distrito Federal,Brasília,St Hoteleiro Sul
DF,Distrito Federal,Brasília,St Ind E Abast
DF,Distrito Federal,Brasília,St Indústria Gráfica
DF,Distrito Federal,Brasília,St M H Sul
DF,Distrito Federal,Brasília,St M Norte
DF,Distrito Federal,Brasília,St M P Way
DF,Distrito Federal,Brasília,St Mansões Park Wauy
DF,Distrito Federal,Brasília,St Noroeste
DF,Distrito Federal,Brasília,St Oficina Sul
DF,Distrito Federal,Brasília,St R T Norte
DF,Distrito Federal,Brasília,St R T Sul
DF,Distrito Federal,Brasília,St Sl Gama
DF,Distrito Federal,Brasília,St. 'O' Ceilândia
DF,Distrito Federal,Brasília,St. Comercial Central
DF,Distrito Federal,Brasília,St. Comercial Centrral
DF,Distrito Federal,Brasília,St. Comercial Sul
DF,Distrito Federal,Brasília,St. de Mansões Parkway
DF,Distrito Federal,Brasília,St. Gráfico
DF,Distrito Federal,Brasília,St. Leste Universsitário
DF,Distrito Federal,Brasília,St. Sudoeste
DF,Distrito Federal,Brasília,Sudeoste
DF,Distrito Federal,Brasília,Sudoeste
DF,Distrito Federal,Brasília,Sudoete
DF,Distrito Federal,Brasília,Sul (Águas Claras)
DF,Distrito Federal,Brasília,Sul Águas Claras
DF,Distrito Federal,Brasília,Suldoeste
DF,Distrito Federal,Brasília,Sz Industrial
DF,Distrito Federal,Brasília,Tag Norte
DF,Distrito Federal,Brasília,Tag. Sul
DF,Distrito Federal,Brasília,Tagatinga Norte
DF,Distrito Federal,Brasília,Taguainga Norte
DF,Distrito Federal,Brasília,Taguantinga Norte
DF,Distrito Federal,Brasília,Taguatiga Norte
DF,Distrito Federal,Brasília,Taguatina
DF,Distrito Federal,Brasília,Taguatina Norte
DF,Distrito Federal,Brasília,Taguatinga
DF,Distrito Federal,Brasília,Taguatinga Centro
DF,Distrito Federal,Brasília,Taguatinga Norte
DF,Distrito Federal,Brasília,Taguatinga Sul
DF,Distrito Federal,Brasília,Taguatingua Norte
DF,Distrito Federal,Brasília,Taguatinha
DF,Distrito Federal,Brasília,Taquari Tr 1
DF,Distrito Federal,Brasília,Taquatinga
DF,Distrito Federal,Brasília,Taquatinga Norte
DF,Distrito Federal,Brasília,Taquatinga Sul
DF,Distrito Federal,Brasília,Valparaíso
DF,Distrito Federal,Brasília,Valparaiso I - Etapa A
DF,Distrito Federal,Brasília,Varjão Torto
DF,Distrito Federal,Brasília,Verde
DF,Distrito Federal,Brasília,Vicente Pires
DF,Distrito Federal,Brasília,Vila Cauhy
DF,Distrito Federal,Brasília,Vila da Telebrasilia
DF,Distrito Federal,Brasília,Vila Estrutural
DF,Distrito Federal,Brasília,Vila Maria
DF,Distrito Federal,Brasília,Vila Nova
DF,Distrito Federal,Brasília,Vila Planalto
DF,Distrito Federal,Brasília,Vila Santa Rita
DF,Distrito Federal,Brasília,Vila Vicentina
DF,Distrito Federal,Brasília,W 3 Sul
DF,Distrito Federal,Brasília,W3 Sul
DF,Distrito Federal,Brasília,Z Civico-Administrat
DF,Distrito Federal,Brasília,Zona Cícico-Administrativ
DF,Distrito Federal,Brasília,Zona Cícico-Administrativa
DF,Distrito Federal,Brasília,Zona Civica Adm.
DF,Distrito Federal,Brasília,Zona Civico Administrativa
DF,Distrito Federal,Brasília,Zona Industrial
DF,Distrito Federal,Brasília,Zona Industrial (Guará)
DF,Distrito Federal,Brasília,Zona Industrial (Guará)
DF,Distrito Federal,Brasília,Zona Rural
DF,Distrito Federal,Brazlândia
DF,Distrito Federal,Brazlândia,Alexandre Gusmão
DF,Distrito Federal,Brazlândia,Asa Norte
DF,Distrito Federal,Brazlândia,Norte
DF,Distrito Federal,Brazlândia,Plano Piloto
DF,Distrito Federal,Brazlândia,Setor Norte
DF,Distrito Federal,Brazlândia,Setor Sul
DF,Distrito Federal,Brazlândia,Setor Tradicional
DF,Distrito Federal,Brazlândia,Valparaíso ii
DF,Distrito Federal,Brazlândia,Veredas
DF,Distrito Federal,Brazlândia,Vila São José
DF,Distrito Federal,Candangolândia
DF,Distrito Federal,Candangolândia,Candangolândia
DF,Distrito Federal,Candangolândia,Núcleo Bandeirante
DF,Distrito Federal,Candangolândia,Poços Saída Sul
DF,Distrito Federal,Candangolândia
DF,Distrito Federal,Ceilândia
DF,Distrito Federal,Ceilândia,A.D.E. - Centro Norte
DF,Distrito Federal,Ceilândia,Ade Centro Norte
DF,Distrito Federal,Ceilândia,Area de Des. Econ. (C. No
DF,Distrito Federal,Ceilândia,Area de Des. Econ. (C. Norte)
DF,Distrito Federal,Ceilândia,Area de Des. Econ. (C. Norte)
DF,Distrito Federal,Ceilândia,Área de Desenv Econ - Centro N
DF,Distrito Federal,Ceilândia,Área de Desenvol. Econôm
DF,Distrito Federal,Ceilândia,Área de Desenvolvimento
DF,Distrito Federal,Ceilândia,Área de Desenvolvimento E
DF,Distrito Federal,Ceilândia,Área de Desenvolvimento Econômico
DF,Distrito Federal,Ceilândia,Area Desenv Econ -Centro Norte
DF,Distrito Federal,Ceilândia,Área Desenv. Econ. C. Nor
DF,Distrito Federal,Ceilândia,Área Desenv. Econ. C. Norte
DF,Distrito Federal,Ceilândia,Ceil. Norte
DF,Distrito Federal,Ceilândia,Ceilânda Norte
DF,Distrito Federal,Ceilândia,Ceilandia
DF,Distrito Federal,Ceilândia,Ceilandia Centro
DF,Distrito Federal,Ceilândia,Ceilandia Norte
DF,Distrito Federal,Ceilândia,Ceilandia Setor Mar Const
DF,Distrito Federal,Ceilândia,Ceilândia Sul
DF,Distrito Federal,Ceilândia,Celândia Sul
DF,Distrito Federal,Ceilândia,Centro
DF,Distrito Federal,Ceilândia,Centro Norte
DF,Distrito Federal,Ceilândia,Cilândia Norte
DF,Distrito Federal,Ceilândia,Cond. Quintas do Amarante
DF,Distrito Federal,Ceilândia,Expansão do Setor O
DF,Distrito Federal,Ceilândia,Jardim Brasília
DF,Distrito Federal,Ceilândia,Norte
DF,Distrito Federal,Ceilândia,P Norte
DF,Distrito Federal,Ceilândia,Pistão Sul
DF,Distrito Federal,Ceilândia,ProDF T Sul
DF,Distrito Federal,Ceilândia,Sem Bairro
DF,Distrito Federal,Ceilândia,Setor Indust. Ceilândia
DF,Distrito Federal,Ceilândia,Setor Industrial
DF,Distrito Federal,Ceilândia,Setor Industrial Ceilândia
DF,Distrito Federal,Ceilândia,Setor Mat Construcao
DF,Distrito Federal,Ceilândia,Setor o
DF,Distrito Federal,Ceilândia,Setor p Sul
DF,Distrito Federal,Ceilândia,Setror Industrial
DF,Distrito Federal,Ceilândia,Smcc
DF,Distrito Federal,Ceilândia,Sobradinho
DF,Distrito Federal,Ceilândia,St Indust
DF,Distrito Federal,Ceilândia,St. Indústria
DF,Distrito Federal,Ceilândia,Taguatinga Norte
DF,Distrito Federal,Cruzeiro
DF,Distrito Federal,Cruzeiro,Área Octagonal
DF,Distrito Federal,Cruzeiro,Area Octogonal
DF,Distrito Federal,Cruzeiro,Cruzeiro
DF,Distrito Federal,Cruzeiro,Cruzeiro Novo
DF,Distrito Federal,Cruzeiro,Cruzeiro Velho
DF,Distrito Federal,Cruzeiro,Octogonal
DF,Distrito Federal,Cruzeiro,Sem Bairro
DF,Distrito Federal,Cruzeiro,Setor Oficina Sudoeste
DF,Distrito Federal,Cruzeiro,Setor Sudoeste
DF,Distrito Federal,Cruzeiro,Smu
DF,Distrito Federal,Cruzeiro,St.Sudoeste
DF,Distrito Federal,Cruzeiro,Sudoeste
DF,Distrito Federal,Gama
DF,Distrito Federal,Gama,72405610
DF,Distrito Federal,Gama,Boa Vista
DF,Distrito Federal,Gama,Central
DF,Distrito Federal,Gama,Cidade Nova
DF,Distrito Federal,Gama,Dvo
DF,Distrito Federal,Gama,Gama
DF,Distrito Federal,Gama,Gama Leste
DF,Distrito Federal,Gama,Gama Leste Comercial
DF,Distrito Federal,Gama,Gama Oeste
DF,Distrito Federal,Gama,Nuc R Casa Grande
DF,Distrito Federal,Gama,Núcleo Rural Casa Grande
DF,Distrito Federal,Gama,Pedregal
DF,Distrito Federal,Gama,Pistão Sul
DF,Distrito Federal,Gama,Ponte Alta Norte
DF,Distrito Federal,Gama,Pq. Urbano
DF,Distrito Federal,Gama,S Central
DF,Distrito Federal,Gama,Sem Bairro
DF,Distrito Federal,Gama,Setor Central
DF,Distrito Federal,Gama,Setor Central Comercial
DF,Distrito Federal,Gama,Setor Central Gama
DF,Distrito Federal,Gama,Setor De Indústria Gama
DF,Distrito Federal,Gama,Setor de Industriais
DF,Distrito Federal,Gama,Setor de Industrias
DF,Distrito Federal,Gama,Setor Industrial
DF,Distrito Federal,Gama,Setor Leste
DF,Distrito Federal,Gama,Setor Leste Comercial
DF,Distrito Federal,Gama,Setor Leste Industrial
DF,Distrito Federal,Gama,Setor Norte
DF,Distrito Federal,Gama,Setor Oeste
DF,Distrito Federal,Gama,Setor Oeste Gama
DF,Distrito Federal,Gama,Setor Sul
DF,Distrito Federal,Gama,Sítio Central
DF,Distrito Federal,Gama,St Comercial Leste Gama
DF,Distrito Federal,Gama,St Comercial Norte
DF,Distrito Federal,Gama,St Norte Gama
DF,Distrito Federal,Gama,St Oeste Comercial
DF,Distrito Federal,Gama,St. Central
DF,Distrito Federal,Gama,St. Leste
DF,Distrito Federal,Gama,St. Sul
DF,Distrito Federal,Gama,Sul do Gama
DF,Distrito Federal,Gama,Vila Roriz
DF,Distrito Federal,Guará
DF,Distrito Federal,Guará,Acp Ceb
DF,Distrito Federal,Guará,Águas Claras
DF,Distrito Federal,Guará,Asa Norte
DF,Distrito Federal,Guará,Asa Sul
DF,Distrito Federal,Guará,CIA
DF,Distrito Federal,Guará,Cidade Automovel
DF,Distrito Federal,Guará,Cidade Estrutural
DF,Distrito Federal,Guará,Col Agricola a Claras
DF,Distrito Federal,Guará,Comercio Local
DF,Distrito Federal,Guará,Distrito Industrial
DF,Distrito Federal,Guará,Estrutural
DF,Distrito Federal,Guará,Guara
DF,Distrito Federal,Guará,Guara i
DF,Distrito Federal,Guará,Guara ii
DF,Distrito Federal,Guará,Guará ll
DF,Distrito Federal,Guará,Guara Sia
DF,Distrito Federal,Guará,Plano Piloto
DF,Distrito Federal,Guará,Pólo de Modas
DF,Distrito Federal,Guará,Quadras Lúcio Costa
DF,Distrito Federal,Guará,Quiosque
DF,Distrito Federal,Guará,S de Oficinas Sul
DF,Distrito Federal,Guará,Sem Bairro
DF,Distrito Federal,Guará,Setor Industrial
DF,Distrito Federal,Guará,Setor Oeste (Vila Estrutural)
DF,Distrito Federal,Guará,Setor Oficinas Sul
DF,Distrito Federal,Guará,Setor Transporte de Carga
DF,Distrito Federal,Guará,Setor Transportes
DF,Distrito Federal,Guará,Setror Industrial
DF,Distrito Federal,Guará,Sia
DF,Distrito Federal,Guará,Sia Guará
DF,Distrito Federal,Guará,Sia Sul
DF,Distrito Federal,Guará,SIG
DF,Distrito Federal,Guará,Sof Sul
DF,Distrito Federal,Guará,St de Oficinas
DF,Distrito Federal,Guará,St Garagens
DF,Distrito Federal,Guará,St. De Indústria
DF,Distrito Federal,Guará,Vila Estrutural
DF,Distrito Federal,Guará,Vila Tecnológica
DF,Distrito Federal,Guará,Zona Industrial
DF,Distrito Federal,Guará,Zono Industrial
DF,Distrito Federal,Lago Norte
DF,Distrito Federal,Lago Norte,Setor de Habitação Indivi
DF,Distrito Federal,Lago Norte,Setor de Habitação Individuais Norte
DF,Distrito Federal,Lago Norte,Setor Habitacional Taquar
DF,Distrito Federal,Lago Norte,Setor Habitacional Taquari
DF,Distrito Federal,Lago Norte,Varjão do Torto
DF,Distrito Federal,Lago Sul
DF,Distrito Federal,Lago Sul,Lago Sul
DF,Distrito Federal,Lago Sul,Setor de Hab Individuais
DF,Distrito Federal,Lago Sul,Setor de Hab Individuais Sul
DF,Distrito Federal,Lago Sul,Setor de Habitações Indiv
DF,Distrito Federal,Lago Sul,Setor de Habitações Individuai
DF,Distrito Federal,Lago Sul,Setor de Habitações Individuais Sul
DF,Distrito Federal,Lago Sul,Setor de Mansões Dom Bosc
DF,Distrito Federal,Lago Sul,Setor de Mansões Dom Bosco
DF,Distrito Federal,Lago Sul,Setor Habitacional Jardim
DF,Distrito Federal,Lago Sul,Setor Habitacional Jardim Botânico
DF,Distrito Federal,Núcleo Bandeirante
DF,Distrito Federal,Núcleo Bandeirante,Águas Claras
DF,Distrito Federal,Núcleo Bandeirante,Arniqueira
DF,Distrito Federal,Núcleo Bandeirante,Centro
DF,Distrito Federal,Núcleo Bandeirante,Guara
DF,Distrito Federal,Núcleo Bandeirante,Industrial
DF,Distrito Federal,Núcleo Bandeirante,Metropolitana
DF,Distrito Federal,Núcleo Bandeirante,Núcleo Bamdeirante
DF,Distrito Federal,Núcleo Bandeirante,Núcleo Bandeirantes
DF,Distrito Federal,Núcleo Bandeirante,Park Way
DF,Distrito Federal,Núcleo Bandeirante,Placa da Mercedes
DF,Distrito Federal,Núcleo Bandeirante,Riacho Fundo Ii
DF,Distrito Federal,Núcleo Bandeirante,S I Bernar Saião
DF,Distrito Federal,Núcleo Bandeirante,S I Bernardo Sayão
DF,Distrito Federal,Núcleo Bandeirante,Sem Bairro
DF,Distrito Federal,Núcleo Bandeirante,Setor de Ind. Bernardo Sayao
DF,Distrito Federal,Núcleo Bandeirante,Setor de Inds. Bernardo S
DF,Distrito Federal,Núcleo Bandeirante,Setor de Inds. Bernardo Sayão
DF,Distrito Federal,Núcleo Bandeirante,Setor Industrial bern Sayão
DF,Distrito Federal,Núcleo Bandeirante,Setor Industrial Bernardo Sayão
DF,Distrito Federal,Núcleo Bandeirante,Setor Mansões Park
DF,Distrito Federal,Núcleo Bandeirante,Setor Mansoes Park Way
DF,Distrito Federal,Núcleo Bandeirante,Sibs
DF,Distrito Federal,Núcleo Bandeirante,Smpw
DF,Distrito Federal,Núcleo Bandeirante,Sopi
DF,Distrito Federal,Núcleo Bandeirante,St de Indústrias
DF,Distrito Federal,Núcleo Bandeirante,St de Oficinas
DF,Distrito Federal,Núcleo Bandeirante,St Indústrias Bernardo Sa
DF,Distrito Federal,Núcleo Bandeirante,St Indústrias Bernardo Sayão
DF,Distrito Federal,Núcleo Bandeirante,St M Park Way
DF,Distrito Federal,Núcleo Bandeirante,St Man Park Way
DF,Distrito Federal,Núcleo Bandeirante,St Placa Mercedes
DF,Distrito Federal,Núcleo Bandeirante,Vila Kauí
DF,Distrito Federal,Paranoá
DF,Distrito Federal,Paranoá,Bairro Paranoá
DF,Distrito Federal,Paranoá,Centro
DF,Distrito Federal,Paranoá,Itapoã
DF,Distrito Federal,Paranoá,Itapuã
DF,Distrito Federal,Paranoá,Paranoa
DF,Distrito Federal,Paranoá,Sem Bairro
DF,Distrito Federal,Planaltina
DF,Distrito Federal,Planaltina,Arapoanga
DF,Distrito Federal,Planaltina,Araponga
DF,Distrito Federal,Planaltina,Área Rural
DF,Distrito Federal,Planaltina,Estância Mestre D'Armas
DF,Distrito Federal,Planaltina,jardim Paquetá
DF,Distrito Federal,Planaltina,Jardim Roriz
DF,Distrito Federal,Planaltina,Leste
DF,Distrito Federal,Planaltina,Ns Fátima
DF,Distrito Federal,Planaltina,Planaltina
DF,Distrito Federal,Planaltina,Sem Bairro
DF,Distrito Federal,Planaltina,Setor Administrativo
DF,Distrito Federal,Planaltina,Setor Central
DF,Distrito Federal,Planaltina,Setor Comercial Central
DF,Distrito Federal,Planaltina,Setor Leste
DF,Distrito Federal,Planaltina,Setor Mansões Itiquira
DF,Distrito Federal,Planaltina,Setor Norte
DF,Distrito Federal,Planaltina,Setor Res Leste
DF,Distrito Federal,Planaltina,Setor Res Mestre D' Armas
DF,Distrito Federal,Planaltina,Setor Resid Norte a
DF,Distrito Federal,Planaltina,Setor Sul
DF,Distrito Federal,Planaltina,Setor Tradicional
DF,Distrito Federal,Planaltina,Sobradinho
DF,Distrito Federal,Planaltina,Sr R Leste
DF,Distrito Federal,Planaltina,St Res Norte/A
DF,Distrito Federal,Planaltina,St Res Norte/A
DF,Distrito Federal,Planaltina,St. R Norte
DF,Distrito Federal,Planaltina,Vale Amanhecer
DF,Distrito Federal,Planaltina,Vila Buriti
DF,Distrito Federal,Planaltina,Vila Buritis
DF,Distrito Federal,Planaltina,Vila Ns de Fátima
DF,Distrito Federal,Planaltina,Vila Vicentina
DF,Distrito Federal,Planaltina,Zru Dvo
DF,Distrito Federal,Recanto das Emas
DF,Distrito Federal,Recanto das Emas,Av. Recanto
DF,Distrito Federal,Recanto das Emas,Centro
DF,Distrito Federal,Recanto das Emas,Recanto Emas
DF,Distrito Federal,Recanto das Emas,Sem Bairro
DF,Distrito Federal,Riacho Fundo
DF,Distrito Federal,Riacho Fundo,Águas Claras
DF,Distrito Federal,Riacho Fundo,Area de Des. Econ. (A. Cl
DF,Distrito Federal,Riacho Fundo,Area de Des. Econ. (A. Claras)
DF,Distrito Federal,Riacho Fundo,Área de Desenvolvimento Econôm
DF,Distrito Federal,Riacho Fundo,Asa Norte
DF,Distrito Federal,Riacho Fundo,Riacho Fundo
DF,Distrito Federal,Riacho Fundo,Riacho Fundo 1
DF,Distrito Federal,Riacho Fundo,Riacho Fundo i
DF,Distrito Federal,Riacho Fundo,Riacho Fundo ii
DF,Distrito Federal,Riacho Fundo,Riacho Fundo l
DF,Distrito Federal,Riacho Fundo,Riacho Fundo ll
DF,Distrito Federal,Riacho Fundo,Sem Bairro
DF,Distrito Federal,Riacho Fundo,Zona Rural
DF,Distrito Federal,Samambaia
DF,Distrito Federal,Samambaia,Asa Norte
DF,Distrito Federal,Samambaia,Asa Sul
DF,Distrito Federal,Samambaia,Núcleo Bandeirante
DF,Distrito Federal,Samambaia,s Industrial
DF,Distrito Federal,Samambaia,Samabaia 
DF,Distrito Federal,Samambaia,Samabaia Norte 
DF,Distrito Federal,Samambaia,Samabaia Sul
DF,Distrito Federal,Samambaia,Samambaia
DF,Distrito Federal,Samambaia,Samambaia Norte
DF,Distrito Federal,Samambaia,Samambaia Sul
DF,Distrito Federal,Samambaia,Sem Bairro
DF,Distrito Federal,Samambaia,Setor Central
DF,Distrito Federal,Samambaia,Sul 
DF,Distrito Federal,Santa Maria
DF,Distrito Federal,Santa Maria,A Sul
DF,Distrito Federal,Santa Maria,Area Alfa
DF,Distrito Federal,Santa Maria,Pólo Desenv Jk
DF,Distrito Federal,Santa Maria,Res Santos Dumont
DF,Distrito Federal,Santa Maria,Resid Santa Maria
DF,Distrito Federal,Santa Maria,Santa Maria
DF,Distrito Federal,Santa Maria,Santa Maria Norte
DF,Distrito Federal,Santa Maria,Santa Maria Sul
DF,Distrito Federal,Santa Maria,Sem Bairro
DF,Distrito Federal,Santa Maria,Setor Norte
DF,Distrito Federal,Santa Maria,Sítio do Gama
DF,Distrito Federal,Santa Maria,St Hab I Norte
DF,Distrito Federal,São Sebastião
DF,Distrito Federal,São Sebastião,Bela Vista
DF,Distrito Federal,São Sebastião,Bonsucesso
DF,Distrito Federal,São Sebastião,Centro
DF,Distrito Federal,São Sebastião,Chacara Santa Edvirges
DF,Distrito Federal,São Sebastião,Etapa i
DF,Distrito Federal,São Sebastião,Etapa ii
DF,Distrito Federal,São Sebastião,Joao Candido
DF,Distrito Federal,São Sebastião,Morro Azul
DF,Distrito Federal,São Sebastião,Morro da Cruz
DF,Distrito Federal,São Sebastião,Resid do Bosque
DF,Distrito Federal,São Sebastião,Residencial Vitória
DF,Distrito Federal,São Sebastião,São Bartolomeu
DF,Distrito Federal,São Sebastião,São Cristovão
DF,Distrito Federal,São Sebastião,São Francisco
DF,Distrito Federal,São Sebastião,São José
DF,Distrito Federal,São Sebastião,Sao Sebastiao
DF,Distrito Federal,São Sebastião,Sem Bairro
DF,Distrito Federal,São Sebastião,Setor Oeste
DF,Distrito Federal,São Sebastião,Setor Tradicional
DF,Distrito Federal,São Sebastião,St Resid Oeste
DF,Distrito Federal,São Sebastião,Tororó
DF,Distrito Federal,São Sebastião,Vila Nova
DF,Distrito Federal,São Sebastião,Vila São José
DF,Distrito Federal,São Sebastião,Vl do Boa
DF,Distrito Federal,Sobradinho
DF,Distrito Federal,Sobradinho,Bananal/Eng Velho
DF,Distrito Federal,Sobradinho,Bananal/Fercal
DF,Distrito Federal,Sobradinho,Caixa D' Agua
DF,Distrito Federal,Sobradinho,Chácara Planalto 3
DF,Distrito Federal,Sobradinho,Colorado
DF,Distrito Federal,Sobradinho,Cond Eng Velho
DF,Distrito Federal,Sobradinho,Contagem
DF,Distrito Federal,Sobradinho,Expansão Econômica
DF,Distrito Federal,Sobradinho,Expansão Sobd II
DF,Distrito Federal,Sobradinho,Fer Leste
DF,Distrito Federal,Sobradinho,Fercal
DF,Distrito Federal,Sobradinho,Fercal Leste
DF,Distrito Federal,Sobradinho,Grande Colorado
DF,Distrito Federal,Sobradinho,Itapuã
DF,Distrito Federal,Sobradinho,Lago Oeste
DF,Distrito Federal,Sobradinho,Nova Colina
DF,Distrito Federal,Sobradinho,Nucleo Rural
DF,Distrito Federal,Sobradinho,Nucleo Rural Lago Oeste
DF,Distrito Federal,Sobradinho,Pc Central
DF,Distrito Federal,Sobradinho,Região dos Lagos
DF,Distrito Federal,Sobradinho,Reigão dos Lagos
DF,Distrito Federal,Sobradinho,S Expansão Econômica
DF,Distrito Federal,Sobradinho,Samambaia Sul
DF,Distrito Federal,Sobradinho,Sem Bairro
DF,Distrito Federal,Sobradinho,Setor
DF,Distrito Federal,Sobradinho,Setor Chacaras
DF,Distrito Federal,Sobradinho,Setor de Mansões Sobradin
DF,Distrito Federal,Sobradinho,Setor de Mansões Sobradinho 2
DF,Distrito Federal,Sobradinho,Setor Econômico de Sobrad
DF,Distrito Federal,Sobradinho,Setor Econômico de Sobradinho
DF,Distrito Federal,Sobradinho,Setor Expansao Economica
DF,Distrito Federal,Sobradinho,Setor Habitacional C
DF,Distrito Federal,Sobradinho,Setor Habitacional Fercal
DF,Distrito Federal,Sobradinho,Setor Industria
DF,Distrito Federal,Sobradinho,Setor Industrial
DF,Distrito Federal,Sobradinho,Setor Mansoes
DF,Distrito Federal,Sobradinho,Setor Mansoes Sobradinho
DF,Distrito Federal,Sobradinho,Setor Mini Chácara
DF,Distrito Federal,Sobradinho,Setor Oeste
DF,Distrito Federal,Sobradinho,Sobradinho
DF,Distrito Federal,Sobradinho,Sobradinho i
DF,Distrito Federal,Sobradinho,Sobradinho ii
DF,Distrito Federal,Sobradinho,St  Mans Sobradinho
DF,Distrito Federal,Sobradinho,St 1
DF,Distrito Federal,Sobradinho,St 2
DF,Distrito Federal,Sobradinho,St 3
DF,Distrito Federal,Sobradinho,St 4
DF,Distrito Federal,Sobradinho,St 5
DF,Distrito Federal,Sobradinho,St 6
DF,Distrito Federal,Sobradinho,St 7
DF,Distrito Federal,Sobradinho,St Bancário
DF,Distrito Federal,Sobradinho,St De Oficinas
DF,Distrito Federal,Sobradinho,St Hoteleiro
DF,Distrito Federal,Sobradinho,Vila Industrial
DF,Distrito Federal,Taguatinga
DF,Distrito Federal,Taguatinga,Águas Clara
DF,Distrito Federal,Taguatinga,Águas Claras
DF,Distrito Federal,Taguatinga,Area de Des. Econ. (A. Cl
DF,Distrito Federal,Taguatinga,Area de Des. Econ. (A. Claras)
DF,Distrito Federal,Taguatinga,Area de Des. Econ. (A. Claras)
DF,Distrito Federal,Taguatinga,Área de Desenvolvimento E
DF,Distrito Federal,Taguatinga,Área de Desenvolvimento Econôm
DF,Distrito Federal,Taguatinga,Área de Desenvolvimento Econômico
DF,Distrito Federal,Taguatinga,Área de Desenvolvimento Econômico (Águas Claras)
DF,Distrito Federal,Taguatinga,Areal
DF,Distrito Federal,Taguatinga,Areal (Aguas Claras)
DF,Distrito Federal,Taguatinga,Areal Aguas Claras
DF,Distrito Federal,Taguatinga,Areal(Águas Claras)
DF,Distrito Federal,Taguatinga,Areial
DF,Distrito Federal,Taguatinga,Arniqueira QS 01
DF,Distrito Federal,Taguatinga,Arniqueiras
DF,Distrito Federal,Taguatinga,Asa Norte
DF,Distrito Federal,Taguatinga,Asa Sul
DF,Distrito Federal,Taguatinga,Ceilândia
DF,Distrito Federal,Taguatinga,Centro
DF,Distrito Federal,Taguatinga,Col Ag Vicente Pires
DF,Distrito Federal,Taguatinga,Col Agr Vicente Pires
DF,Distrito Federal,Taguatinga,Col Agrícola Samambaia
DF,Distrito Federal,Taguatinga,Col Agrícola Vicente
DF,Distrito Federal,Taguatinga,Col. Agríc. Vicente Pires
DF,Distrito Federal,Taguatinga,Col. Agrícola Vicente Pir
DF,Distrito Federal,Taguatinga,Col. Agrícola Vicente Pires
DF,Distrito Federal,Taguatinga,Colégio Agrícola Vicente Pires
DF,Distrito Federal,Taguatinga,Colonia Agricola v Pires
DF,Distrito Federal,Taguatinga,Colônia Agrícola Vicente
DF,Distrito Federal,Taguatinga,Colônia Agrícola Vicente Pires
DF,Distrito Federal,Taguatinga,Comercial Norte
DF,Distrito Federal,Taguatinga,Expansão Feira  Produtor
DF,Distrito Federal,Taguatinga,Guara
DF,Distrito Federal,Taguatinga,Guará ii
DF,Distrito Federal,Taguatinga,Lago Sul
DF,Distrito Federal,Taguatinga,Loja 1 Taguatinga Norte
DF,Distrito Federal,Taguatinga,Lt 403 Lj 5 Pistão Sul
DF,Distrito Federal,Taguatinga,m Norte
DF,Distrito Federal,Taguatinga,Norte
DF,Distrito Federal,Taguatinga,Norte (Águas Claras)
DF,Distrito Federal,Taguatinga,Norte Aguas Claras
DF,Distrito Federal,Taguatinga,Norte(Águas Claras)
DF,Distrito Federal,Taguatinga,Parque Way
DF,Distrito Federal,Taguatinga,Pistao Sul
DF,Distrito Federal,Taguatinga,Praça do Bicalho
DF,Distrito Federal,Taguatinga,PRO-DF Águas Claras
DF,Distrito Federal,Taguatinga,s Industrial
DF,Distrito Federal,Taguatinga,Samambaia
DF,Distrito Federal,Taguatinga,Samambaía do Sul
DF,Distrito Federal,Taguatinga,Samdu
DF,Distrito Federal,Taguatinga,Sem Bairro
DF,Distrito Federal,Taguatinga,Setor Centro Sul
DF,Distrito Federal,Taguatinga,Setor das Oficinas 
DF,Distrito Federal,Taguatinga,Setor de Des. Economico
DF,Distrito Federal,Taguatinga,Setor de Desenv. Econômico
DF,Distrito Federal,Taguatinga,Setor de Desenvolv Econômico
DF,Distrito Federal,Taguatinga,Setor de Desenvolvimento
DF,Distrito Federal,Taguatinga,Setor de Hab. Ind.Norte
DF,Distrito Federal,Taguatinga,Setor de Hab. Ind.Norte
DF,Distrito Federal,Taguatinga,Setor de Indústrias
DF,Distrito Federal,Taguatinga,Setor Habitacional Amique
DF,Distrito Federal,Taguatinga,Setor Habitacional Amiqueiras
DF,Distrito Federal,Taguatinga,Setor Habitacional Vicente Pires
DF,Distrito Federal,Taguatinga,Setor Industrial
DF,Distrito Federal,Taguatinga,Setor Mansoes
DF,Distrito Federal,Taguatinga,Setor Sul
DF,Distrito Federal,Taguatinga,St Indústria
DF,Distrito Federal,Taguatinga,St M Norte
DF,Distrito Federal,Taguatinga,St. Comercial Norte
DF,Distrito Federal,Taguatinga,St. Habitacional V.Pires
DF,Distrito Federal,Taguatinga,St. Habitacional V.Pires
DF,Distrito Federal,Taguatinga,St. Habitaional V.Pires
DF,Distrito Federal,Taguatinga,St. Habitaional V.Pires
DF,Distrito Federal,Taguatinga,Sudoeste
DF,Distrito Federal,Taguatinga,Sul
DF,Distrito Federal,Taguatinga,Sul (Águas Claras)
DF,Distrito Federal,Taguatinga,Sul Aguas Claras
DF,Distrito Federal,Taguatinga,T. Norte
DF,Distrito Federal,Taguatinga,Tag. Norte
DF,Distrito Federal,Taguatinga,Tagautinga 
DF,Distrito Federal,Taguatinga,Taguanorte
DF,Distrito Federal,Taguatinga,Taguantinga Centrro
DF,Distrito Federal,Taguatinga,Taguantinga Norte
DF,Distrito Federal,Taguatinga,Taguaringa Norte
DF,Distrito Federal,Taguatinga,Taguatina Norte
DF,Distrito Federal,Taguatinga,Taguatinda Norte
DF,Distrito Federal,Taguatinga,Taguatinga
DF,Distrito Federal,Taguatinga,Taguatinga Centro
DF,Distrito Federal,Taguatinga,Taguatinga Centro Norte
DF,Distrito Federal,Taguatinga,Taguatinga Norte
DF,Distrito Federal,Taguatinga,Taguatinga Notre
DF,Distrito Federal,Taguatinga,Taguatinga Sul
DF,Distrito Federal,Taguatinga,Taguatingaq
DF,Distrito Federal,Taguatinga,Taguatingua Norte
DF,Distrito Federal,Taguatinga,Taguatinha
DF,Distrito Federal,Taguatinga,Taguatringa Norte
DF,Distrito Federal,Taguatinga,Tagutinga Norte
DF,Distrito Federal,Taguatinga,Taquatinga
DF,Distrito Federal,Taguatinga,Taquatinga Norte
DF,Distrito Federal,Taguatinga,Via Estrutural
DF,Distrito Federal,Taguatinga,Vicente Pires
DF,Distrito Federal,Taguatinga,Vicente Reis
DF,Distrito Federal,Taguatinga,Vila Matias
