PB,Para√≠ba
PB,Para√≠ba,Jo„o Pessoa
PB,Para√≠ba,Jo„o Pessoa,Aeroclube
PB,Para√≠ba,Jo„o Pessoa,Aeroporto
PB,Para√≠ba,Jo„o Pessoa,Afogados
PB,Para√≠ba,Jo„o Pessoa,¡gua Fria
PB,Para√≠ba,Jo„o Pessoa,AlagadiÁo Novo
PB,Para√≠ba,Jo„o Pessoa,Altiplano
PB,Para√≠ba,Jo„o Pessoa,Altiplano Cabo Branco
PB,Para√≠ba,Jo„o Pessoa,Alto Branco
PB,Para√≠ba,Jo„o Pessoa,Alto CÈu
PB,Para√≠ba,Jo„o Pessoa,AnatÛlia
PB,Para√≠ba,Jo„o Pessoa,At. Mateus
PB,Para√≠ba,Jo„o Pessoa,Bairro do IpÍs
PB,Para√≠ba,Jo„o Pessoa,Banc·rios
PB,Para√≠ba,Jo„o Pessoa,Barra Grande
PB,Para√≠ba,Jo„o Pessoa,Beira Rio
PB,Para√≠ba,Jo„o Pessoa,Benedito Bentes
PB,Para√≠ba,Jo„o Pessoa,Bessa
PB,Para√≠ba,Jo„o Pessoa,Bisamar
PB,Para√≠ba,Jo„o Pessoa,Boa Vista
PB,Para√≠ba,Jo„o Pessoa,Bodocongo
PB,Para√≠ba,Jo„o Pessoa,Bom Pastor
PB,Para√≠ba,Jo„o Pessoa,Brismar
PB,Para√≠ba,Jo„o Pessoa,Cabedelo
PB,Para√≠ba,Jo„o Pessoa,Cabo Branco
PB,Para√≠ba,Jo„o Pessoa,Cajueiro
PB,Para√≠ba,Jo„o Pessoa,Campo Grande
PB,Para√≠ba,Jo„o Pessoa,Castelo Branco
PB,Para√≠ba,Jo„o Pessoa,Castelo Branco i
PB,Para√≠ba,Jo„o Pessoa,Castelo Branco ii
PB,Para√≠ba,Jo„o Pessoa,Castelo Branco III
PB,Para√≠ba,Jo„o Pessoa,CatolÈ
PB,Para√≠ba,Jo„o Pessoa,Cenro
PB,Para√≠ba,Jo„o Pessoa,Centro
PB,Para√≠ba,Jo„o Pessoa,Centro/Torre
PB,Para√≠ba,Jo„o Pessoa,Centro/Torre
PB,Para√≠ba,Jo„o Pessoa,Cidade Colibri
PB,Para√≠ba,Jo„o Pessoa,Cidade Colibris
PB,Para√≠ba,Jo„o Pessoa,Conde
PB,Para√≠ba,Jo„o Pessoa,Conjunto Omega
PB,Para√≠ba,Jo„o Pessoa,Cord„o Encarnado
PB,Para√≠ba,Jo„o Pessoa,Costa e Silva
PB,Para√≠ba,Jo„o Pessoa,Cristo
PB,Para√≠ba,Jo„o Pessoa,Cristo Redentor
PB,Para√≠ba,Jo„o Pessoa,Crus das Armas
PB,Para√≠ba,Jo„o Pessoa,Cruz das Almas
PB,Para√≠ba,Jo„o Pessoa,Cuia
PB,Para√≠ba,Jo„o Pessoa,Didtrito Industrial 
PB,Para√≠ba,Jo„o Pessoa,Dinamerica
PB,Para√≠ba,Jo„o Pessoa,Distrito Ind. Mangabeira
PB,Para√≠ba,Jo„o Pessoa,Distrito Industrial
PB,Para√≠ba,Jo„o Pessoa,Distrito Industrial Mangabeira
PB,Para√≠ba,Jo„o Pessoa,Distrito Mec‚nico
PB,Para√≠ba,Jo„o Pessoa,Ernani S·tiro
PB,Para√≠ba,Jo„o Pessoa,Ernesto Geisel
PB,Para√≠ba,Jo„o Pessoa,Esplanada
PB,Para√≠ba,Jo„o Pessoa,Estados
PB,Para√≠ba,Jo„o Pessoa,Expedicion·rios
PB,Para√≠ba,Jo„o Pessoa,Funcion·rios
PB,Para√≠ba,Jo„o Pessoa,Funcion·rios II
PB,Para√≠ba,Jo„o Pessoa,Funcion·rios III
PB,Para√≠ba,Jo„o Pessoa,Funcion·rios IV
PB,Para√≠ba,Jo„o Pessoa,Geisel
PB,Para√≠ba,Jo„o Pessoa,Gramame
PB,Para√≠ba,Jo„o Pessoa,Grot„o
PB,Para√≠ba,Jo„o Pessoa,Ilha do Bispo
PB,Para√≠ba,Jo„o Pessoa,Ind˙strias
PB,Para√≠ba,Jo„o Pessoa,Intermares
PB,Para√≠ba,Jo„o Pessoa,IpÍs
PB,Para√≠ba,Jo„o Pessoa,Jaguaribe
PB,Para√≠ba,Jo„o Pessoa,Jardim 13 de Maio
PB,Para√≠ba,Jo„o Pessoa,Jardim AmÈrico
PB,Para√≠ba,Jo„o Pessoa,Jardim Cepol
PB,Para√≠ba,Jo„o Pessoa,Jardim CID Universit·ria
PB,Para√≠ba,Jo„o Pessoa,Jardim Continental
PB,Para√≠ba,Jo„o Pessoa,Jardim das Ac·cias
PB,Para√≠ba,Jo„o Pessoa,Jardim EsperanÁa
PB,Para√≠ba,Jo„o Pessoa,Jardim Luna
PB,Para√≠ba,Jo„o Pessoa,Jardim Oceania
PB,Para√≠ba,Jo„o Pessoa,Jardim Planalto
PB,Para√≠ba,Jo„o Pessoa,Jardim S„o Paulo
PB,Para√≠ba,Jo„o Pessoa,Jardim Tavares
PB,Para√≠ba,Jo„o Pessoa,Jardim Veneza
PB,Para√≠ba,Jo„o Pessoa,Jo„o Agripino
PB,Para√≠ba,Jo„o Pessoa,Jo„o Paulo II
PB,Para√≠ba,Jo„o Pessoa,Joguaribe
PB,Para√≠ba,Jo„o Pessoa,JosÈ AmÈrcio
PB,Para√≠ba,Jo„o Pessoa,JosÈ AmÈrico
PB,Para√≠ba,Jo„o Pessoa,JosÈ AmÈrico Almeida
PB,Para√≠ba,Jo„o Pessoa,JosÈ Pinheiro
PB,Para√≠ba,Jo„o Pessoa,Juracy Palhano
PB,Para√≠ba,Jo„o Pessoa,Lagoa
PB,Para√≠ba,Jo„o Pessoa,Lagoa Azul
PB,Para√≠ba,Jo„o Pessoa,Lagoa Nova
PB,Para√≠ba,Jo„o Pessoa,Lagoa Seca
PB,Para√≠ba,Jo„o Pessoa,Loteamento Morada Nova
PB,Para√≠ba,Jo„o Pessoa,Loteamento Vila Buriti
PB,Para√≠ba,Jo„o Pessoa,Louzeiro
PB,Para√≠ba,Jo„o Pessoa,Madalena
PB,Para√≠ba,Jo„o Pessoa,Malvinas
PB,Para√≠ba,Jo„o Pessoa,Manaira
PB,Para√≠ba,Jo„o Pessoa,Mandacaru
PB,Para√≠ba,Jo„o Pessoa,Mangabeira
PB,Para√≠ba,Jo„o Pessoa,Mangabeira i
PB,Para√≠ba,Jo„o Pessoa,Mangabeira II
PB,Para√≠ba,Jo„o Pessoa,Mangabeira IV
PB,Para√≠ba,Jo„o Pessoa,Mangabeira VI
PB,Para√≠ba,Jo„o Pessoa,Mangabeira VII
PB,Para√≠ba,Jo„o Pessoa,Mangabeira VIII
PB,Para√≠ba,Jo„o Pessoa,Mangabeiras
PB,Para√≠ba,Jo„o Pessoa,Mares
PB,Para√≠ba,Jo„o Pessoa,Miramar
PB,Para√≠ba,Jo„o Pessoa,Mirante
PB,Para√≠ba,Jo„o Pessoa,MONTE SANTO
PB,Para√≠ba,Jo„o Pessoa,MuÁumagro
PB,Para√≠ba,Jo„o Pessoa,Mumbaba
PB,Para√≠ba,Jo„o Pessoa,NaÁıes
PB,Para√≠ba,Jo„o Pessoa,NOSSA SENHORA DE NAZAR…
PB,Para√≠ba,Jo„o Pessoa,Nova AmÈrica
PB,Para√≠ba,Jo„o Pessoa,Novais
PB,Para√≠ba,Jo„o Pessoa,Oitizeiro
PB,Para√≠ba,Jo„o Pessoa,Padre ZÈ
PB,Para√≠ba,Jo„o Pessoa,Paratibe
PB,Para√≠ba,Jo„o Pessoa,Parque EsperanÁa
PB,Para√≠ba,Jo„o Pessoa,Parque Manibura
PB,Para√≠ba,Jo„o Pessoa,Paupina
PB,Para√≠ba,Jo„o Pessoa,Pedra Lavrada
PB,Para√≠ba,Jo„o Pessoa,Pedro Condim
PB,Para√≠ba,Jo„o Pessoa,Pedro Gondim
PB,Para√≠ba,Jo„o Pessoa,Penha
PB,Para√≠ba,Jo„o Pessoa,Periperi
PB,Para√≠ba,Jo„o Pessoa,Pina
PB,Para√≠ba,Jo„o Pessoa,Pitimbu
PB,Para√≠ba,Jo„o Pessoa,Planalto Boa Esperan
PB,Para√≠ba,Jo„o Pessoa,Planalto Boa EsperanÁa
PB,Para√≠ba,Jo„o Pessoa,PoÁo
PB,Para√≠ba,Jo„o Pessoa,Ponta Seixas
PB,Para√≠ba,Jo„o Pessoa,Portal do Sol
PB,Para√≠ba,Jo„o Pessoa,Rangel
PB,Para√≠ba,Jo„o Pessoa,Renascer
PB,Para√≠ba,Jo„o Pessoa,Renascer II
PB,Para√≠ba,Jo„o Pessoa,Roger
PB,Para√≠ba,Jo„o Pessoa,Santa Rita
PB,Para√≠ba,Jo„o Pessoa,S„o JosÈ
PB,Para√≠ba,Jo„o Pessoa,S„o Sebasti„o
PB,Para√≠ba,Jo„o Pessoa,Sem Bairro
PB,Para√≠ba,Jo„o Pessoa,Serrotao
PB,Para√≠ba,Jo„o Pessoa,SÌtio Cachoeira
PB,Para√≠ba,Jo„o Pessoa,Tabuleiro dos Martins
PB,Para√≠ba,Jo„o Pessoa,Tambau
PB,Para√≠ba,Jo„o Pessoa,Tambauzinho
PB,Para√≠ba,Jo„o Pessoa,Tambauzino
PB,Para√≠ba,Jo„o Pessoa,Tambay
PB,Para√≠ba,Jo„o Pessoa,Tambia
PB,Para√≠ba,Jo„o Pessoa,Tamb˙
PB,Para√≠ba,Jo„o Pessoa,Tibiri II
PB,Para√≠ba,Jo„o Pessoa,Torre
PB,Para√≠ba,Jo„o Pessoa,Treze de Maio
PB,Para√≠ba,Jo„o Pessoa,Trincheiras
PB,Para√≠ba,Jo„o Pessoa,Universit·rio
PB,Para√≠ba,Jo„o Pessoa,Urca
PB,Para√≠ba,Jo„o Pessoa,Valentina 1
PB,Para√≠ba,Jo„o Pessoa,Valentina Figueiro
PB,Para√≠ba,Jo„o Pessoa,Varadouro
PB,Para√≠ba,Jo„o Pessoa,Varajao
PB,Para√≠ba,Jo„o Pessoa,Vergel Lago
PB,Para√≠ba,Jo„o Pessoa,Vila Cabral
PB,Para√≠ba,Jo„o Pessoa,Vila Ellery
PB,Para√≠ba,Jo„o Pessoa,Viradouro
PB,Para√≠ba,Jo„o Pessoa,Zona Rural
PB,Para√≠ba,Jo„o Pessoa,Zumbi
PB,Para√≠ba,Aba da Serra
PB,Para√≠ba,Aca˙
PB,Para√≠ba,Aca˙,Centro
PB,Para√≠ba,¡gua Branca
PB,Para√≠ba,¡gua Branca,Centro
PB,Para√≠ba,¡gua Branca,Gualterina a Vidal
PB,Para√≠ba,¡gua Branca,Zona Rural
PB,Para√≠ba,Aguiar
PB,Para√≠ba,Aguiar,Centro
PB,Para√≠ba,Aguiar,Novo Aguiar
PB,Para√≠ba,Aguiar,Sao Francisco
PB,Para√≠ba,Aguiar,Zona Rural
PB,Para√≠ba,Alagoa Grande
PB,Para√≠ba,Alagoa Grande,Antonio Farias
PB,Para√≠ba,Alagoa Grande,Bela Vista
PB,Para√≠ba,Alagoa Grande,Centro
PB,Para√≠ba,Alagoa Grande,Frei Damiao
PB,Para√≠ba,Alagoa Grande,Manoel Raimundo
PB,Para√≠ba,Alagoa Grande,Vera Cruz
PB,Para√≠ba,Alagoa Grande,Zona Rural
PB,Para√≠ba,Alagoa Nova
PB,Para√≠ba,Alagoa Nova,Centro
PB,Para√≠ba,Alagoa Nova,Santa Luzia
PB,Para√≠ba,Alagoa Nova,Ulisses Guimaraes
PB,Para√≠ba,Alagoa Nova,Zona Rural
PB,Para√≠ba,Alagoinha
PB,Para√≠ba,Alagoinha,Centro
PB,Para√≠ba,Alagoinha,Doraci Montenegro
PB,Para√≠ba,Alagoinha,Luiz Geminiano
PB,Para√≠ba,Alagoinha,Nova Alagoinha
PB,Para√≠ba,Alagoinha,Panoramico
PB,Para√≠ba,Alagoinha,Rafael f Almeida
PB,Para√≠ba,Alagoinha,Tereza Gondim
PB,Para√≠ba,Alagoinha,Zona Rural
PB,Para√≠ba,Alcantil
PB,Para√≠ba,Alcantil,Centro
PB,Para√≠ba,Alecrim - Umbuzeiro
PB,Para√≠ba,Algod„o de JandaÌra
PB,Para√≠ba,Algod„o de JandaÌra,Centro
PB,Para√≠ba,Alhandra
PB,Para√≠ba,Alhandra,Bela Vista
PB,Para√≠ba,Alhandra,Caixa D'¡gua
PB,Para√≠ba,Alhandra,Caixa Dagua
PB,Para√≠ba,Alhandra,Centro
PB,Para√≠ba,Alhandra,Cto Alhandra
PB,Para√≠ba,Alhandra,Nova Alhandra
PB,Para√≠ba,Alhandra,Salgadinho
PB,Para√≠ba,Alhandra,Zona Rural
PB,Para√≠ba,Alvinho
PB,Para√≠ba,Alvinho,Centro
PB,Para√≠ba,Alvinho,Zona Rural
PB,Para√≠ba,Amparo
PB,Para√≠ba,Amparo,Centro
PB,Para√≠ba,Amparo,Zona Rural
PB,Para√≠ba,Angicos
PB,Para√≠ba,Angicos,Centro
PB,Para√≠ba,Antas
PB,Para√≠ba,Aparecida
PB,Para√≠ba,Aparecida,Centro
PB,Para√≠ba,Aparecida,Zona Rural
PB,Para√≠ba,AraÁagi
PB,Para√≠ba,AraÁagi,Bela Vista
PB,Para√≠ba,AraÁagi,Castelo Branco
PB,Para√≠ba,AraÁagi,Centro
PB,Para√≠ba,AraÁagi,Cj JosÈ P Sob∫
PB,Para√≠ba,AraÁagi,Jose p Sob‚∫
PB,Para√≠ba,AraÁagi,Nordeste II
PB,Para√≠ba,AraÁagi,Santo Amaro
PB,Para√≠ba,AraÁagi,Sao Joao
PB,Para√≠ba,AraÁagi,Sao Sebastiao
PB,Para√≠ba,AraÁagi,Zona Rural
PB,Para√≠ba,Arara
PB,Para√≠ba,Arara,Centro
PB,Para√≠ba,Arara,Zona Rural
PB,Para√≠ba,Araruna
PB,Para√≠ba,Araruna,Antonio Lucas
PB,Para√≠ba,Araruna,Centro
PB,Para√≠ba,Araruna,Cj Helder T Maranha
PB,Para√≠ba,Araruna,Mangabeira
PB,Para√≠ba,Araruna,Maria Liberato
PB,Para√≠ba,Araruna,Marizete Dutra
PB,Para√≠ba,Araruna,Sem Bairro
PB,Para√≠ba,Araruna,Zona Rural
PB,Para√≠ba,Areia
PB,Para√≠ba,Areia,Centro
PB,Para√≠ba,Areia,Cidade Universitaria
PB,Para√≠ba,Areia,Frei Damiao
PB,Para√≠ba,Areia,Jussara
PB,Para√≠ba,Areia,Nova BrasÌlia
PB,Para√≠ba,Areia,Pedro Perazzo
PB,Para√≠ba,Areia,Sem Bairro
PB,Para√≠ba,Areia,Zona Rural
PB,Para√≠ba,Areia de Bara˙nas
PB,Para√≠ba,Areia de Bara˙nas,Centro
PB,Para√≠ba,Areial
PB,Para√≠ba,Areial,Centro
PB,Para√≠ba,Areial,Paraguai
PB,Para√≠ba,Aroeiras
PB,Para√≠ba,Aroeiras,Centro
PB,Para√≠ba,Assentamento Oiteiro de Miranda
PB,Para√≠ba,AssunÁ„o
PB,Para√≠ba,AssunÁ„o,Centro
PB,Para√≠ba,AssunÁ„o,Zona Rural
PB,Para√≠ba,BaÌa da TraiÁ„o
PB,Para√≠ba,BaÌa da TraiÁ„o,Centro
PB,Para√≠ba,BaÌa da TraiÁ„o,Prainha
PB,Para√≠ba,BaÌa da TraiÁ„o,Zona Rural
PB,Para√≠ba,Baixa Verde
PB,Para√≠ba,Baixa Verde,Centro
PB,Para√≠ba,Baixa Verde,Zona Rural
PB,Para√≠ba,Bananeiras
PB,Para√≠ba,Bananeiras,Bananeiras
PB,Para√≠ba,Bananeiras,Centro
PB,Para√≠ba,Bananeiras,Cj Homero Ara˙jo
PB,Para√≠ba,Bananeiras,Edgard s Cruz
PB,Para√≠ba,Bananeiras,Major a Bezerra
PB,Para√≠ba,Bananeiras,Santa Terezinha
PB,Para√≠ba,Bananeiras,Zona Rural
PB,Para√≠ba,Bandarra - S„o Jo„o do Rio do Peixe
PB,Para√≠ba,Bara˙na
PB,Para√≠ba,Bara˙na,Centro
PB,Para√≠ba,Bara˙na,Cj JosÈ Libio
PB,Para√≠ba,Bara˙na,Jardim Planalto
PB,Para√≠ba,Bara˙na,Mariz
PB,Para√≠ba,Bara˙na,Zona Rural
PB,Para√≠ba,Barra - Juazeirinho
PB,Para√≠ba,Barra - Juazeirinho,Centro
PB,Para√≠ba,Barra de Camaratuba
PB,Para√≠ba,Barra de Camaratuba,Centro
PB,Para√≠ba,Barra de Camaratuba,Zona Rural
PB,Para√≠ba,Barra de Cima
PB,Para√≠ba,Barra de Cima,Centro
PB,Para√≠ba,Barra de Cima,Zona Rural
PB,Para√≠ba,Barra de Santa Rosa
PB,Para√≠ba,Barra de Santa Rosa,Alto Boa Vista
PB,Para√≠ba,Barra de Santa Rosa,Centro
PB,Para√≠ba,Barra de Santa Rosa,Tancredo Neves
PB,Para√≠ba,Barra de Santana
PB,Para√≠ba,Barra de Santana,Centro
PB,Para√≠ba,Barra de Santana,Zona Rural
PB,Para√≠ba,Barra de S„o Miguel
PB,Para√≠ba,Barra de S„o Miguel,Centro
PB,Para√≠ba,Barra de S„o Miguel,Zona Rural
PB,Para√≠ba,Barreiras
PB,Para√≠ba,Barreiros
PB,Para√≠ba,Bayeux
PB,Para√≠ba,Bayeux,¡gua Fria
PB,Para√≠ba,Bayeux,Alto Boa Vista
PB,Para√≠ba,Bayeux,Baralho
PB,Para√≠ba,Bayeux,Brasilia
PB,Para√≠ba,Bayeux,Centro
PB,Para√≠ba,Bayeux,Cj Pres Kennedy
PB,Para√≠ba,Bayeux,Imaculada
PB,Para√≠ba,Bayeux,Jardim Aeroporto
PB,Para√≠ba,Bayeux,Jardim Sao Lourenco
PB,Para√≠ba,Bayeux,Jardim Sao Severino
PB,Para√≠ba,Bayeux,Liberdade
PB,Para√≠ba,Bayeux,Mangabeira
PB,Para√≠ba,Bayeux,Manguinhos
PB,Para√≠ba,Bayeux,Mario Andreazza
PB,Para√≠ba,Bayeux,Mario Andrezza
PB,Para√≠ba,Bayeux,Mutir„o
PB,Para√≠ba,Bayeux,Planalto
PB,Para√≠ba,Bayeux,Porto Moinho
PB,Para√≠ba,Bayeux,Rio Meio
PB,Para√≠ba,Bayeux,Sao Bento
PB,Para√≠ba,Bayeux,Sesi
PB,Para√≠ba,Bayeux,Tambay
PB,Para√≠ba,Bayeux,Valentina Figueiredo
PB,Para√≠ba,Bayeux,V·rzea Nova
PB,Para√≠ba,Bayeux,Zona Rural
PB,Para√≠ba,Bebel‚ndia
PB,Para√≠ba,Bebel‚ndia,Centro
PB,Para√≠ba,BelÈm
PB,Para√≠ba,BelÈm,Bela Vista
PB,Para√≠ba,BelÈm,Centro
PB,Para√≠ba,BelÈm,Sao Luis
PB,Para√≠ba,BelÈm,Xaviezao
PB,Para√≠ba,BelÈm,Zona Rural
PB,Para√≠ba,BelÈm - Tavares
PB,Para√≠ba,BelÈm - Tavares,Zona Rural
PB,Para√≠ba,BelÈm do Brejo do Cruz
PB,Para√≠ba,BelÈm do Brejo do Cruz,Centro
PB,Para√≠ba,BelÈm do Brejo do Cruz,Galpoes
PB,Para√≠ba,BelÈm do Brejo do Cruz,Miguel Batista
PB,Para√≠ba,BelÈm do Brejo do Cruz,Zona Rural
PB,Para√≠ba,Bernardino Batista
PB,Para√≠ba,Bernardino Batista,Centro
PB,Para√≠ba,Bernardino Batista,Zona Rural
PB,Para√≠ba,Boa Ventura
PB,Para√≠ba,Boa Ventura,Alto do CÈu
PB,Para√≠ba,Boa Ventura,Arsenio Alves
PB,Para√≠ba,Boa Ventura,Centro
PB,Para√≠ba,Boa Ventura,Zona Rural
PB,Para√≠ba,Boa Vista
PB,Para√≠ba,Boa Vista,Centro
PB,Para√≠ba,Boa Vista,Jardim Paulistano
PB,Para√≠ba,Boa Vista,Zona Rural
PB,Para√≠ba,Boa Vista - Gado Bravo
PB,Para√≠ba,Boa Vista - Gado Bravo,Centro
PB,Para√≠ba,Bola
PB,Para√≠ba,Bola,Centro
PB,Para√≠ba,Bom Jesus
PB,Para√≠ba,Bom Jesus,Alto Boa Vista
PB,Para√≠ba,Bom Jesus,Alto Cagepa
PB,Para√≠ba,Bom Jesus,Asa Branca
PB,Para√≠ba,Bom Jesus,Casas Populares
PB,Para√≠ba,Bom Jesus,Centro
PB,Para√≠ba,Bom Jesus,Maria s Brito
PB,Para√≠ba,Bom Jesus - S„o JosÈ de Piranhas
PB,Para√≠ba,Bom Sucesso
PB,Para√≠ba,Bom Sucesso,Antao g Almeida
PB,Para√≠ba,Bom Sucesso,Centro
PB,Para√≠ba,Bom Sucesso,Zona Rural
PB,Para√≠ba,Bomburral
PB,Para√≠ba,Bomburral,Centro
PB,Para√≠ba,Bonito de Santa FÈ
PB,Para√≠ba,Bonito de Santa FÈ,Alto Boa Vista
PB,Para√≠ba,Bonito de Santa FÈ,Centro
PB,Para√≠ba,Bonito de Santa FÈ,Jardim Arruda
PB,Para√≠ba,Bonito de Santa FÈ,Mutir„o
PB,Para√≠ba,Bonito de Santa FÈ,Popular
PB,Para√≠ba,Bonito de Santa FÈ,Zona Rural
PB,Para√≠ba,Boqueir„o
PB,Para√≠ba,Boqueir„o,Bairro Novo
PB,Para√≠ba,Boqueir„o,Bela Vista
PB,Para√≠ba,Boqueir„o,Carlos m Dunga
PB,Para√≠ba,Boqueir„o,Cehap
PB,Para√≠ba,Boqueir„o,Centro
PB,Para√≠ba,Boqueir„o,Malvinas
PB,Para√≠ba,Boqueir„o,Mororo
PB,Para√≠ba,Boqueir„o,Zona Rural
PB,Para√≠ba,Boqueir„o - GurinhÈm
PB,Para√≠ba,Boqueir„o - GurinhÈm,Centro
PB,Para√≠ba,Boqueir„o - GurinhÈm,Zona Rural
PB,Para√≠ba,Borborema
PB,Para√≠ba,Borborema,Acacias
PB,Para√≠ba,Borborema,Centro
PB,Para√≠ba,Borborema,Nova Esperanca
PB,Para√≠ba,Borborema,Zona Rural
PB,Para√≠ba,Braga - Campo de Santana
PB,Para√≠ba,Braga - Campo de Santana,Centro
PB,Para√≠ba,BrasÌlia
PB,Para√≠ba,BrasÌlia,Centro
PB,Para√≠ba,Brejinho - Itabaiana
PB,Para√≠ba,Brejinho - Itabaiana,Centro
PB,Para√≠ba,Brejo das Freiras
PB,Para√≠ba,Brejo das Freiras,Centro
PB,Para√≠ba,Brejo do Cruz
PB,Para√≠ba,Brejo do Cruz,Antonio Mariz
PB,Para√≠ba,Brejo do Cruz,Bairro Estados
PB,Para√≠ba,Brejo do Cruz,Barragem
PB,Para√≠ba,Brejo do Cruz,Centro
PB,Para√≠ba,Brejo do Cruz,Popular
PB,Para√≠ba,Brejo do Cruz,Zona Rural
PB,Para√≠ba,Brejo dos Santos
PB,Para√≠ba,Brejo dos Santos,Alto Cruzeiro
PB,Para√≠ba,Brejo dos Santos,Centro
PB,Para√≠ba,Brejo dos Santos,Jose Calixto
PB,Para√≠ba,Brejo dos Santos,Popular
PB,Para√≠ba,Caapor„
PB,Para√≠ba,Caapor„,Centro
PB,Para√≠ba,Caapor„,Mutirao
PB,Para√≠ba,Caapor„,Nova Caapora
PB,Para√≠ba,Caapor„,Pereirao
PB,Para√≠ba,Caapor„,Primavera
PB,Para√≠ba,Caapor„,Santa Cruz
PB,Para√≠ba,Caapor„,Santo Antonio
PB,Para√≠ba,Caapor„,Sao Joao
PB,Para√≠ba,Caapor„,Sao Pedro
PB,Para√≠ba,Caapor„,Sao Vicente
PB,Para√≠ba,Caapor„,Zona Rural
PB,Para√≠ba,Cabaceiras
PB,Para√≠ba,Cabaceiras,Centro
PB,Para√≠ba,Cabaceiras,Zona Rural
PB,Para√≠ba,Cabedelo
PB,Para√≠ba,Cabedelo,Altiplano
PB,Para√≠ba,Cabedelo,Areia Dourada
PB,Para√≠ba,Cabedelo,Bessa
PB,Para√≠ba,Cabedelo,Cabedelo
PB,Para√≠ba,Cabedelo,Camalau
PB,Para√≠ba,Cabedelo,Camboinha
PB,Para√≠ba,Cabedelo,Camboinha II
PB,Para√≠ba,Cabedelo,Centro
PB,Para√≠ba,Cabedelo,ComÈrcio
PB,Para√≠ba,Cabedelo,Ernani S·tiro
PB,Para√≠ba,Cabedelo,Ernesto Geisel
PB,Para√≠ba,Cabedelo,Est. De Cabedelo
PB,Para√≠ba,Cabedelo,Estrada de Cabedelo
PB,Para√≠ba,Cabedelo,Expedicion·rios
PB,Para√≠ba,Cabedelo,Formosa
PB,Para√≠ba,Cabedelo,Funcion·rios
PB,Para√≠ba,Cabedelo,Intermares
PB,Para√≠ba,Cabedelo,Jacare
PB,Para√≠ba,Cabedelo,Jaguaribe
PB,Para√≠ba,Cabedelo,Jardim Alfa
PB,Para√≠ba,Cabedelo,Jardim America
PB,Para√≠ba,Cabedelo,Jardim Beta
PB,Para√≠ba,Cabedelo,Jardim Brasilia
PB,Para√≠ba,Cabedelo,Jardim Camboinha
PB,Para√≠ba,Cabedelo,Jardim Campina
PB,Para√≠ba,Cabedelo,Jardim Cidade Universit·ria
PB,Para√≠ba,Cabedelo,Jardim Gama
PB,Para√≠ba,Cabedelo,Jardim Jerico
PB,Para√≠ba,Cabedelo,Jardim Manguinhos
PB,Para√≠ba,Cabedelo,Jardim Maralina
PB,Para√≠ba,Cabedelo,Jardim Oceania
PB,Para√≠ba,Cabedelo,Jardim S„o Paulo
PB,Para√≠ba,Cabedelo,JosÈ AmÈrico Almeida
PB,Para√≠ba,Cabedelo,Lot Nova Morada
PB,Para√≠ba,Cabedelo,Lot Parque Amazonas
PB,Para√≠ba,Cabedelo,Loteamento Amazonas Parque
PB,Para√≠ba,Cabedelo,Monte Castelo
PB,Para√≠ba,Cabedelo,Morada Nova
PB,Para√≠ba,Cabedelo,Ns ConceiÁ„o
PB,Para√≠ba,Cabedelo,Parque Esperanca
PB,Para√≠ba,Cabedelo,Parque Verde
PB,Para√≠ba,Cabedelo,Poco
PB,Para√≠ba,Cabedelo,Ponta Campina
PB,Para√≠ba,Cabedelo,Ponta Mato
PB,Para√≠ba,Cabedelo,Portal do PoÁo
PB,Para√≠ba,Cabedelo,Praia Formosa
PB,Para√≠ba,Cabedelo,Praia Mar
PB,Para√≠ba,Cabedelo,Praia Norte
PB,Para√≠ba,Cabedelo,Recanto Poco
PB,Para√≠ba,Cabedelo,Renanscer
PB,Para√≠ba,Cabedelo,Renascer
PB,Para√≠ba,Cabedelo,Renascer ii
PB,Para√≠ba,Cabedelo,Renascer iii
PB,Para√≠ba,Cabedelo,Renascer iv
PB,Para√≠ba,Cabedelo,Salinas Ribamar
PB,Para√≠ba,Cabedelo,Sem Bairro
PB,Para√≠ba,Cabedelo,Serrotao
PB,Para√≠ba,Cabedelo,Varadouro
PB,Para√≠ba,Cabedelo,Verdes Mares
PB,Para√≠ba,Caboclo
PB,Para√≠ba,Caboclo,Centro
PB,Para√≠ba,Cabral
PB,Para√≠ba,Cabral,Centro
PB,Para√≠ba,Cachoeira - Guarabira
PB,Para√≠ba,Cachoeira - Guarabira,Centro
PB,Para√≠ba,Cachoeira - Guarabira,Zona Rural
PB,Para√≠ba,Cachoeira dos Alves
PB,Para√≠ba,Cachoeira dos Õndios
PB,Para√≠ba,Cachoeira dos Õndios,Centro
PB,Para√≠ba,Cachoeira dos Õndios,Fazenda Velha
PB,Para√≠ba,Cachoeira dos Õndios,Lino Sousa
PB,Para√≠ba,Cachoeira dos Õndios,Zona Rural
PB,Para√≠ba,Cachoeirinha - Campo de Santana
PB,Para√≠ba,Cachoeirinha - Campo de Santana,Centro
PB,Para√≠ba,Cacimba de Areia
PB,Para√≠ba,Cacimba de Areia,Antonio s Moura
PB,Para√≠ba,Cacimba de Areia,Centro
PB,Para√≠ba,Cacimba de Areia,Nova Esperanca
PB,Para√≠ba,Cacimba de Areia,Vila Amor
PB,Para√≠ba,Cacimba de Dentro
PB,Para√≠ba,Cacimba de Dentro,Centro
PB,Para√≠ba,Cacimba de Dentro,Novo
PB,Para√≠ba,Cacimba de Dentro,Velho
PB,Para√≠ba,Cacimba de Dentro,Zona Rural
PB,Para√≠ba,Cacimbas
PB,Para√≠ba,Cacimbas,Centro
PB,Para√≠ba,Cacimbinha
PB,Para√≠ba,CafÈ do Vento - Passagem
PB,Para√≠ba,CafÈ do Vento - Passagem,Centro
PB,Para√≠ba,CafÈ do Vento - Passagem,Zona Rural
PB,Para√≠ba,CaiÁara
PB,Para√≠ba,CaiÁara,Centro
PB,Para√≠ba,CaiÁara,Zona Rural
PB,Para√≠ba,Caieira
PB,Para√≠ba,Caieira,Centro
PB,Para√≠ba,Caj· - Caldas Brand„o
PB,Para√≠ba,Caj· - Caldas Brand„o,Centro
PB,Para√≠ba,Caj· - Caldas Brand„o,cj residencial
PB,Para√≠ba,Caj· - Caldas Brand„o,Esperanca
PB,Para√≠ba,Caj· - Caldas Brand„o,Novo
PB,Para√≠ba,Caj· - Caldas Brand„o,Zona Rural
PB,Para√≠ba,Caj· - Itatuba
PB,Para√≠ba,Caj· - Itatuba,Centro
PB,Para√≠ba,Cajazeiras
PB,Para√≠ba,Cajazeiras,Aeroporto
PB,Para√≠ba,Cajazeiras,Alto Boa Vista
PB,Para√≠ba,Cajazeiras,Areia
PB,Para√≠ba,Cajazeiras,Belo Horizonte
PB,Para√≠ba,Cajazeiras,Boa Vista
PB,Para√≠ba,Cajazeiras,Capoeiras
PB,Para√≠ba,Cajazeiras,Centenario
PB,Para√≠ba,Cajazeiras,Centro
PB,Para√≠ba,Cajazeiras,Cocode
PB,Para√≠ba,Cajazeiras,Cristo Rei
PB,Para√≠ba,Cajazeiras,Cuia
PB,Para√≠ba,Cajazeiras,Dona Crisantina
PB,Para√≠ba,Cajazeiras,Esperanca
PB,Para√≠ba,Cajazeiras,Gilliard i
PB,Para√≠ba,Cajazeiras,Gilliard ii
PB,Para√≠ba,Cajazeiras,Ipep
PB,Para√≠ba,Cajazeiras,Jardim Adalgisa
PB,Para√≠ba,Cajazeiras,Jardim Oasis
PB,Para√≠ba,Cajazeiras,Jardim Primavera
PB,Para√≠ba,Cajazeiras,Leopoldina
PB,Para√≠ba,Cajazeiras,Leopoldina ii
PB,Para√≠ba,Cajazeiras,Municipios
PB,Para√≠ba,Cajazeiras,Ns Piedade
PB,Para√≠ba,Cajazeiras,Padre Cicero
PB,Para√≠ba,Cajazeiras,Pio Doze
PB,Para√≠ba,Cajazeiras,Pio x
PB,Para√≠ba,Cajazeiras,Populares
PB,Para√≠ba,Cajazeiras,Por Sol
PB,Para√≠ba,Cajazeiras,Remedios
PB,Para√≠ba,Cajazeiras,Santa Cecilia
PB,Para√≠ba,Cajazeiras,Santo Antonio
PB,Para√≠ba,Cajazeiras,Sao Francisco
PB,Para√≠ba,Cajazeiras,Sao Jose
PB,Para√≠ba,Cajazeiras,Sol Nascente
PB,Para√≠ba,Cajazeiras,Tancredo Neves
PB,Para√≠ba,Cajazeiras,Tecedores
PB,Para√≠ba,Cajazeiras,Tota Assis
PB,Para√≠ba,Cajazeiras,Vila Nova
PB,Para√≠ba,Cajazeiras,Zona Rural
PB,Para√≠ba,Cajazeirinhas
PB,Para√≠ba,Cajazeirinhas,Baruc Rodrigues
PB,Para√≠ba,Cajazeirinhas,Centro
PB,Para√≠ba,Cajazeirinhas,Zona Rural
PB,Para√≠ba,Caldas Brand„o
PB,Para√≠ba,Caldas Brand„o,Centro
PB,Para√≠ba,Camala˙
PB,Para√≠ba,Camala˙,Cehap
PB,Para√≠ba,Camala˙,Centro
PB,Para√≠ba,Camala˙,Cohab
PB,Para√≠ba,Camaratuba
PB,Para√≠ba,Camaratuba,Centro
PB,Para√≠ba,Campina Grande
PB,Para√≠ba,Campina Grande,3 Irm„os
PB,Para√≠ba,Campina Grande,3 Irmas
PB,Para√≠ba,Campina Grande,Acacio Figueiredo
PB,Para√≠ba,Campina Grande,Afogados
PB,Para√≠ba,Campina Grande,Alto Branco
PB,Para√≠ba,Campina Grande,Antonio Bezerra
PB,Para√≠ba,Campina Grande,Araxa
PB,Para√≠ba,Campina Grande,Bairro dos Estados
PB,Para√≠ba,Campina Grande,Bela Vista
PB,Para√≠ba,Campina Grande,Bodocongo
PB,Para√≠ba,Campina Grande,Brisamar
PB,Para√≠ba,Campina Grande,Castelo Branco
PB,Para√≠ba,Campina Grande,Catingueira
PB,Para√≠ba,Campina Grande,Catole
PB,Para√≠ba,Campina Grande,Centenario
PB,Para√≠ba,Campina Grande,Centro
PB,Para√≠ba,Campina Grande,Cidades
PB,Para√≠ba,Campina Grande,Conceicao
PB,Para√≠ba,Campina Grande,Continental
PB,Para√≠ba,Campina Grande,Cruzeiro
PB,Para√≠ba,Campina Grande,Cuites
PB,Para√≠ba,Campina Grande,Dinamerica
PB,Para√≠ba,Campina Grande,Dist. Industrial
PB,Para√≠ba,Campina Grande,Distrito Federal
PB,Para√≠ba,Campina Grande,Distrito Industrial
PB,Para√≠ba,Campina Grande,Engenho do Meio
PB,Para√≠ba,Campina Grande,Ernani S·tiro
PB,Para√≠ba,Campina Grande,Ernesto Geisel
PB,Para√≠ba,Campina Grande,Estacao Velha
PB,Para√≠ba,Campina Grande,Itarare
PB,Para√≠ba,Campina Grande,Jardim 40
PB,Para√≠ba,Campina Grande,Jardim Borborema
PB,Para√≠ba,Campina Grande,Jardim Continental
PB,Para√≠ba,Campina Grande,Jardim Paulistano
PB,Para√≠ba,Campina Grande,Jardim Tavares
PB,Para√≠ba,Campina Grande,Jardim Veneza
PB,Para√≠ba,Campina Grande,Jeremias
PB,Para√≠ba,Campina Grande,Jo„o Agripino
PB,Para√≠ba,Campina Grande,Jose Pinheiro
PB,Para√≠ba,Campina Grande,Lauritzen
PB,Para√≠ba,Campina Grande,Liberdade
PB,Para√≠ba,Campina Grande,Lot Nova Campina
PB,Para√≠ba,Campina Grande,Loteamento Jo„o Paulo II
PB,Para√≠ba,Campina Grande,Louzeiro
PB,Para√≠ba,Campina Grande,Malvinas
PB,Para√≠ba,Campina Grande,ManaÌra
PB,Para√≠ba,Campina Grande,Mangabeira
PB,Para√≠ba,Campina Grande,Mirante
PB,Para√≠ba,Campina Grande,Monte Castelo
PB,Para√≠ba,Campina Grande,Monte Santo
PB,Para√≠ba,Campina Grande,Nacoes
PB,Para√≠ba,Campina Grande,Nova BrasÌlia
PB,Para√≠ba,Campina Grande,Nova Parnamerim
PB,Para√≠ba,Campina Grande,Novo Bodocongo
PB,Para√≠ba,Campina Grande,Oitizeiro
PB,Para√≠ba,Campina Grande,Palmeira
PB,Para√≠ba,Campina Grande,Pedregal
PB,Para√≠ba,Campina Grande,Pedreira
PB,Para√≠ba,Campina Grande,Pedro Gondim
PB,Para√≠ba,Campina Grande,Potengi
PB,Para√≠ba,Campina Grande,Prata
PB,Para√≠ba,Campina Grande,Pres Medice
PB,Para√≠ba,Campina Grande,Quarenta
PB,Para√≠ba,Campina Grande,Ramadinha
PB,Para√≠ba,Campina Grande,Sandra Cavalcante
PB,Para√≠ba,Campina Grande,Santa Cruz
PB,Para√≠ba,Campina Grande,Santa Rosa
PB,Para√≠ba,Campina Grande,Santo Antonio
PB,Para√≠ba,Campina Grande,Sao Jose
PB,Para√≠ba,Campina Grande,S„o JosÈ/Centro
PB,Para√≠ba,Campina Grande,S„o JosÈ/Centro
PB,Para√≠ba,Campina Grande,Sem bairro
PB,Para√≠ba,Campina Grande,Serrotao
PB,Para√≠ba,Campina Grande,Sitio Lagoa Dentro
PB,Para√≠ba,Campina Grande,Tambauzinho
PB,Para√≠ba,Campina Grande,Tambor
PB,Para√≠ba,Campina Grande,Torre
PB,Para√≠ba,Campina Grande,Universitario
PB,Para√≠ba,Campina Grande,Valentina Figueiredo
PB,Para√≠ba,Campina Grande,Velame
PB,Para√≠ba,Campina Grande,Vila Cabral
PB,Para√≠ba,Campina Grande,Zona Rural
PB,Para√≠ba,Campinote
PB,Para√≠ba,Campinote,Centro
PB,Para√≠ba,Campo D'Angola
PB,Para√≠ba,Campo D'Angola,Centro
PB,Para√≠ba,Campo de Santana
PB,Para√≠ba,Campo de Santana,Cehap
PB,Para√≠ba,Campo de Santana,Centro
PB,Para√≠ba,Campo de Santana,Zona Rural
PB,Para√≠ba,Campo Grande
PB,Para√≠ba,Campo Grande,Centro
PB,Para√≠ba,Campo Verde
PB,Para√≠ba,Campo Verde,Centro
PB,Para√≠ba,Camurim
PB,Para√≠ba,Camurim,Centro
PB,Para√≠ba,Camurim,Zona Rural
PB,Para√≠ba,Camurupim
PB,Para√≠ba,Camurupim,Centro
PB,Para√≠ba,Camurupim,Zona Rural
PB,Para√≠ba,CanafÌstula
PB,Para√≠ba,CanafÌstula,Centro
PB,Para√≠ba,CanafÌstula do FÈlix
PB,Para√≠ba,CanafÌstula do FÈlix,Centro
PB,Para√≠ba,Cantinho
PB,Para√≠ba,Cantinho,Zona Rural
PB,Para√≠ba,Canto Alegre
PB,Para√≠ba,Canto Alegre,Centro
PB,Para√≠ba,Capim
PB,Para√≠ba,Capim,Centro
PB,Para√≠ba,Capim,Jordao
PB,Para√≠ba,Capim,Jose Claudino
PB,Para√≠ba,Capim Grande
PB,Para√≠ba,Capim Grande,Centro
PB,Para√≠ba,Capim Grande,Zona Rural
PB,Para√≠ba,Cara˙bas
PB,Para√≠ba,Cara˙bas,Centro
PB,Para√≠ba,Carrapateira
PB,Para√≠ba,Carrapateira,Centro
PB,Para√≠ba,Casinha do Homem
PB,Para√≠ba,Casinha do Homem,Centro
PB,Para√≠ba,Casinha do Homem,Zona Rural
PB,Para√≠ba,Casserengue
PB,Para√≠ba,Casserengue,Centro
PB,Para√≠ba,Casserengue,Cj Ventania
PB,Para√≠ba,Casserengue,Frei Damiao
PB,Para√≠ba,Catingueira
PB,Para√≠ba,Catingueira,Centro
PB,Para√≠ba,Catingueira,Zona Rural
PB,Para√≠ba,CatolÈ de Baixo
PB,Para√≠ba,CatolÈ do Rocha
PB,Para√≠ba,CatolÈ do Rocha,Abilio Pinto
PB,Para√≠ba,CatolÈ do Rocha,Batalhao
PB,Para√≠ba,CatolÈ do Rocha,Centro
PB,Para√≠ba,CatolÈ do Rocha,Corrente
PB,Para√≠ba,CatolÈ do Rocha,Cristo Redentor
PB,Para√≠ba,CatolÈ do Rocha,Jardim RogÈrio
PB,Para√≠ba,CatolÈ do Rocha,Luzia Maia
PB,Para√≠ba,CatolÈ do Rocha,Natanael Maia
PB,Para√≠ba,CatolÈ do Rocha,Noel Veras
PB,Para√≠ba,CatolÈ do Rocha,Pe Pedro Serrao
PB,Para√≠ba,CatolÈ do Rocha,Sandy Soares
PB,Para√≠ba,CatolÈ do Rocha,Tabajara
PB,Para√≠ba,CatolÈ do Rocha,Tancredo Neves
PB,Para√≠ba,CatolÈ do Rocha,Varzea
PB,Para√≠ba,CatolÈ do Rocha,Zona Rural
PB,Para√≠ba,CaturitÈ
PB,Para√≠ba,CaturitÈ,Centro
PB,Para√≠ba,CaturitÈ,Zona Rural
PB,Para√≠ba,Caxeiro
PB,Para√≠ba,Caxeiro,Centro
PB,Para√≠ba,Cepilho
PB,Para√≠ba,Cepilho,Centro
PB,Para√≠ba,Cha de Areia
PB,Para√≠ba,Ch„ de Santa Tereza
PB,Para√≠ba,Ch„ de Santa Tereza,Centro
PB,Para√≠ba,Ch„ do Lindolfo
PB,Para√≠ba,Ch„ do Lindolfo,Centro
PB,Para√≠ba,Ch„ dos Marinhos
PB,Para√≠ba,Ch„ dos Marinhos,Centro
PB,Para√≠ba,Ch„ dos Pereiras
PB,Para√≠ba,Ch„ dos Pereiras,Centro
PB,Para√≠ba,Ch„ dos Pereiras,Zona Rural
PB,Para√≠ba,Cicerol‚ndia
PB,Para√≠ba,Cicerol‚ndia,Centro
PB,Para√≠ba,ConceiÁ„o
PB,Para√≠ba,ConceiÁ„o,Cehap
PB,Para√≠ba,ConceiÁ„o,Centro
PB,Para√≠ba,ConceiÁ„o,Ipep
PB,Para√≠ba,ConceiÁ„o,Jaguaribe
PB,Para√≠ba,ConceiÁ„o,Ju· Doce
PB,Para√≠ba,ConceiÁ„o,Multirao
PB,Para√≠ba,ConceiÁ„o,Novo Horizonte
PB,Para√≠ba,ConceiÁ„o,Ns Fatima
PB,Para√≠ba,ConceiÁ„o,Paiva Leite
PB,Para√≠ba,ConceiÁ„o,Projeto Sertanejo
PB,Para√≠ba,ConceiÁ„o,Sao Geraldo
PB,Para√≠ba,ConceiÁ„o,Sao Jose
PB,Para√≠ba,ConceiÁ„o,Zona Rural
PB,Para√≠ba,Condado
PB,Para√≠ba,Condado,Centro
PB,Para√≠ba,Condado,Cj Frei Dami„o
PB,Para√≠ba,Condado,Jardim Queiroz
PB,Para√≠ba,Condado,Piea
PB,Para√≠ba,Condado,Zona Rural
PB,Para√≠ba,Conde
PB,Para√≠ba,Conde,Centro
PB,Para√≠ba,Conde,Conde
PB,Para√≠ba,Conde,Jacum„
PB,Para√≠ba,Conde,Jardim Recreio
PB,Para√≠ba,Conde,Jo„o Agripino
PB,Para√≠ba,Conde,Praia de Carapibus
PB,Para√≠ba,Conde,Praia de Jacum„
PB,Para√≠ba,Conde,Sem Bairro
PB,Para√≠ba,Conde,Zona Rural
PB,Para√≠ba,Congo
PB,Para√≠ba,Congo,Centro
PB,Para√≠ba,Congo,Riachao Congo
PB,Para√≠ba,Congo,Zona Rural
PB,Para√≠ba,Contendas
PB,Para√≠ba,Coremas
PB,Para√≠ba,Coremas,Alto Bela Vista
PB,Para√≠ba,Coremas,Alto Boa Vista
PB,Para√≠ba,Coremas,Cabo Branco
PB,Para√≠ba,Coremas,Centro
PB,Para√≠ba,Coremas,Pombalzinho
PB,Para√≠ba,Coremas,Vila Dnocs
PB,Para√≠ba,Coremas,Zona Rural
PB,Para√≠ba,Coronel Maia
PB,Para√≠ba,Coronel Maia,Centro
PB,Para√≠ba,Coronel Maia,Zona Rural
PB,Para√≠ba,Coxixola
PB,Para√≠ba,Coxixola,Centro
PB,Para√≠ba,Coxixola,Zona Rural
PB,Para√≠ba,Cruz do EspÌrito Santo
PB,Para√≠ba,Cruz do EspÌrito Santo,Centro
PB,Para√≠ba,Cruz do EspÌrito Santo,Cj AntÙnio Mariz
PB,Para√≠ba,Cruz do EspÌrito Santo,Cj Francisco Cruz
PB,Para√≠ba,Cruz do EspÌrito Santo,Cj Pe Herculano
PB,Para√≠ba,Cruz do EspÌrito Santo,Francisco Cunha
PB,Para√≠ba,Cruz do EspÌrito Santo,Julia Paiva
PB,Para√≠ba,Cruz do EspÌrito Santo,Lot Bela Vista
PB,Para√≠ba,Cruz do EspÌrito Santo,Lot Jo„o ⁄rsulo
PB,Para√≠ba,Cruz do EspÌrito Santo,Mangabeira
PB,Para√≠ba,Cruz do EspÌrito Santo,Pitanga
PB,Para√≠ba,Cruz do EspÌrito Santo,Rafael Fernandes
PB,Para√≠ba,Cruz do EspÌrito Santo,Zona Rural
PB,Para√≠ba,Cubati
PB,Para√≠ba,Cubati,Centro
PB,Para√≠ba,Cubati,Cicero Angelo
PB,Para√≠ba,Cubati,Zona Rural
PB,Para√≠ba,CuitÈ
PB,Para√≠ba,CuitÈ,31 Marco
PB,Para√≠ba,CuitÈ,Antonio Mariz
PB,Para√≠ba,CuitÈ,Basilio m Fonseca
PB,Para√≠ba,CuitÈ,Bela Vista
PB,Para√≠ba,CuitÈ,Castelo Branco
PB,Para√≠ba,CuitÈ,Centro
PB,Para√≠ba,CuitÈ,Jardim Planalto
PB,Para√≠ba,CuitÈ,Jardim Trevo
PB,Para√≠ba,CuitÈ,Novo Retiro
PB,Para√≠ba,CuitÈ,Ns Gracas
PB,Para√≠ba,CuitÈ,Santo Antonio
PB,Para√≠ba,CuitÈ,Sao Jose
PB,Para√≠ba,CuitÈ,Sao Vicente
PB,Para√≠ba,CuitÈ,Ulisses Guimaraes
PB,Para√≠ba,CuitÈ,Zona Rural
PB,Para√≠ba,CuitÈ de Mamanguape
PB,Para√≠ba,CuitÈ de Mamanguape,Centro
PB,Para√≠ba,CuitÈ de Mamanguape,Ns Gracas
PB,Para√≠ba,CuitÈ de Mamanguape,Zona Rural
PB,Para√≠ba,Cuitegi
PB,Para√≠ba,Cuitegi,Centro
PB,Para√≠ba,Cuitegi,Cj Roberto Paulino
PB,Para√≠ba,Cuitegi,Cruzeiro
PB,Para√≠ba,Cuitegi,Santo Antonio
PB,Para√≠ba,Cuitegi,Virgulino c Melo
PB,Para√≠ba,Cuitegi,Zona Rural
PB,Para√≠ba,Cupissura
PB,Para√≠ba,Cupissura,Centro
PB,Para√≠ba,Cupissura,Sao Carlos
PB,Para√≠ba,Cupissura,Zona Rural
PB,Para√≠ba,Curimata˙
PB,Para√≠ba,Curimata˙,Centro
PB,Para√≠ba,Curral de Cima
PB,Para√≠ba,Curral de Cima,Centro
PB,Para√≠ba,Curral de Cima,Zona Rural
PB,Para√≠ba,Curral Velho
PB,Para√≠ba,Curral Velho,Centro
PB,Para√≠ba,Curral Velho,Zona Rural
PB,Para√≠ba,DalmÛpolis
PB,Para√≠ba,DalmÛpolis,Centro
PB,Para√≠ba,Dami„o
PB,Para√≠ba,Dami„o,Centro
PB,Para√≠ba,Dami„o,Zona Rural
PB,Para√≠ba,Desterro
PB,Para√≠ba,Desterro,Centro
PB,Para√≠ba,Desterro,Cj Cruzeiro
PB,Para√≠ba,Desterro,Malvinas
PB,Para√≠ba,Desterro,Sao Cristovao
PB,Para√≠ba,Diamante
PB,Para√≠ba,Diamante,Centro
PB,Para√≠ba,Diamante,Cj AntÙnio Mariz
PB,Para√≠ba,Diamante,Luiza Martins
PB,Para√≠ba,Diamante,Luiza Vieira
PB,Para√≠ba,Diamante,Zona Rural
PB,Para√≠ba,Dois Riachos - Salgado de S„o FÈlix
PB,Para√≠ba,Dois Riachos - Salgado de S„o FÈlix,Centro
PB,Para√≠ba,Dona InÍs
PB,Para√≠ba,Dona InÍs,Centro
PB,Para√≠ba,Dona InÍs,Residencia
PB,Para√≠ba,Dona InÍs,Zona Rural
PB,Para√≠ba,Duas Estradas
PB,Para√≠ba,Duas Estradas,Centro
PB,Para√≠ba,Duas Estradas,Zona Rural
PB,Para√≠ba,Emas
PB,Para√≠ba,Emas,Capitulino l Lour
PB,Para√≠ba,Emas,Centro
PB,Para√≠ba,Emas,Cj Ada Bezerra
PB,Para√≠ba,Emas,Zona Rural
PB,Para√≠ba,Engenheiro Avidos
PB,Para√≠ba,Engenheiro Avidos,Centro
PB,Para√≠ba,EsperanÁa
PB,Para√≠ba,EsperanÁa,Britador
PB,Para√≠ba,EsperanÁa,Casserengue
PB,Para√≠ba,EsperanÁa,Centro
PB,Para√≠ba,EsperanÁa,Nova Esperanca
PB,Para√≠ba,EsperanÁa,Nova Olinda
PB,Para√≠ba,EsperanÁa,Portal
PB,Para√≠ba,EsperanÁa,Santa Clara
PB,Para√≠ba,EsperanÁa,Zona Rural
PB,Para√≠ba,Estacada
PB,Para√≠ba,Estacada,Centro
PB,Para√≠ba,Estreito - Campina Grande
PB,Para√≠ba,Estreito - Campina Grande,Centro
PB,Para√≠ba,Estreito - Campina Grande,Zona Rural
PB,Para√≠ba,Fagundes
PB,Para√≠ba,Fagundes,Bela Vista
PB,Para√≠ba,Fagundes,Cabata
PB,Para√≠ba,Fagundes,Centro
PB,Para√≠ba,Fagundes,Cha
PB,Para√≠ba,Fagundes,Joquinha Muniz
PB,Para√≠ba,Fagundes,Zona Rural
PB,Para√≠ba,Fagundes - Lucena
PB,Para√≠ba,Fagundes - Lucena,Centro
PB,Para√≠ba,Fagundes - Lucena,Costinha
PB,Para√≠ba,Fagundes - Lucena,Enseada Luc ii
PB,Para√≠ba,Fagundes - Lucena,Mangabeira
PB,Para√≠ba,Fagundes - Lucena,Praia Bela
PB,Para√≠ba,Fagundes - Lucena,Realengo
PB,Para√≠ba,Fazenda Nova
PB,Para√≠ba,Feira Nova
PB,Para√≠ba,Feira Nova,Centro
PB,Para√≠ba,Floresta
PB,Para√≠ba,Floriano
PB,Para√≠ba,Floriano,Centro
PB,Para√≠ba,Forte Velho
PB,Para√≠ba,Forte Velho,Centro
PB,Para√≠ba,Frei Martinho
PB,Para√≠ba,Frei Martinho,Aguida a Dantas
PB,Para√≠ba,Frei Martinho,Centro
PB,Para√≠ba,Frei Martinho,Edvaldo Mota
PB,Para√≠ba,Frei Martinho,Nenzinha c Lima
PB,Para√≠ba,Frei Martinho,Zona Rural
PB,Para√≠ba,Gado Bravo
PB,Para√≠ba,Gado Bravo,Centro
PB,Para√≠ba,Gado Bravo,Zona Rural
PB,Para√≠ba,Galante
PB,Para√≠ba,Galante,Centro
PB,Para√≠ba,Galante,Zona Rural
PB,Para√≠ba,Galego
PB,Para√≠ba,Gameleira - Alcantil
PB,Para√≠ba,Gameleira - Alcantil,Centro
PB,Para√≠ba,Gameleira - Alcantil,Zona Rural
PB,Para√≠ba,Gameleira - Mogeiro
PB,Para√≠ba,Gameleira - Mogeiro,Centro
PB,Para√≠ba,Genipapo - Puxinan„
PB,Para√≠ba,Genipapo - Puxinan„,Centro
PB,Para√≠ba,Genipapo - Puxinan„,Genipapo Cima
PB,Para√≠ba,Genipapo - Puxinan„,Zona Rural
PB,Para√≠ba,Gravat· - Mulungu
PB,Para√≠ba,Gravat· - Mulungu,Centro
PB,Para√≠ba,Gravat· - Mulungu,Zona Rural
PB,Para√≠ba,Gravat· - S„o Jo„o do Rio do Peixe
PB,Para√≠ba,Gravat· - S„o Jo„o do Rio do Peixe,Centro
PB,Para√≠ba,Gravat· - S„o Jo„o do Rio do Peixe,Zona Rural
PB,Para√≠ba,Grot„o
PB,Para√≠ba,Grot„o,Centro
PB,Para√≠ba,Guarabira
PB,Para√≠ba,Guarabira,Alto Boa Vista
PB,Para√≠ba,Guarabira,Areia Branca
PB,Para√≠ba,Guarabira,Assis Chateaubriand
PB,Para√≠ba,Guarabira,Banc·rios
PB,Para√≠ba,Guarabira,Bela Vista
PB,Para√≠ba,Guarabira,Bom Jesus
PB,Para√≠ba,Guarabira,Centro
PB,Para√≠ba,Guarabira,Clovis Bezerra
PB,Para√≠ba,Guarabira,Cordeiro
PB,Para√≠ba,Guarabira,Distrito Industrial
PB,Para√≠ba,Guarabira,Ernani S·tiro
PB,Para√≠ba,Guarabira,Expedicion·rios
PB,Para√≠ba,Guarabira,Funcion·rios
PB,Para√≠ba,Guarabira,Joao Cassimiro
PB,Para√≠ba,Guarabira,Mutirao
PB,Para√≠ba,Guarabira,Nacoes
PB,Para√≠ba,Guarabira,Nordeste i
PB,Para√≠ba,Guarabira,Nordeste ii
PB,Para√≠ba,Guarabira,Novo
PB,Para√≠ba,Guarabira,Oitizeiro
PB,Para√≠ba,Guarabira,Primavera
PB,Para√≠ba,Guarabira,Ros·rio
PB,Para√≠ba,Guarabira,Santa Terezinha
PB,Para√≠ba,Guarabira,Sao Jose
PB,Para√≠ba,Guarabira,Tambauzino
PB,Para√≠ba,Guarabira,Valentina Figueiredo
PB,Para√≠ba,Guarabira,Vila Padre Cicero
PB,Para√≠ba,Guarabira,Zona Rural
PB,Para√≠ba,Guarita
PB,Para√≠ba,Guarita,Centro
PB,Para√≠ba,Guarita,Zona Rural
PB,Para√≠ba,GurinhÈm
PB,Para√≠ba,GurinhÈm,Boa Esperanca
PB,Para√≠ba,GurinhÈm,Caixa Economica
PB,Para√≠ba,GurinhÈm,Centro
PB,Para√≠ba,GurinhÈm,Flaviano r Coutinho
PB,Para√≠ba,GurinhÈm,Mangueira
PB,Para√≠ba,GurinhÈm,Santo Antonio
PB,Para√≠ba,GurinhÈm,Velame
PB,Para√≠ba,GurinhÈm,Zona Rural
PB,Para√≠ba,Gurj„o
PB,Para√≠ba,Gurj„o,Bela Vista
PB,Para√≠ba,Gurj„o,Centro
PB,Para√≠ba,Gurj„o,Zona Rural
PB,Para√≠ba,Gurugi
PB,Para√≠ba,Gurugi,Centro
PB,Para√≠ba,Gurugi,Zona Rural
PB,Para√≠ba,Ibiara
PB,Para√≠ba,Ibiara,Antonio b Sousa
PB,Para√≠ba,Ibiara,Centro
PB,Para√≠ba,Ibiara,Ibiarinha
PB,Para√≠ba,Ibiara,Zona Rural
PB,Para√≠ba,Igaracy
PB,Para√≠ba,Igaracy,Centro
PB,Para√≠ba,Igaracy,Frei Damiao
PB,Para√≠ba,Igaracy,Jose Armando Souza
PB,Para√≠ba,Igaracy,Padre Aristides
PB,Para√≠ba,Imaculada
PB,Para√≠ba,Imaculada,Bela Vista
PB,Para√≠ba,Imaculada,Centro
PB,Para√≠ba,Imaculada,Sao Jose
PB,Para√≠ba,Imaculada,Zona Rural
PB,Para√≠ba,Ing·
PB,Para√≠ba,Ing·,Bela Vista
PB,Para√≠ba,Ing·,Cazuzinha
PB,Para√≠ba,Ing·,Cehap
PB,Para√≠ba,Ing·,Centro
PB,Para√≠ba,Ing·,Imboca
PB,Para√≠ba,Ing·,Isabel Burity
PB,Para√≠ba,Ing·,Jardim Farias
PB,Para√≠ba,Ing·,Mangabeira
PB,Para√≠ba,Ing·,Nova Vida
PB,Para√≠ba,Ing·,Sao Jose
PB,Para√≠ba,Ing·,Zona Rural
PB,Para√≠ba,Inhau·
PB,Para√≠ba,Inhau·,Centro
PB,Para√≠ba,Ipueira - Paulista
PB,Para√≠ba,Ipueira - Paulista,Centro
PB,Para√≠ba,Ipueira - Paulista,Zona Rural
PB,Para√≠ba,Itabaiana
PB,Para√≠ba,Itabaiana,Acude Pedras
PB,Para√≠ba,Itabaiana,Alto Alegre
PB,Para√≠ba,Itabaiana,Antonio Mariz
PB,Para√≠ba,Itabaiana,Botafogo
PB,Para√≠ba,Itabaiana,Campo Nautico
PB,Para√≠ba,Itabaiana,Centro
PB,Para√≠ba,Itabaiana,Costa Silva
PB,Para√≠ba,Itabaiana,Jucuri
PB,Para√≠ba,Itabaiana,Luiz Saraiva
PB,Para√≠ba,Itabaiana,Zona Rural
PB,Para√≠ba,Itaporanga
PB,Para√≠ba,Itaporanga,Alto Ginasio
PB,Para√≠ba,Itaporanga,Alto Madeiro
PB,Para√≠ba,Itaporanga,Alto Neves
PB,Para√≠ba,Itaporanga,Balduino Carvalh
PB,Para√≠ba,Itaporanga,Bela Vista
PB,Para√≠ba,Itaporanga,Castelo Branco
PB,Para√≠ba,Itaporanga,Centro
PB,Para√≠ba,Itaporanga,Chagas Soares
PB,Para√≠ba,Itaporanga,Costa e Silva
PB,Para√≠ba,Itaporanga,Crizanto Pereira
PB,Para√≠ba,Itaporanga,Miguel Morato
PB,Para√≠ba,Itaporanga,Pedra Bonita
PB,Para√≠ba,Itaporanga,Vila Mocol
PB,Para√≠ba,Itaporanga,Xique Xique
PB,Para√≠ba,Itaporanga,Zona Rural
PB,Para√≠ba,Itapororoca
PB,Para√≠ba,Itapororoca,Centro
PB,Para√≠ba,Itapororoca,Cruzeiro
PB,Para√≠ba,Itapororoca,Estudantes
PB,Para√≠ba,Itapororoca,Vista Alegre
PB,Para√≠ba,Itapororoca,Zona Rural
PB,Para√≠ba,Itatuba
PB,Para√≠ba,Itatuba,Centro
PB,Para√≠ba,Itatuba,Joaquim Florentino
PB,Para√≠ba,Itatuba,Santo Antonio
PB,Para√≠ba,Itatuba,Zona Rural
PB,Para√≠ba,Jacara˙
PB,Para√≠ba,Jacara˙,Centro
PB,Para√≠ba,Jacara˙,IpÍs
PB,Para√≠ba,Jacara˙,Virgilio r Silva
PB,Para√≠ba,Jacara˙,Zona Rural
PB,Para√≠ba,Jacum„
PB,Para√≠ba,Jacum„,Balneario Novo Mundo
PB,Para√≠ba,Jacum„,Carapibus
PB,Para√≠ba,Jacum„,Centro
PB,Para√≠ba,Jacum„,Praia Amor
PB,Para√≠ba,Jacum„,Tabatinga
PB,Para√≠ba,Jacum„,Varadouro
PB,Para√≠ba,Jacum„,Vila Pescadores
PB,Para√≠ba,Jacum„,Village Jacum„
PB,Para√≠ba,Jacum„,Zona Rural
PB,Para√≠ba,Jaragu·
PB,Para√≠ba,Jaragu·,Centro
PB,Para√≠ba,Jenipapo - S„o Bento
PB,Para√≠ba,JericÛ
PB,Para√≠ba,JericÛ,Centro
PB,Para√≠ba,JericÛ,Jericozinho
PB,Para√≠ba,JericÛ,Zona Rural
PB,Para√≠ba,Jo·
PB,Para√≠ba,Jo·,Centro
PB,Para√≠ba,Jo„o Pessoa
PB,Para√≠ba,Jo„o Pessoa,Aeroclube
PB,Para√≠ba,Jo„o Pessoa,Aeroporto
PB,Para√≠ba,Jo„o Pessoa,Afogados
PB,Para√≠ba,Jo„o Pessoa,¡gua Fria
PB,Para√≠ba,Jo„o Pessoa,AlagadiÁo Novo
PB,Para√≠ba,Jo„o Pessoa,Altiplano
PB,Para√≠ba,Jo„o Pessoa,Altiplano Cabo Branco
PB,Para√≠ba,Jo„o Pessoa,Alto Branco
PB,Para√≠ba,Jo„o Pessoa,Alto CÈu
PB,Para√≠ba,Jo„o Pessoa,AnatÛlia
PB,Para√≠ba,Jo„o Pessoa,At. Mateus
PB,Para√≠ba,Jo„o Pessoa,Bairro do IpÍs
PB,Para√≠ba,Jo„o Pessoa,Banc·rios
PB,Para√≠ba,Jo„o Pessoa,Barra Grande
PB,Para√≠ba,Jo„o Pessoa,Beira Rio
PB,Para√≠ba,Jo„o Pessoa,Benedito Bentes
PB,Para√≠ba,Jo„o Pessoa,Bessa
PB,Para√≠ba,Jo„o Pessoa,Bisamar
PB,Para√≠ba,Jo„o Pessoa,Boa Vista
PB,Para√≠ba,Jo„o Pessoa,Bodocongo
PB,Para√≠ba,Jo„o Pessoa,Bom Pastor
PB,Para√≠ba,Jo„o Pessoa,Brismar
PB,Para√≠ba,Jo„o Pessoa,Cabedelo
PB,Para√≠ba,Jo„o Pessoa,Cabo Branco
PB,Para√≠ba,Jo„o Pessoa,Cajueiro
PB,Para√≠ba,Jo„o Pessoa,Campo Grande
PB,Para√≠ba,Jo„o Pessoa,Castelo Branco
PB,Para√≠ba,Jo„o Pessoa,Castelo Branco i
PB,Para√≠ba,Jo„o Pessoa,Castelo Branco ii
PB,Para√≠ba,Jo„o Pessoa,Castelo Branco III
PB,Para√≠ba,Jo„o Pessoa,CatolÈ
PB,Para√≠ba,Jo„o Pessoa,Cenro
PB,Para√≠ba,Jo„o Pessoa,Centro
PB,Para√≠ba,Jo„o Pessoa,Centro/Torre
PB,Para√≠ba,Jo„o Pessoa,Centro/Torre
PB,Para√≠ba,Jo„o Pessoa,Cidade Colibri
PB,Para√≠ba,Jo„o Pessoa,Cidade Colibris
PB,Para√≠ba,Jo„o Pessoa,Conde
PB,Para√≠ba,Jo„o Pessoa,Conjunto Omega
PB,Para√≠ba,Jo„o Pessoa,Cord„o Encarnado
PB,Para√≠ba,Jo„o Pessoa,Costa e Silva
PB,Para√≠ba,Jo„o Pessoa,Cristo
PB,Para√≠ba,Jo„o Pessoa,Cristo Redentor
PB,Para√≠ba,Jo„o Pessoa,Crus das Armas
PB,Para√≠ba,Jo„o Pessoa,Cruz das Almas
PB,Para√≠ba,Jo„o Pessoa,Cuia
PB,Para√≠ba,Jo„o Pessoa,Didtrito Industrial 
PB,Para√≠ba,Jo„o Pessoa,Dinamerica
PB,Para√≠ba,Jo„o Pessoa,Distrito Ind. Mangabeira
PB,Para√≠ba,Jo„o Pessoa,Distrito Industrial
PB,Para√≠ba,Jo„o Pessoa,Distrito Industrial Mangabeira
PB,Para√≠ba,Jo„o Pessoa,Distrito Mec‚nico
PB,Para√≠ba,Jo„o Pessoa,Ernani S·tiro
PB,Para√≠ba,Jo„o Pessoa,Ernesto Geisel
PB,Para√≠ba,Jo„o Pessoa,Esplanada
PB,Para√≠ba,Jo„o Pessoa,Estados
PB,Para√≠ba,Jo„o Pessoa,Expedicion·rios
PB,Para√≠ba,Jo„o Pessoa,Funcion·rios
PB,Para√≠ba,Jo„o Pessoa,Funcion·rios II
PB,Para√≠ba,Jo„o Pessoa,Funcion·rios III
PB,Para√≠ba,Jo„o Pessoa,Funcion·rios IV
PB,Para√≠ba,Jo„o Pessoa,Geisel
PB,Para√≠ba,Jo„o Pessoa,Gramame
PB,Para√≠ba,Jo„o Pessoa,Grot„o
PB,Para√≠ba,Jo„o Pessoa,Ilha do Bispo
PB,Para√≠ba,Jo„o Pessoa,Ind˙strias
PB,Para√≠ba,Jo„o Pessoa,Intermares
PB,Para√≠ba,Jo„o Pessoa,IpÍs
PB,Para√≠ba,Jo„o Pessoa,Jaguaribe
PB,Para√≠ba,Jo„o Pessoa,Jardim 13 de Maio
PB,Para√≠ba,Jo„o Pessoa,Jardim AmÈrico
PB,Para√≠ba,Jo„o Pessoa,Jardim Cepol
PB,Para√≠ba,Jo„o Pessoa,Jardim CID Universit·ria
PB,Para√≠ba,Jo„o Pessoa,Jardim Continental
PB,Para√≠ba,Jo„o Pessoa,Jardim das Ac·cias
PB,Para√≠ba,Jo„o Pessoa,Jardim EsperanÁa
PB,Para√≠ba,Jo„o Pessoa,Jardim Luna
PB,Para√≠ba,Jo„o Pessoa,Jardim Oceania
PB,Para√≠ba,Jo„o Pessoa,Jardim Planalto
PB,Para√≠ba,Jo„o Pessoa,Jardim S„o Paulo
PB,Para√≠ba,Jo„o Pessoa,Jardim Tavares
PB,Para√≠ba,Jo„o Pessoa,Jardim Veneza
PB,Para√≠ba,Jo„o Pessoa,Jo„o Agripino
PB,Para√≠ba,Jo„o Pessoa,Jo„o Paulo II
PB,Para√≠ba,Jo„o Pessoa,Joguaribe
PB,Para√≠ba,Jo„o Pessoa,JosÈ AmÈrcio
PB,Para√≠ba,Jo„o Pessoa,JosÈ AmÈrico
PB,Para√≠ba,Jo„o Pessoa,JosÈ AmÈrico Almeida
PB,Para√≠ba,Jo„o Pessoa,JosÈ Pinheiro
PB,Para√≠ba,Jo„o Pessoa,Juracy Palhano
PB,Para√≠ba,Jo„o Pessoa,Lagoa
PB,Para√≠ba,Jo„o Pessoa,Lagoa Azul
PB,Para√≠ba,Jo„o Pessoa,Lagoa Nova
PB,Para√≠ba,Jo„o Pessoa,Lagoa Seca
PB,Para√≠ba,Jo„o Pessoa,Loteamento Morada Nova
PB,Para√≠ba,Jo„o Pessoa,Loteamento Vila Buriti
PB,Para√≠ba,Jo„o Pessoa,Louzeiro
PB,Para√≠ba,Jo„o Pessoa,Madalena
PB,Para√≠ba,Jo„o Pessoa,Malvinas
PB,Para√≠ba,Jo„o Pessoa,Manaira
PB,Para√≠ba,Jo„o Pessoa,Mandacaru
PB,Para√≠ba,Jo„o Pessoa,Mangabeira
PB,Para√≠ba,Jo„o Pessoa,Mangabeira i
PB,Para√≠ba,Jo„o Pessoa,Mangabeira II
PB,Para√≠ba,Jo„o Pessoa,Mangabeira IV
PB,Para√≠ba,Jo„o Pessoa,Mangabeira VI
PB,Para√≠ba,Jo„o Pessoa,Mangabeira VII
PB,Para√≠ba,Jo„o Pessoa,Mangabeira VIII
PB,Para√≠ba,Jo„o Pessoa,Mangabeiras
PB,Para√≠ba,Jo„o Pessoa,Mares
PB,Para√≠ba,Jo„o Pessoa,Miramar
PB,Para√≠ba,Jo„o Pessoa,Mirante
PB,Para√≠ba,Jo„o Pessoa,MONTE SANTO
PB,Para√≠ba,Jo„o Pessoa,MuÁumagro
PB,Para√≠ba,Jo„o Pessoa,Mumbaba
PB,Para√≠ba,Jo„o Pessoa,NaÁıes
PB,Para√≠ba,Jo„o Pessoa,NOSSA SENHORA DE NAZAR…
PB,Para√≠ba,Jo„o Pessoa,Nova AmÈrica
PB,Para√≠ba,Jo„o Pessoa,Novais
PB,Para√≠ba,Jo„o Pessoa,Oitizeiro
PB,Para√≠ba,Jo„o Pessoa,Padre ZÈ
PB,Para√≠ba,Jo„o Pessoa,Paratibe
PB,Para√≠ba,Jo„o Pessoa,Parque EsperanÁa
PB,Para√≠ba,Jo„o Pessoa,Parque Manibura
PB,Para√≠ba,Jo„o Pessoa,Paupina
PB,Para√≠ba,Jo„o Pessoa,Pedra Lavrada
PB,Para√≠ba,Jo„o Pessoa,Pedro Condim
PB,Para√≠ba,Jo„o Pessoa,Pedro Gondim
PB,Para√≠ba,Jo„o Pessoa,Penha
PB,Para√≠ba,Jo„o Pessoa,Periperi
PB,Para√≠ba,Jo„o Pessoa,Pina
PB,Para√≠ba,Jo„o Pessoa,Pitimbu
PB,Para√≠ba,Jo„o Pessoa,Planalto Boa Esperan
PB,Para√≠ba,Jo„o Pessoa,Planalto Boa EsperanÁa
PB,Para√≠ba,Jo„o Pessoa,PoÁo
PB,Para√≠ba,Jo„o Pessoa,Ponta Seixas
PB,Para√≠ba,Jo„o Pessoa,Portal do Sol
PB,Para√≠ba,Jo„o Pessoa,Rangel
PB,Para√≠ba,Jo„o Pessoa,Renascer
PB,Para√≠ba,Jo„o Pessoa,Renascer II
PB,Para√≠ba,Jo„o Pessoa,Roger
PB,Para√≠ba,Jo„o Pessoa,Santa Rita
PB,Para√≠ba,Jo„o Pessoa,S„o JosÈ
PB,Para√≠ba,Jo„o Pessoa,S„o Sebasti„o
PB,Para√≠ba,Jo„o Pessoa,Sem Bairro
PB,Para√≠ba,Jo„o Pessoa,Serrotao
PB,Para√≠ba,Jo„o Pessoa,SÌtio Cachoeira
PB,Para√≠ba,Jo„o Pessoa,Tabuleiro dos Martins
PB,Para√≠ba,Jo„o Pessoa,Tambau
PB,Para√≠ba,Jo„o Pessoa,Tambauzinho
PB,Para√≠ba,Jo„o Pessoa,Tambauzino
PB,Para√≠ba,Jo„o Pessoa,Tambay
PB,Para√≠ba,Jo„o Pessoa,Tambia
PB,Para√≠ba,Jo„o Pessoa,Tamb˙
PB,Para√≠ba,Jo„o Pessoa,Tibiri II
PB,Para√≠ba,Jo„o Pessoa,Torre
PB,Para√≠ba,Jo„o Pessoa,Treze de Maio
PB,Para√≠ba,Jo„o Pessoa,Trincheiras
PB,Para√≠ba,Jo„o Pessoa,Universit·rio
PB,Para√≠ba,Jo„o Pessoa,Urca
PB,Para√≠ba,Jo„o Pessoa,Valentina 1
PB,Para√≠ba,Jo„o Pessoa,Valentina Figueiro
PB,Para√≠ba,Jo„o Pessoa,Varadouro
PB,Para√≠ba,Jo„o Pessoa,Varajao
PB,Para√≠ba,Jo„o Pessoa,Vergel Lago
PB,Para√≠ba,Jo„o Pessoa,Vila Cabral
PB,Para√≠ba,Jo„o Pessoa,Vila Ellery
PB,Para√≠ba,Jo„o Pessoa,Viradouro
PB,Para√≠ba,Jo„o Pessoa,Zona Rural
PB,Para√≠ba,Jo„o Pessoa,Zumbi
PB,Para√≠ba,Joaquim Barbosa
PB,Para√≠ba,Joaquim Barbosa,Centro
PB,Para√≠ba,Joaquim Barbosa,Zona Rural
PB,Para√≠ba,Ju·
PB,Para√≠ba,Ju·,Centro
PB,Para√≠ba,Juarez T·vora
PB,Para√≠ba,Juarez T·vora,Centro
PB,Para√≠ba,Juarez T·vora,Ginasio
PB,Para√≠ba,Juazeirinho
PB,Para√≠ba,Juazeirinho,Alto Medeiros
PB,Para√≠ba,Juazeirinho,Bela Vista
PB,Para√≠ba,Juazeirinho,Burity
PB,Para√≠ba,Juazeirinho,Centro
PB,Para√≠ba,Juazeirinho,Frei Damiao
PB,Para√≠ba,Juazeirinho,Inacia Emidia Diniz
PB,Para√≠ba,Juazeirinho,Zona Rural
PB,Para√≠ba,Junco do SeridÛ
PB,Para√≠ba,Junco do SeridÛ,Centro
PB,Para√≠ba,Junco do SeridÛ,Santo Antonio
PB,Para√≠ba,Jurema - Itatuba
PB,Para√≠ba,Jurema - Itatuba,Centro
PB,Para√≠ba,Jurema - Tavares
PB,Para√≠ba,Jurema - Tavares,Centro
PB,Para√≠ba,Juripiranga
PB,Para√≠ba,Juripiranga,Caio c Araujo
PB,Para√≠ba,Juripiranga,Centro
PB,Para√≠ba,Juripiranga,Guaratiba
PB,Para√≠ba,Juripiranga,Jose j Goncalves
PB,Para√≠ba,Jur˙
PB,Para√≠ba,Jur˙,Centro
PB,Para√≠ba,Jur˙,Sao Sebastiao
PB,Para√≠ba,Jur˙,Serra Branca
PB,Para√≠ba,Jur˙,Zona Rural
PB,Para√≠ba,Lagoa
PB,Para√≠ba,Lagoa,Antonio j Souza
PB,Para√≠ba,Lagoa,Centro
PB,Para√≠ba,Lagoa,Zona Rural
PB,Para√≠ba,Lagoa da Cruz
PB,Para√≠ba,Lagoa da Cruz,Centro
PB,Para√≠ba,Lagoa de Dentro
PB,Para√≠ba,Lagoa de Dentro,Centro
PB,Para√≠ba,Lagoa de Dentro,Cristo Rei
PB,Para√≠ba,Lagoa de Dentro,Populares
PB,Para√≠ba,Lagoa de Dentro,Zona Rural
PB,Para√≠ba,Lagoa de Dentro - Puxinan„
PB,Para√≠ba,Lagoa de Dentro - Puxinan„,Centro
PB,Para√≠ba,Lagoa de Dentro - Puxinan„,Zona Rural
PB,Para√≠ba,Lagoa do FÈlix
PB,Para√≠ba,Lagoa do FÈlix,Centro
PB,Para√≠ba,Lagoa do FÈlix,Zona Rural
PB,Para√≠ba,Lagoa do Juca
PB,Para√≠ba,Lagoa do Juca,Centro
PB,Para√≠ba,Lagoa do Mato
PB,Para√≠ba,Lagoa do Mato,Centro
PB,Para√≠ba,Lagoa do Mato,Zona Rural
PB,Para√≠ba,Lagoa Seca
PB,Para√≠ba,Lagoa Seca,Anacleto
PB,Para√≠ba,Lagoa Seca,Bela Vista
PB,Para√≠ba,Lagoa Seca,Centro
PB,Para√≠ba,Lagoa Seca,Donda Correia
PB,Para√≠ba,Lagoa Seca,Santo AntÙnio
PB,Para√≠ba,Lagoa Seca,Zona Rural
PB,Para√≠ba,Lagoinha
PB,Para√≠ba,Lagoinha,Centro
PB,Para√≠ba,Lastro
PB,Para√≠ba,Lastro,Alto Boa Vista
PB,Para√≠ba,Lastro,Cehap
PB,Para√≠ba,Lastro,Centro
PB,Para√≠ba,Leal-Landia
PB,Para√≠ba,Lerol‚ndia
PB,Para√≠ba,Lerol‚ndia,Centro
PB,Para√≠ba,Livramento
PB,Para√≠ba,Livramento,Centro
PB,Para√≠ba,Livramento,Santo Antonio
PB,Para√≠ba,Livramento,Zona Rural
PB,Para√≠ba,Logradouro
PB,Para√≠ba,Logradouro,Centro
PB,Para√≠ba,Logradouro,Zona Rural
PB,Para√≠ba,Logradouro - Fagundes
PB,Para√≠ba,Logradouro - Fagundes,Centro
PB,Para√≠ba,Logradouro de Cima
PB,Para√≠ba,Logradouro de Cima,Centro
PB,Para√≠ba,Logradouro de Cima,Cj JosÈ Sarney
PB,Para√≠ba,Lucena
PB,Para√≠ba,Lucena,Centro
PB,Para√≠ba,Lucena,Fagundes
PB,Para√≠ba,Lucena,Novo
PB,Para√≠ba,Lucena,Sol Lucena
PB,Para√≠ba,Lucena,Zona Rural
PB,Para√≠ba,Maciel
PB,Para√≠ba,M„e D'¡gua
PB,Para√≠ba,M„e D'¡gua,Centro
PB,Para√≠ba,M„e D'¡gua,Manoel b Lucena
PB,Para√≠ba,M„e D'¡gua,Zona Rural
PB,Para√≠ba,Maia
PB,Para√≠ba,Maia,Centro
PB,Para√≠ba,Maia,Zona Rural
PB,Para√≠ba,Malhada da RoÁa
PB,Para√≠ba,Malhada da RoÁa,Centro
PB,Para√≠ba,Malhada Grande
PB,Para√≠ba,Malhada Grande,Centro
PB,Para√≠ba,Malta
PB,Para√≠ba,Malta,Centro
PB,Para√≠ba,Malta,Narciso m Sousa
PB,Para√≠ba,Malta,Zona Rural
PB,Para√≠ba,Mamanguape
PB,Para√≠ba,Mamanguape,Alto Cemiterio
PB,Para√≠ba,Mamanguape,Areal
PB,Para√≠ba,Mamanguape,Campo
PB,Para√≠ba,Mamanguape,Centro
PB,Para√≠ba,Mamanguape,Cidade Nova
PB,Para√≠ba,Mamanguape,Condado
PB,Para√≠ba,Mamanguape,Distrito Mecanico
PB,Para√≠ba,Mamanguape,Gurguri
PB,Para√≠ba,Mamanguape,Mangabeira
PB,Para√≠ba,Mamanguape,Manoel Fernandes Lim
PB,Para√≠ba,Mamanguape,Planalto
PB,Para√≠ba,Mamanguape,Satelite
PB,Para√≠ba,Mamanguape,Terra Nova
PB,Para√≠ba,Mamanguape,Zona Rural
PB,Para√≠ba,ManaÌra
PB,Para√≠ba,ManaÌra,Centro
PB,Para√≠ba,ManaÌra,Dom Paulo
PB,Para√≠ba,Maneco
PB,Para√≠ba,Maneco,Centro
PB,Para√≠ba,Maneco,Zona Rural
PB,Para√≠ba,Manguape - S„o Sebasti„o de Lagoa de RoÁa
PB,Para√≠ba,Manguape - S„o Sebasti„o de Lagoa de RoÁa,Zona Rural
PB,Para√≠ba,Manguenza
PB,Para√≠ba,Manguenza,Centro
PB,Para√≠ba,Manguenza,Zona Rural
PB,Para√≠ba,Maracaj·
PB,Para√≠ba,Maracaj·,Centro
PB,Para√≠ba,Maracaj·,Zona Rural
PB,Para√≠ba,MarcaÁ„o
PB,Para√≠ba,MarcaÁ„o,Centro
PB,Para√≠ba,MarcaÁ„o,Zona Rural
PB,Para√≠ba,Mari
PB,Para√≠ba,Mari,Aeroporto
PB,Para√≠ba,Mari,Centro
PB,Para√≠ba,Mari,Chico Faustino
PB,Para√≠ba,Mari,Fernando Faustino
PB,Para√≠ba,Mari,Jose Americo Almeida
PB,Para√≠ba,Mari,Lindolfo Montei
PB,Para√≠ba,Mari,Pasto Novo
PB,Para√≠ba,Mari,Silvino Costa
PB,Para√≠ba,Mari,Sudene
PB,Para√≠ba,Mari,Vermelho
PB,Para√≠ba,Mari,Zona Rural
PB,Para√≠ba,Marinho
PB,Para√≠ba,Marinho,Centro
PB,Para√≠ba,Marinho,Zona Rural
PB,Para√≠ba,MarizÛpolis
PB,Para√≠ba,MarizÛpolis,Centro
PB,Para√≠ba,Massabiele
PB,Para√≠ba,Massabiele,Centro
PB,Para√≠ba,Massangana III
PB,Para√≠ba,Massangana III,Centro
PB,Para√≠ba,Massaranduba
PB,Para√≠ba,Massaranduba,Alto Bela Vista
PB,Para√≠ba,Massaranduba,Centro
PB,Para√≠ba,Massaranduba,Zona Rural
PB,Para√≠ba,Mata Limpa
PB,Para√≠ba,Mata Limpa,Centro
PB,Para√≠ba,Mata Redonda
PB,Para√≠ba,Mata Redonda,Centro
PB,Para√≠ba,Mata Redonda,Zona Rural
PB,Para√≠ba,Mata Velha
PB,Para√≠ba,Mata Velha,Centro
PB,Para√≠ba,Mata Velha,Zona Rural
PB,Para√≠ba,Mata Virgem
PB,Para√≠ba,Mataraca
PB,Para√≠ba,Mataraca,Centro
PB,Para√≠ba,Mataraca,Cj Novo Horizonte
PB,Para√≠ba,Mataraca,Jardim Planalto
PB,Para√≠ba,Mataraca,Planalto ii
PB,Para√≠ba,Mataraca,Zona Rural
PB,Para√≠ba,Matinhas
PB,Para√≠ba,Matinhas,Centro
PB,Para√≠ba,Matinhas,Zona Rural
PB,Para√≠ba,Mato Grosso
PB,Para√≠ba,Mato Grosso,Centro
PB,Para√≠ba,Mato Grosso,Zona Rural
PB,Para√≠ba,MaturÈia
PB,Para√≠ba,MaturÈia,Centro
PB,Para√≠ba,Melancia - Santa Helena
PB,Para√≠ba,MituaÁu
PB,Para√≠ba,MituaÁu,Centro
PB,Para√≠ba,Mogeiro
PB,Para√≠ba,Mogeiro,Centro
PB,Para√≠ba,Mogeiro,Lot Mariz
PB,Para√≠ba,Mogeiro,Maria Peixoto
PB,Para√≠ba,Mogeiro,Pedro l Macedo
PB,Para√≠ba,Mogeiro,Vila Nova Descoberta
PB,Para√≠ba,Mogeiro,Zona Rural
PB,Para√≠ba,Montadas
PB,Para√≠ba,Montadas,Centro
PB,Para√≠ba,Monte Horebe
PB,Para√≠ba,Monte Horebe,Centro
PB,Para√≠ba,Monte Horebe,Sao Jose
PB,Para√≠ba,Monte Horebe,Zona Rural
PB,Para√≠ba,Monteiro
PB,Para√≠ba,Monteiro,Altiplano
PB,Para√≠ba,Monteiro,Alto Sao Vicente
PB,Para√≠ba,Monteiro,Bela Vista
PB,Para√≠ba,Monteiro,Centro
PB,Para√≠ba,Monteiro,Vila Popular
PB,Para√≠ba,Monteiro,Zona Rural
PB,Para√≠ba,MororÛ
PB,Para√≠ba,MororÛ,Centro
PB,Para√≠ba,MororÛ,Zona Rural
PB,Para√≠ba,Mulungu
PB,Para√≠ba,Mulungu,Achiles Leal
PB,Para√≠ba,Mulungu,Centro
PB,Para√≠ba,Mulungu,Zona Rural
PB,Para√≠ba,Natuba
PB,Para√≠ba,Natuba,Centro
PB,Para√≠ba,Natuba,Zona Rural
PB,Para√≠ba,NazarÈ
PB,Para√≠ba,NazarÈ,Centro
PB,Para√≠ba,NazarÈ,Zona Rural
PB,Para√≠ba,Nazarezinho
PB,Para√≠ba,Nazarezinho,Alto Boa Vista
PB,Para√≠ba,Nazarezinho,Centro
PB,Para√≠ba,Nazarezinho,Francisco Lins
PB,Para√≠ba,Nazarezinho,Francisco Mendes
PB,Para√≠ba,Nazarezinho,Lindolfo Pires
PB,Para√≠ba,Nazarezinho,Vila Nova
PB,Para√≠ba,Nazarezinho,Zona Rural
PB,Para√≠ba,Nossa Senhora do Livramento
PB,Para√≠ba,Nossa Senhora do Livramento,Centro
PB,Para√≠ba,Nova Cuba
PB,Para√≠ba,Nova Cuba,Centro
PB,Para√≠ba,Nova Cuba,Cuba Baixo
PB,Para√≠ba,Nova Floresta
PB,Para√≠ba,Nova Floresta,Centro
PB,Para√≠ba,Nova Floresta,Francisco Estevao
PB,Para√≠ba,Nova Olinda
PB,Para√≠ba,Nova Olinda,Centro
PB,Para√≠ba,Nova Olinda,Zona Rural
PB,Para√≠ba,Nova Palmeira
PB,Para√≠ba,Nova Palmeira,Centro
PB,Para√≠ba,Nova Palmeira,Zona Rural
PB,Para√≠ba,Nova Vida
PB,Para√≠ba,Nova Vida,Centro
PB,Para√≠ba,Novo Salvador
PB,Para√≠ba,Novo Salvador,Centro
PB,Para√≠ba,N˙cleo 1
PB,Para√≠ba,N˙cleo 1,Centro
PB,Para√≠ba,N˙cleo 1,Zona Rural
PB,Para√≠ba,N˙cleo 2
PB,Para√≠ba,N˙cleo 2,Centro
PB,Para√≠ba,N˙cleo 2,Zona Rural
PB,Para√≠ba,N˙cleo AgrÌcola 3
PB,Para√≠ba,N˙cleo AgrÌcola 3,Centro
PB,Para√≠ba,N˙cleo AgrÌcola 3,Zona Rural
PB,Para√≠ba,Odil‚ndia
PB,Para√≠ba,Odil‚ndia,Centro
PB,Para√≠ba,Oiti
PB,Para√≠ba,Oiti,Centro
PB,Para√≠ba,Oiti,Zona Rural
PB,Para√≠ba,Olho D'¡gua
PB,Para√≠ba,Olho D'¡gua,Centro
PB,Para√≠ba,Olho D'¡gua,Zona Rural
PB,Para√≠ba,Olho D'¡gua de Capim
PB,Para√≠ba,Olho D'¡gua de Capim,Centro
PB,Para√≠ba,Olivedos
PB,Para√≠ba,Olivedos,Cehap
PB,Para√≠ba,Olivedos,Centro
PB,Para√≠ba,Olivedos,Zona Rural
PB,Para√≠ba,Ouro Velho
PB,Para√≠ba,Ouro Velho,Centro
PB,Para√≠ba,Ouro Velho,Zona Rural
PB,Para√≠ba,Pai Domingos
PB,Para√≠ba,Pai Domingos,Centro
PB,Para√≠ba,Palestina
PB,Para√≠ba,Palestina,Centro
PB,Para√≠ba,Palmeira
PB,Para√≠ba,Palmeira,Centro
PB,Para√≠ba,Parari
PB,Para√≠ba,Parari,Centro
PB,Para√≠ba,Parari,Jose a a Caluete
PB,Para√≠ba,Passagem
PB,Para√≠ba,Passagem,Centro
PB,Para√≠ba,Passagem,Zona Rural
PB,Para√≠ba,Patos
PB,Para√≠ba,Patos,Alto Boa Vista
PB,Para√≠ba,Patos,Alto Tubiba
PB,Para√≠ba,Patos,Banc·rios
PB,Para√≠ba,Patos,Belo Horizonte
PB,Para√≠ba,Patos,Bessa
PB,Para√≠ba,Patos,Bivar Olinto
PB,Para√≠ba,Patos,Brasilia
PB,Para√≠ba,Patos,Cabo Branco
PB,Para√≠ba,Patos,CaicÛ
PB,Para√≠ba,Patos,Centro
PB,Para√≠ba,Patos,Cicero Torres
PB,Para√≠ba,Patos,Cristo Redentor
PB,Para√≠ba,Patos,Distrito Industrial
PB,Para√≠ba,Patos,Dona Milindra
PB,Para√≠ba,Patos,Edvaldo Mota
PB,Para√≠ba,Patos,Ernani S·tiro
PB,Para√≠ba,Patos,Ilha do Bispo
PB,Para√≠ba,Patos,Intermares
PB,Para√≠ba,Patos,Itapetim
PB,Para√≠ba,Patos,Jardim Bela Vista
PB,Para√≠ba,Patos,Jardim California
PB,Para√≠ba,Patos,Jardim Europa
PB,Para√≠ba,Patos,Jardim Guanabara
PB,Para√≠ba,Patos,Jardim Lacerda
PB,Para√≠ba,Patos,Jardim Magnolia
PB,Para√≠ba,Patos,Jardim Oceania
PB,Para√≠ba,Patos,Jardim Pedro Firmino
PB,Para√≠ba,Patos,Jardim Planalto
PB,Para√≠ba,Patos,Jardim Queiroz
PB,Para√≠ba,Patos,Jardim Redencao
PB,Para√≠ba,Patos,Jardim Redencao iii
PB,Para√≠ba,Patos,Jatoba
PB,Para√≠ba,Patos,Jose Mariz
PB,Para√≠ba,Patos,Jua Doce
PB,Para√≠ba,Patos,Liberdade
PB,Para√≠ba,Patos,Mangabeira
PB,Para√≠ba,Patos,Manoel Nascimento
PB,Para√≠ba,Patos,Maternidade
PB,Para√≠ba,Patos,Monte Castelo
PB,Para√≠ba,Patos,Monte LÌbano
PB,Para√≠ba,Patos,Morro
PB,Para√≠ba,Patos,Noe Trajano
PB,Para√≠ba,Patos,Nova BrasÌlia
PB,Para√≠ba,Patos,Nova Conquista
PB,Para√≠ba,Patos,Novo Horizonte
PB,Para√≠ba,Patos,Oitizeiro
PB,Para√≠ba,Patos,Salgadinho
PB,Para√≠ba,Patos,Santo Antonio
PB,Para√≠ba,Patos,Sao Sebastiao
PB,Para√≠ba,Patos,Vila Cavalcante
PB,Para√≠ba,Patos,Vila Mariana
PB,Para√≠ba,Patos,Vila Nova
PB,Para√≠ba,Patos,Vitoria
PB,Para√≠ba,Patos,Zona Rural
PB,Para√≠ba,Paulista
PB,Para√≠ba,Paulista,Centro
PB,Para√≠ba,Paulista,Santo Amaro
PB,Para√≠ba,Paulista,Zona Rural
PB,Para√≠ba,Pedra Branca
PB,Para√≠ba,Pedra Branca,Centro
PB,Para√≠ba,Pedra Branca,Zona Rural
PB,Para√≠ba,Pedra D'¡gua - Caturite
PB,Para√≠ba,Pedra D'¡gua - Caturite,Centro
PB,Para√≠ba,Pedra D'¡gua - Caturite,Zona Rural
PB,Para√≠ba,Pedra Lavrada
PB,Para√≠ba,Pedra Lavrada,Centro
PB,Para√≠ba,Pedra Lavrada,Jardim Europa
PB,Para√≠ba,Pedra Lavrada,Zona Rural
PB,Para√≠ba,Pedras de Fogo
PB,Para√≠ba,Pedras de Fogo,Centro
PB,Para√≠ba,Pedras de Fogo Rural
PB,Para√≠ba,Pedras de Fogo Rural,Zona Rural
PB,Para√≠ba,Pedro RÈgis
PB,Para√≠ba,Pedro RÈgis,Centro
PB,Para√≠ba,Pedro RÈgis,Zona Rural
PB,Para√≠ba,Pedro Velho
PB,Para√≠ba,Pedro Velho,Centro
PB,Para√≠ba,Pelo Sinal
PB,Para√≠ba,Pelo Sinal,Centro
PB,Para√≠ba,Pelo Sinal,Zona Rural
PB,Para√≠ba,PerÌmetro Irrigado
PB,Para√≠ba,PerÌmetro Irrigado,Centro
PB,Para√≠ba,Pernambuquinho
PB,Para√≠ba,Piabucu
PB,Para√≠ba,PiancÛ
PB,Para√≠ba,PiancÛ,Belo Horizonte
PB,Para√≠ba,PiancÛ,Caixa D'agua
PB,Para√≠ba,PiancÛ,Campo Novo
PB,Para√≠ba,PiancÛ,Centro
PB,Para√≠ba,PiancÛ,Felizardo Leite
PB,Para√≠ba,PiancÛ,Mutirao
PB,Para√≠ba,PiancÛ,Ouro Branco
PB,Para√≠ba,PiancÛ,Piancozinho
PB,Para√≠ba,PiancÛ,Sao Vicente
PB,Para√≠ba,PiancÛ,Severino Remigio
PB,Para√≠ba,PiancÛ,Zona Rural
PB,Para√≠ba,PicuÌ
PB,Para√≠ba,PicuÌ,Cenecista
PB,Para√≠ba,PicuÌ,Centro
PB,Para√≠ba,PicuÌ,Cj Francisco Adauto
PB,Para√≠ba,PicuÌ,Felizardo Bezerra
PB,Para√≠ba,PicuÌ,Juscelino Kubitschek
PB,Para√≠ba,PicuÌ,Limeira
PB,Para√≠ba,PicuÌ,Monte Santo
PB,Para√≠ba,PicuÌ,Nova Parnamirim
PB,Para√≠ba,PicuÌ,Pedro Salustino
PB,Para√≠ba,Pilar
PB,Para√≠ba,Pilar,Augusto Bernardo
PB,Para√≠ba,Pilar,Centro
PB,Para√≠ba,Pilar,Ibiranga
PB,Para√≠ba,Pilar,Maria Reg Concei
PB,Para√≠ba,Pilar,Sao Jose
PB,Para√≠ba,Pilıes
PB,Para√≠ba,Pilıes,Centro
PB,Para√≠ba,Pilıes,Cj S„o JosÈ
PB,Para√≠ba,Pilıes,Petronio Cunha
PB,Para√≠ba,Pilıes,Zona Rural
PB,Para√≠ba,Pilıezinhos
PB,Para√≠ba,Pilıezinhos,Centro
PB,Para√≠ba,Pilıezinhos,Zona Rural
PB,Para√≠ba,Pindobal
PB,Para√≠ba,Pindobal,Zona Rural
PB,Para√≠ba,Pindur„o
PB,Para√≠ba,Pindur„o,Centro
PB,Para√≠ba,Pinturas
PB,Para√≠ba,Pio X
PB,Para√≠ba,Pio X,Centro
PB,Para√≠ba,Piranhas Velhas
PB,Para√≠ba,Pirau·
PB,Para√≠ba,Pirau·,Centro
PB,Para√≠ba,Pirau·,Zona Rural
PB,Para√≠ba,Pirpiri - Guarabira
PB,Para√≠ba,Pirpiri - Guarabira,Centro
PB,Para√≠ba,Pirpirituba
PB,Para√≠ba,Pirpirituba,Alto Damiao
PB,Para√≠ba,Pirpirituba,Caixa D'agua
PB,Para√≠ba,Pirpirituba,Centro
PB,Para√≠ba,Pirpirituba,Zona Rural
PB,Para√≠ba,Pitanga da Estrada
PB,Para√≠ba,Pitanga da Estrada,Centro
PB,Para√≠ba,Pitimbu
PB,Para√≠ba,Pitimbu,Alto Bela Vista
PB,Para√≠ba,Pitimbu,Centro
PB,Para√≠ba,Pitimbu,Costa Marli
PB,Para√≠ba,Pitimbu,Praia Azul
PB,Para√≠ba,Pitimbu,Praia Marisco
PB,Para√≠ba,Pitimbu,Senhor Bonfim
PB,Para√≠ba,Pitombeira - Santana dos Garrotes
PB,Para√≠ba,Pitombeira - Santana dos Garrotes,Centro
PB,Para√≠ba,Pitombeira - Santana dos Garrotes,Zona Rural
PB,Para√≠ba,Pocinhos
PB,Para√≠ba,Pocinhos,Centro
PB,Para√≠ba,Pocinhos,Cj Cagepa
PB,Para√≠ba,Pocinhos,Cruzeiro
PB,Para√≠ba,Pocinhos,Ivo Benicio
PB,Para√≠ba,Pocinhos,Jardim Etelvina
PB,Para√≠ba,Pocinhos,Nova BrasÌlia
PB,Para√≠ba,Pocinhos,Zona Rural
PB,Para√≠ba,PoÁo Dantas
PB,Para√≠ba,PoÁo Dantas,Centro
PB,Para√≠ba,PoÁo Dantas,Zona Rural
PB,Para√≠ba,PoÁo de JosÈ de Moura
PB,Para√≠ba,PoÁo de JosÈ de Moura,Casas Populares
PB,Para√≠ba,PoÁo de JosÈ de Moura,Centro
PB,Para√≠ba,PoÁo Pau
PB,Para√≠ba,Pombal
PB,Para√≠ba,Pombal,¡gua Fria
PB,Para√≠ba,Pombal,Carvalhada
PB,Para√≠ba,Pombal,Centro
PB,Para√≠ba,Pombal,Cruz Menina
PB,Para√≠ba,Pombal,Estacao
PB,Para√≠ba,Pombal,Francisco Paulino
PB,Para√≠ba,Pombal,Guindaste
PB,Para√≠ba,Pombal,Jandui Carneiro
PB,Para√≠ba,Pombal,Jardim Rogerio
PB,Para√≠ba,Pombal,Miramar
PB,Para√≠ba,Pombal,Nova Vida
PB,Para√≠ba,Pombal,Pereiros
PB,Para√≠ba,Pombal,Petropolis
PB,Para√≠ba,Pombal,Santa Rosa
PB,Para√≠ba,Pombal,S„o Bentinho
PB,Para√≠ba,Pombal,Vida Nova
PB,Para√≠ba,Pombal,Zona Rural
PB,Para√≠ba,Pontina
PB,Para√≠ba,Pontina,Centro
PB,Para√≠ba,Pontina,Zona Rural
PB,Para√≠ba,Praia de Campina
PB,Para√≠ba,Praia de Campina,Centro
PB,Para√≠ba,Praia de Campina,Zona Rural
PB,Para√≠ba,Prata
PB,Para√≠ba,Prata,Centro
PB,Para√≠ba,Prata,Zona Rural
PB,Para√≠ba,Princesa Isabel
PB,Para√≠ba,Princesa Isabel,Aluisio p Lima
PB,Para√≠ba,Princesa Isabel,Aurora s Diniz
PB,Para√≠ba,Princesa Isabel,Baixa
PB,Para√≠ba,Princesa Isabel,Centro
PB,Para√≠ba,Princesa Isabel,Cruzeiro
PB,Para√≠ba,Princesa Isabel,Irene Sergio
PB,Para√≠ba,Princesa Isabel,Jardim Carlota
PB,Para√≠ba,Princesa Isabel,Macap·
PB,Para√≠ba,Princesa Isabel,Maia
PB,Para√≠ba,Princesa Isabel,Matadouro
PB,Para√≠ba,Princesa Isabel,S„o Francisco
PB,Para√≠ba,Princesa Isabel,Zona Rural
PB,Para√≠ba,Puxinan„
PB,Para√≠ba,Puxinan„,Bodocongo
PB,Para√≠ba,Puxinan„,Centro
PB,Para√≠ba,Puxinan„,Malvina
PB,Para√≠ba,Puxinan„,Marinho
PB,Para√≠ba,Puxinan„,Ns Carmo
PB,Para√≠ba,Puxinan„,Zona Rural
PB,Para√≠ba,Queimadas
PB,Para√≠ba,Queimadas,AnÌbal Teixeira
PB,Para√≠ba,Queimadas,Bairro Novo
PB,Para√≠ba,Queimadas,Caraibeiras
PB,Para√≠ba,Queimadas,Castanho
PB,Para√≠ba,Queimadas,Centro
PB,Para√≠ba,Queimadas,Correia Lima
PB,Para√≠ba,Queimadas,Distrito Industrial
PB,Para√≠ba,Queimadas,Ligeiro
PB,Para√≠ba,Queimadas,Nova Cidade
PB,Para√≠ba,Queimadas,Vila Campo
PB,Para√≠ba,Queimadas,Zona Rural
PB,Para√≠ba,Queimadas - Serra Redonda
PB,Para√≠ba,Queimadas - Serra Redonda,Centro
PB,Para√≠ba,Queimadas - Serra Redonda,Zona Rural
PB,Para√≠ba,Quixab·
PB,Para√≠ba,Quixab·,Centro
PB,Para√≠ba,Quixab·,Zona Rural
PB,Para√≠ba,Ramada
PB,Para√≠ba,Ramada,Zona Rural
PB,Para√≠ba,RemÌgio
PB,Para√≠ba,RemÌgio,Centro
PB,Para√≠ba,RemÌgio,Lot Santo AntÙnio
PB,Para√≠ba,RemÌgio,Mutir„o
PB,Para√≠ba,RemÌgio,Padre CÌcero
PB,Para√≠ba,RemÌgio,Zona Rural
PB,Para√≠ba,RenascenÁa
PB,Para√≠ba,RenascenÁa,Centro
PB,Para√≠ba,Riach„o
PB,Para√≠ba,Riach„o,Centro
PB,Para√≠ba,Riach„o,Cj AntÙnio Mariz
PB,Para√≠ba,Riach„o - S„o Bento
PB,Para√≠ba,Riach„o - S„o Bento,Centro
PB,Para√≠ba,Riach„o do Bacamarte
PB,Para√≠ba,Riach„o do Bacamarte,Centro
PB,Para√≠ba,Riach„o do Bacamarte,Zona Rural
PB,Para√≠ba,Riach„o do PoÁo
PB,Para√≠ba,Riach„o do PoÁo,Centro
PB,Para√≠ba,Riacho de Santo AntÙnio
PB,Para√≠ba,Riacho de Santo AntÙnio,Bom Jesus
PB,Para√≠ba,Riacho de Santo AntÙnio,Centro
PB,Para√≠ba,Riacho de Santo AntÙnio,Zona Rural
PB,Para√≠ba,Riacho dos Cavalos
PB,Para√≠ba,Riacho dos Cavalos,Alice Suassuna
PB,Para√≠ba,Riacho dos Cavalos,Centro
PB,Para√≠ba,Riacho dos Cavalos,Ney Suassuna
PB,Para√≠ba,Ribeira - Cabaceiras
PB,Para√≠ba,Ribeira - Cabaceiras,Centro
PB,Para√≠ba,Ribeira - Cabaceiras,Zona Rural
PB,Para√≠ba,Ribeira - Santa Rita
PB,Para√≠ba,Ribeira - Santa Rita,Zona Rural
PB,Para√≠ba,Rio Tinto
PB,Para√≠ba,Rio Tinto,Bonfim
PB,Para√≠ba,Rio Tinto,Centro
PB,Para√≠ba,Rio Tinto,Durval Assis
PB,Para√≠ba,Rio Tinto,Eduardo Ferreira
PB,Para√≠ba,Rio Tinto,Pedro Romero
PB,Para√≠ba,Rio Tinto,Sev. Brand„o
PB,Para√≠ba,Rio Tinto,Vila Regina
PB,Para√≠ba,Rio Tinto,Zona Rural
PB,Para√≠ba,Rua Nova
PB,Para√≠ba,Rua Nova,Centro
PB,Para√≠ba,Salema
PB,Para√≠ba,Salema,Centro
PB,Para√≠ba,Salema,Zona Rural
PB,Para√≠ba,Salgadinho
PB,Para√≠ba,Salgadinho,Centro
PB,Para√≠ba,Salgado de S„o FÈlix
PB,Para√≠ba,Salgado de S„o FÈlix,Apolin·rio s Anjos
PB,Para√≠ba,Salgado de S„o FÈlix,Centro
PB,Para√≠ba,Salgado de S„o FÈlix,Zona Rural
PB,Para√≠ba,Samambaia - Puxinan„
PB,Para√≠ba,Samambaia - Puxinan„,Centro
PB,Para√≠ba,Santa Catarina
PB,Para√≠ba,Santa Catarina,Centro
PB,Para√≠ba,Santa CecÌlia
PB,Para√≠ba,Santa CecÌlia,Centro
PB,Para√≠ba,Santa Cruz
PB,Para√≠ba,Santa Cruz,Centro
PB,Para√≠ba,Santa Cruz,Populares
PB,Para√≠ba,Santa Cruz,Sao Francisco
PB,Para√≠ba,Santa Cruz,Zona Rural
PB,Para√≠ba,Santa Gertrudes
PB,Para√≠ba,Santa Gertrudes,Centro
PB,Para√≠ba,Santa Gertrudes,Zona Rural
PB,Para√≠ba,Santa Helena
PB,Para√≠ba,Santa Helena,Antonio Mariz
PB,Para√≠ba,Santa Helena,Centro
PB,Para√≠ba,Santa Helena,Mutirao
PB,Para√≠ba,Santa Helena,Zona Rural
PB,Para√≠ba,Santa Helena - Cruz do EspÌrito Santo
PB,Para√≠ba,Santa Helena - Cruz do EspÌrito Santo,Centro
PB,Para√≠ba,Santa InÍs
PB,Para√≠ba,Santa InÍs,Centro
PB,Para√≠ba,Santa Luzia
PB,Para√≠ba,Santa Luzia,Antonio b Morais
PB,Para√≠ba,Santa Luzia,Centro
PB,Para√≠ba,Santa Luzia,Cj Frei Dami„o
PB,Para√≠ba,Santa Luzia,Cj In·cio Bento
PB,Para√≠ba,Santa Luzia,Ernesto Geisel
PB,Para√≠ba,Santa Luzia,Jardim Vila Nova
PB,Para√≠ba,Santa Luzia,Mangabeira
PB,Para√≠ba,Santa Luzia,Ns Fatima
PB,Para√≠ba,Santa Luzia,Sao Jose
PB,Para√≠ba,Santa Luzia,Sao Sebastiao
PB,Para√≠ba,Santa Luzia,Zona Rural
PB,Para√≠ba,Santa Luzia do Cariri
PB,Para√≠ba,Santa Luzia do Cariri,Centro
PB,Para√≠ba,Santa Maria - S„o Jo„o do Tigre
PB,Para√≠ba,Santa Maria - S„o Jo„o do Tigre,Centro
PB,Para√≠ba,Santa Maria Gorete
PB,Para√≠ba,Santa Maria Gorete,Centro
PB,Para√≠ba,Santa Rita
PB,Para√≠ba,Santa Rita,40
PB,Para√≠ba,Santa Rita,Aurea Ribeiro
PB,Para√≠ba,Santa Rita,Boa Vista
PB,Para√≠ba,Santa Rita,Centro
PB,Para√≠ba,Santa Rita,Costa e Silva
PB,Para√≠ba,Santa Rita,Cruz das Armas
PB,Para√≠ba,Santa Rita,Distrito Industrial
PB,Para√≠ba,Santa Rita,Emilia Cavalcante
PB,Para√≠ba,Santa Rita,Fernando Santiago
PB,Para√≠ba,Santa Rita,Heitel Santiago
PB,Para√≠ba,Santa Rita,Jaguaribe
PB,Para√≠ba,Santa Rita,Jardim Europa
PB,Para√≠ba,Santa Rita,Jardim Militania
PB,Para√≠ba,Santa Rita,Jardim Mirassol
PB,Para√≠ba,Santa Rita,Liberdade
PB,Para√≠ba,Santa Rita,ManaÌra
PB,Para√≠ba,Santa Rita,Marcos Moura
PB,Para√≠ba,Santa Rita,Mirasol
PB,Para√≠ba,Santa Rita,Municipios
PB,Para√≠ba,Santa Rita,Nice
PB,Para√≠ba,Santa Rita,Nova Trindade
PB,Para√≠ba,Santa Rita,Paulo vi
PB,Para√≠ba,Santa Rita,Planalto
PB,Para√≠ba,Santa Rita,Planalto Tibiri
PB,Para√≠ba,Santa Rita,Planalto Tibiri ii
PB,Para√≠ba,Santa Rita,Popular
PB,Para√≠ba,Santa Rita,Populares
PB,Para√≠ba,Santa Rita,Portal Paraiso
PB,Para√≠ba,Santa Rita,Portal Tibiri
PB,Para√≠ba,Santa Rita,Porto Moinho
PB,Para√≠ba,Santa Rita,Santo Amaro
PB,Para√≠ba,Santa Rita,Sol Nascente
PB,Para√≠ba,Santa Rita,Tibiri
PB,Para√≠ba,Santa Rita,Tibiri LL
PB,Para√≠ba,Santa Rita,Varzea Nova
PB,Para√≠ba,Santa Rita,Vila Tibiri
PB,Para√≠ba,Santa Rita,Zona Rural
PB,Para√≠ba,Santa Rita - SantarÈm
PB,Para√≠ba,Santa Teresinha
PB,Para√≠ba,Santa Teresinha,Alto Rocinha
PB,Para√≠ba,Santa Teresinha,Centro
PB,Para√≠ba,Santa Teresinha,Jose Birro
PB,Para√≠ba,Santa Teresinha,Zona Rural
PB,Para√≠ba,Santa Terezinha
PB,Para√≠ba,Santa Terezinha,Bodocongo
PB,Para√≠ba,Santa Terezinha,Centro
PB,Para√≠ba,Santa Terezinha,Zona Rural
PB,Para√≠ba,Santana de HermÌnio
PB,Para√≠ba,Santana de HermÌnio,Centro
PB,Para√≠ba,Santana de HermÌnio,Santana Gado Bravo
PB,Para√≠ba,Santana de HermÌnio,Zona Rural
PB,Para√≠ba,Santana de Mangueira
PB,Para√≠ba,Santana de Mangueira,Centro
PB,Para√≠ba,Santana dos Garrotes
PB,Para√≠ba,Santana dos Garrotes,Centro
PB,Para√≠ba,SantarÈm
PB,Para√≠ba,SantarÈm,Centro
PB,Para√≠ba,Santo Aleixo
PB,Para√≠ba,Santo Aleixo,Centro
PB,Para√≠ba,Santo Aleixo,Zona Rural
PB,Para√≠ba,Santo AndrÈ
PB,Para√≠ba,Santo AndrÈ,Centro
PB,Para√≠ba,S„o Bentinho
PB,Para√≠ba,S„o Bentinho,Centro
PB,Para√≠ba,S„o Bentinho,Zona Rural
PB,Para√≠ba,S„o Bento
PB,Para√≠ba,S„o Bento,Beira Rio
PB,Para√≠ba,S„o Bento,Belarmino Lucio
PB,Para√≠ba,S„o Bento,Bento Baixo
PB,Para√≠ba,S„o Bento,Bosque Piranhas
PB,Para√≠ba,S„o Bento,Cabo Branco
PB,Para√≠ba,S„o Bento,Centro
PB,Para√≠ba,S„o Bento,D„o Silveira
PB,Para√≠ba,S„o Bento,Herculano
PB,Para√≠ba,S„o Bento,Monte Castelo
PB,Para√≠ba,S„o Bento,Portal
PB,Para√≠ba,S„o Bento,S„o Bentinho
PB,Para√≠ba,S„o Bento,S„o Bento
PB,Para√≠ba,S„o Bento,S„o Bento Baixo
PB,Para√≠ba,S„o Bento,S„o Bernardo
PB,Para√≠ba,S„o Bento,S„o JosÈ
PB,Para√≠ba,S„o Bento,Sudene
PB,Para√≠ba,S„o Domingos de Pombal
PB,Para√≠ba,S„o Domingos de Pombal,Centro
PB,Para√≠ba,S„o Domingos de Pombal,Zona Rural
PB,Para√≠ba,S„o Domingos do Cariri
PB,Para√≠ba,S„o Domingos do Cariri,Bela Vista
PB,Para√≠ba,S„o Domingos do Cariri,Centro
PB,Para√≠ba,S„o Domingos do Cariri,Cruzeiro
PB,Para√≠ba,S„o Domingos do Cariri,Patio
PB,Para√≠ba,S„o Francisco
PB,Para√≠ba,S„o Francisco,Centro
PB,Para√≠ba,S„o Francisco,Cj Ivone Silveira
PB,Para√≠ba,S„o Francisco,Zona Rural
PB,Para√≠ba,S„o GonÁalo - Sousa
PB,Para√≠ba,S„o GonÁalo - Sousa,Alto Gruta
PB,Para√≠ba,S„o GonÁalo - Sousa,Centro
PB,Para√≠ba,S„o GonÁalo - Sousa,Nucleo
PB,Para√≠ba,S„o GonÁalo - Sousa,Zona Rural
PB,Para√≠ba,S„o GonÁalo - Sousa,Zootecnia
PB,Para√≠ba,S„o Jo„o Bosco
PB,Para√≠ba,S„o Jo„o do Cariri
PB,Para√≠ba,S„o Jo„o do Cariri,Centro
PB,Para√≠ba,S„o Jo„o do Cariri,Sede
PB,Para√≠ba,S„o Jo„o do Cariri,Zona Rural
PB,Para√≠ba,S„o Jo„o do Rio do Peixe
PB,Para√≠ba,S„o Jo„o do Rio do Peixe,Centro
PB,Para√≠ba,S„o Jo„o do Rio do Peixe,Gruta
PB,Para√≠ba,S„o Jo„o do Rio do Peixe,Jose Alexandre
PB,Para√≠ba,S„o Jo„o do Rio do Peixe,Multirao ii
PB,Para√≠ba,S„o Jo„o do Rio do Peixe,Nelson Maciel
PB,Para√≠ba,S„o Jo„o do Rio do Peixe,Populares
PB,Para√≠ba,S„o Jo„o do Rio do Peixe,Zona Rural
PB,Para√≠ba,S„o Jo„o do Tigre
PB,Para√≠ba,S„o Jo„o do Tigre,Centro
PB,Para√≠ba,S„o Jo„o do Tigre,Zona Rural
PB,Para√≠ba,S„o JosÈ - Bom Jesus
PB,Para√≠ba,S„o JosÈ da Batalha
PB,Para√≠ba,S„o JosÈ da Lagoa Tapada
PB,Para√≠ba,S„o JosÈ da Lagoa Tapada,Celestino
PB,Para√≠ba,S„o JosÈ da Lagoa Tapada,Centro
PB,Para√≠ba,S„o JosÈ da Lagoa Tapada,Jo„o Cavaco
PB,Para√≠ba,S„o JosÈ da Lagoa Tapada,Zona Rural
PB,Para√≠ba,S„o JosÈ da Mata
PB,Para√≠ba,S„o JosÈ da Mata,Centro
PB,Para√≠ba,S„o JosÈ da Mata,Zona Rural
PB,Para√≠ba,S„o JosÈ de Caiana
PB,Para√≠ba,S„o JosÈ de Caiana,Centro
PB,Para√≠ba,S„o JosÈ de Espinharas
PB,Para√≠ba,S„o JosÈ de Espinharas,Centro
PB,Para√≠ba,S„o JosÈ de Espinharas,JessÈ Neto
PB,Para√≠ba,S„o JosÈ de Espinharas,Titico Gomes
PB,Para√≠ba,S„o JosÈ de Espinharas,Zona Rural
PB,Para√≠ba,S„o JosÈ de Piranhas
PB,Para√≠ba,S„o JosÈ de Piranhas,Alto Boa Vista
PB,Para√≠ba,S„o JosÈ de Piranhas,Arconcio Pereira
PB,Para√≠ba,S„o JosÈ de Piranhas,Centro
PB,Para√≠ba,S„o JosÈ de Piranhas,Frei Dami„o
PB,Para√≠ba,S„o JosÈ de Piranhas,Neves Lacerda
PB,Para√≠ba,S„o JosÈ de Piranhas,Pernambuquinho
PB,Para√≠ba,S„o JosÈ de Piranhas,Santo AntÙnio
PB,Para√≠ba,S„o JosÈ de Piranhas,S„o Sebasti„o
PB,Para√≠ba,S„o JosÈ de Piranhas,Toto Morais
PB,Para√≠ba,S„o JosÈ de Piranhas,Zona Rural
PB,Para√≠ba,S„o JosÈ de Princesa
PB,Para√≠ba,S„o JosÈ de Princesa,Alto Bezerras
PB,Para√≠ba,S„o JosÈ de Princesa,Centro
PB,Para√≠ba,S„o JosÈ de Princesa,Santa Rosa
PB,Para√≠ba,S„o JosÈ de Princesa,Zona Rural
PB,Para√≠ba,S„o JosÈ do Bonfim
PB,Para√≠ba,S„o JosÈ do Bonfim,Centro
PB,Para√≠ba,S„o JosÈ do Bonfim,Zona Rural
PB,Para√≠ba,S„o JosÈ do Brejo do Cruz
PB,Para√≠ba,S„o JosÈ do Brejo do Cruz,Centro
PB,Para√≠ba,S„o JosÈ do Brejo do Cruz,Populares
PB,Para√≠ba,S„o JosÈ do Brejo do Cruz,Zona Rural
PB,Para√≠ba,S„o JosÈ do Sabugi
PB,Para√≠ba,S„o JosÈ do Sabugi,Centro
PB,Para√≠ba,S„o JosÈ do Sabugi,Zona Rural
PB,Para√≠ba,S„o JosÈ dos Cordeiros
PB,Para√≠ba,S„o JosÈ dos Cordeiros,Centro
PB,Para√≠ba,S„o JosÈ dos Cordeiros,Genival a Queiroz
PB,Para√≠ba,S„o JosÈ dos Ramos
PB,Para√≠ba,S„o JosÈ dos Ramos,Centro
PB,Para√≠ba,S„o JosÈ dos Ramos,Cj Cehap
PB,Para√≠ba,S„o JosÈ dos Ramos,Ulisses b Araujo
PB,Para√≠ba,S„o Mamede
PB,Para√≠ba,S„o Mamede,Aeroporto
PB,Para√≠ba,S„o Mamede,Agenor Rique Ferreira
PB,Para√≠ba,S„o Mamede,Boa Vista
PB,Para√≠ba,S„o Mamede,Centro
PB,Para√≠ba,S„o Mamede,Jardim Planalto
PB,Para√≠ba,S„o Mamede,Pau Darco
PB,Para√≠ba,S„o Mamede,Zona Rural
PB,Para√≠ba,S„o Miguel
PB,Para√≠ba,S„o Miguel - EsperanÁa
PB,Para√≠ba,S„o Miguel - EsperanÁa,Centro
PB,Para√≠ba,S„o Miguel de Taipu
PB,Para√≠ba,S„o Miguel de Taipu,Centro
PB,Para√≠ba,S„o Miguel de Taipu,Mutir„o
PB,Para√≠ba,S„o Pedro - Santa Cruz
PB,Para√≠ba,S„o Pedro - Santa Cruz,Centro
PB,Para√≠ba,S„o Pedro - Santa Cruz,Zona Rural
PB,Para√≠ba,S„o Sebasti„o
PB,Para√≠ba,S„o Sebasti„o,Centro
PB,Para√≠ba,S„o Sebasti„o,Zona Rural
PB,Para√≠ba,S„o Sebasti„o de Lagoa de RoÁa
PB,Para√≠ba,S„o Sebasti„o de Lagoa de RoÁa,Bela
PB,Para√≠ba,S„o Sebasti„o de Lagoa de RoÁa,Centro
PB,Para√≠ba,S„o Sebasti„o de Lagoa de RoÁa,Zona Rural
PB,Para√≠ba,S„o Sebasti„o do Umbuzeiro
PB,Para√≠ba,S„o Sebasti„o do Umbuzeiro,Centro
PB,Para√≠ba,S„o Sebasti„o do Umbuzeiro,JosÈ Fernandes Neto
PB,Para√≠ba,S„o TomÈ
PB,Para√≠ba,S„o Vicente do SeridÛ
PB,Para√≠ba,S„o Vicente do SeridÛ,Centro
PB,Para√≠ba,SapÈ
PB,Para√≠ba,SapÈ,Agrovila
PB,Para√≠ba,SapÈ,Bela Vista
PB,Para√≠ba,SapÈ,BrasÌlia
PB,Para√≠ba,SapÈ,Centro
PB,Para√≠ba,SapÈ,Cidade Crist„
PB,Para√≠ba,SapÈ,Cuba Cima
PB,Para√≠ba,SapÈ,Distrito Mec‚nico
PB,Para√≠ba,SapÈ,JosÈ Feliciano
PB,Para√≠ba,SapÈ,JosÈ r Baunilha
PB,Para√≠ba,SapÈ,Mutir„o
PB,Para√≠ba,SapÈ,Nova BrasÌlia
PB,Para√≠ba,SapÈ,Novo
PB,Para√≠ba,SapÈ,Novo SapÍ
PB,Para√≠ba,SapÈ,Portal SapÍ ii
PB,Para√≠ba,SapÈ,Renato Ribeiro
PB,Para√≠ba,SapÈ,Rua Nova
PB,Para√≠ba,SapÈ,S„o Bento
PB,Para√≠ba,SapÈ,S„o Francisco
PB,Para√≠ba,SapÈ,Terra Nova
PB,Para√≠ba,SapÈ,Zona Rural
PB,Para√≠ba,Sapucaia
PB,Para√≠ba,Sapucaia,Centro
PB,Para√≠ba,Senhor do Bonfim
PB,Para√≠ba,SeridÛ
PB,Para√≠ba,SeridÛ,Centro
PB,Para√≠ba,Serra Branca
PB,Para√≠ba,Serra Branca,Ahu
PB,Para√≠ba,Serra Branca,CatolÈ
PB,Para√≠ba,Serra Branca,Cef ii
PB,Para√≠ba,Serra Branca,Centro
PB,Para√≠ba,Serra Branca,Malhada Roca
PB,Para√≠ba,Serra Branca,Pereiros
PB,Para√≠ba,Serra Branca,Pil„o
PB,Para√≠ba,Serra Branca,Zona Rural
PB,Para√≠ba,Serra da Raiz
PB,Para√≠ba,Serra da Raiz,Centro
PB,Para√≠ba,Serra da Raiz,Cordeiro
PB,Para√≠ba,Serra da Raiz,Jo„o Alves
PB,Para√≠ba,Serra da Raiz,Zona Rural
PB,Para√≠ba,Serra dos Brandıes
PB,Para√≠ba,Serra dos Brandıes,Centro
PB,Para√≠ba,Serra Grande
PB,Para√≠ba,Serra Grande,Bela Vista
PB,Para√≠ba,Serra Grande,Centro
PB,Para√≠ba,Serra Grande,Zona Rural
PB,Para√≠ba,Serra Rajada
PB,Para√≠ba,Serra Rajada,Centro
PB,Para√≠ba,Serra Rajada,Zona Rural
PB,Para√≠ba,Serra Redonda
PB,Para√≠ba,Serra Redonda,Antonio Mariz
PB,Para√≠ba,Serra Redonda,Centro
PB,Para√≠ba,Serra Redonda,Novo
PB,Para√≠ba,Serra Redonda,Zona Rural
PB,Para√≠ba,Serraria
PB,Para√≠ba,Serraria,Centro
PB,Para√≠ba,Serraria,Zona Rural
PB,Para√≠ba,Serraria - Salgadinho
PB,Para√≠ba,Serraria - Salgadinho,Centro
PB,Para√≠ba,Serraria - Salgadinho,Zona Rural
PB,Para√≠ba,Sert„ozinho
PB,Para√≠ba,Sert„ozinho,Centro
PB,Para√≠ba,Sert„ozinho,Cj Pedro Vieira
PB,Para√≠ba,Silvestre
PB,Para√≠ba,SÌtio Bonita
PB,Para√≠ba,SÌtio Bonita,Centro
PB,Para√≠ba,SÌtio Maravilha
PB,Para√≠ba,SÌtio Maravilha,Centro
PB,Para√≠ba,SÌtio Torres de Baixo
PB,Para√≠ba,SÌtio Torres de Baixo,Centro
PB,Para√≠ba,Sobrado
PB,Para√≠ba,Sobrado,Centro
PB,Para√≠ba,Sobrado,Paulo Rolim
PB,Para√≠ba,Socorro
PB,Para√≠ba,Socorro,Centro
PB,Para√≠ba,Sol‚nea
PB,Para√≠ba,Sol‚nea,Alto Branco
PB,Para√≠ba,Sol‚nea,Baixio
PB,Para√≠ba,Sol‚nea,Centro
PB,Para√≠ba,Sol‚nea,Cj Padre CÌcero
PB,Para√≠ba,Sol‚nea,Epif‚nio
PB,Para√≠ba,Sol‚nea,Epif‚nio Pl·cido
PB,Para√≠ba,Sol‚nea,Padre Leonardo
PB,Para√≠ba,Sol‚nea,Ros·rio
PB,Para√≠ba,Sol‚nea,Santa Tereza
PB,Para√≠ba,Sol‚nea,Zona Rural
PB,Para√≠ba,Soledade
PB,Para√≠ba,Soledade,Cehap
PB,Para√≠ba,Soledade,Centro
PB,Para√≠ba,Soledade,Jardim Cruzeiros
PB,Para√≠ba,Soledade,Mutir„o
PB,Para√≠ba,Soledade,Nova Soledade
PB,Para√≠ba,Soledade,Santa Tereza
PB,Para√≠ba,Soledade,S„o JosÈ
PB,Para√≠ba,Soledade,Zona Rural
PB,Para√≠ba,Sossego
PB,Para√≠ba,Sossego,Centro
PB,Para√≠ba,Sossego,Zona Rural
PB,Para√≠ba,Sousa
PB,Para√≠ba,Sousa,Alto Branco
PB,Para√≠ba,Sousa,Alto Capanema
PB,Para√≠ba,Sousa,Alto Cruzeiro
PB,Para√≠ba,Sousa,Andre Gadelha
PB,Para√≠ba,Sousa,Angelim
PB,Para√≠ba,Sousa,Antonio Mariz
PB,Para√≠ba,Sousa,Areia
PB,Para√≠ba,Sousa,Augusto Braga
PB,Para√≠ba,Sousa,Banc·rios
PB,Para√≠ba,Sousa,Bela Vista
PB,Para√≠ba,Sousa,CatolÈ
PB,Para√≠ba,Sousa,Cehap
PB,Para√≠ba,Sousa,Centro
PB,Para√≠ba,Sousa,Ernani S·tiro
PB,Para√≠ba,Sousa,Estacao
PB,Para√≠ba,Sousa,Estreito
PB,Para√≠ba,Sousa,Frei Damiao
PB,Para√≠ba,Sousa,Gato Preto
PB,Para√≠ba,Sousa,Guanabara
PB,Para√≠ba,Sousa,JARDIM BELA VISTA
PB,Para√≠ba,Sousa,Jardim Brasilia
PB,Para√≠ba,Sousa,Jardim Dizerer
PB,Para√≠ba,Sousa,Jardim Iracema
PB,Para√≠ba,Sousa,Jardim O·sis
PB,Para√≠ba,Sousa,Jardim Santana
PB,Para√≠ba,Sousa,Jardim Sorrilandia
PB,Para√≠ba,Sousa,Jose Lins Rego
PB,Para√≠ba,Sousa,Maria Lourdes S Meir
PB,Para√≠ba,Sousa,Mutirao
PB,Para√≠ba,Sousa,Ns Fatima
PB,Para√≠ba,Sousa,Prq Granjeiro
PB,Para√≠ba,Sousa,Raquel Gadelha
PB,Para√≠ba,Sousa,Sao Jose
PB,Para√≠ba,Sousa,V·rzea da Cruz
PB,Para√≠ba,Sousa,Zona Rural
PB,Para√≠ba,Sousa,Zu Silva
PB,Para√≠ba,Subauma
PB,Para√≠ba,Subauma,Centro
PB,Para√≠ba,SumÈ
PB,Para√≠ba,SumÈ,Alto Alegre
PB,Para√≠ba,SumÈ,Alto Mocidade
PB,Para√≠ba,SumÈ,Centro
PB,Para√≠ba,SumÈ,Frei Damiao
PB,Para√≠ba,SumÈ,Mandacaru
PB,Para√≠ba,SumÈ,Ouro Velho
PB,Para√≠ba,SumÈ,Renascer
PB,Para√≠ba,SumÈ,Santa Rosa
PB,Para√≠ba,SumÈ,Sebastiao Vitorino
PB,Para√≠ba,SumÈ,Varzea Redonda
PB,Para√≠ba,SumÈ,Zona Rural
PB,Para√≠ba,Tabatinga
PB,Para√≠ba,Taberaba
PB,Para√≠ba,Taberaba,Centro
PB,Para√≠ba,Taberaba,Zona Rural
PB,Para√≠ba,Tabocas - Itatuba
PB,Para√≠ba,Tabocas - Itatuba,Centro
PB,Para√≠ba,Tabocas - Serra Redonda
PB,Para√≠ba,Tabocas - Serra Redonda,Centro
PB,Para√≠ba,Tabuleiro
PB,Para√≠ba,Tabuleiro,Centro
PB,Para√≠ba,Tabuleiro,Zona Rural
PB,Para√≠ba,Tainha
PB,Para√≠ba,Tambor
PB,Para√≠ba,Tambor
PB,Para√≠ba,Tanques - PoÁo Dantas
PB,Para√≠ba,Tanques - PoÁo Dantas,Centro
PB,Para√≠ba,Tapero·
PB,Para√≠ba,Tapero·,Alto
PB,Para√≠ba,Tapero·,BESSA
PB,Para√≠ba,Tapero·,Cehap
PB,Para√≠ba,Tapero·,Centro
PB,Para√≠ba,Tapero·,Nova Geracao
PB,Para√≠ba,Tapero·,Sao Jose
PB,Para√≠ba,Tapero·,Solidariedade
PB,Para√≠ba,Tapero·,Vila Popular
PB,Para√≠ba,Tapero·,Zona Rural
PB,Para√≠ba,Taquara
PB,Para√≠ba,Taquara,Centro
PB,Para√≠ba,TataÌra
PB,Para√≠ba,TataÌra,Centro
PB,Para√≠ba,Tavares
PB,Para√≠ba,Tavares,Centro
PB,Para√≠ba,Tavares,Sao Sebastiao
PB,Para√≠ba,Tavares,Zona Rural
PB,Para√≠ba,Teixeira
PB,Para√≠ba,Teixeira,Centro
PB,Para√≠ba,Teixeira,Nova Teixeira
PB,Para√≠ba,Teixeira,Santo Antonio
PB,Para√≠ba,Teixeira,Vila Feliz
PB,Para√≠ba,Teixeira,Zona Rural
PB,Para√≠ba,TenÛrio
PB,Para√≠ba,TenÛrio,Centro
PB,Para√≠ba,Tramataia
PB,Para√≠ba,Tramataia,Centro
PB,Para√≠ba,Triunfo
PB,Para√≠ba,Triunfo,Bela Vista
PB,Para√≠ba,Triunfo,Centro
PB,Para√≠ba,Triunfo,Francisco Liberato
PB,Para√≠ba,Triunfo,Luiz Gomes Brito
PB,Para√≠ba,Triunfo,Zona Rural
PB,Para√≠ba,Uira˙na
PB,Para√≠ba,Uira˙na,Ananias a Figueiredo
PB,Para√≠ba,Uira˙na,Bela Vista
PB,Para√≠ba,Uira˙na,Belem Novo
PB,Para√≠ba,Uira˙na,Centro
PB,Para√≠ba,Uira˙na,Cristo Rei
PB,Para√≠ba,Uira˙na,Frei Damiao
PB,Para√≠ba,Uira˙na,Raimundo Daniel
PB,Para√≠ba,Uira˙na,Retiro
PB,Para√≠ba,Uira˙na,Sao Jose
PB,Para√≠ba,Uira˙na,Zona Rural
PB,Para√≠ba,Umbuzeiro
PB,Para√≠ba,Umbuzeiro,Centro
PB,Para√≠ba,Umbuzeiro,Zona Rural
PB,Para√≠ba,Una S„o JosÈ
PB,Para√≠ba,Una S„o JosÈ,Centro
PB,Para√≠ba,Una S„o JosÈ,Zona Rural
PB,Para√≠ba,Usina S„o Jo„o
PB,Para√≠ba,V·rzea
PB,Para√≠ba,V·rzea,Centro
PB,Para√≠ba,V·rzea,Ipueira
PB,Para√≠ba,V·rzea,Zona Rural
PB,Para√≠ba,V·rzea Comprida do Timbo
PB,Para√≠ba,V·rzea Comprida do Timbo,Centro
PB,Para√≠ba,V·rzea Comprida do Timbo,Distrito Timbo
PB,Para√≠ba,V·rzea Comprida do Timbo,Zona Rural
PB,Para√≠ba,V·rzea de Emas
PB,Para√≠ba,V·rzea de Emas,Centro
PB,Para√≠ba,V·rzea de Emas,Zona Rural
PB,Para√≠ba,V·rzea Grande
PB,Para√≠ba,Viana
PB,Para√≠ba,Viana,Centro
PB,Para√≠ba,Viana,Zona Rural
PB,Para√≠ba,VieirÛpolis
PB,Para√≠ba,VieirÛpolis,Centro
PB,Para√≠ba,VieirÛpolis,Zona Rural
PB,Para√≠ba,Vila da V·rzea
PB,Para√≠ba,Vila da V·rzea,Centro
PB,Para√≠ba,Vila da V·rzea,Zona Rural
PB,Para√≠ba,Vila Roma
PB,Para√≠ba,Vila Roma,Centro
PB,Para√≠ba,Vila Roma,Zona Rural
PB,Para√≠ba,Vila Santa Luzia
PB,Para√≠ba,Vila Santa Luzia,Centro
PB,Para√≠ba,Vila Santa Luzia,Zona Rural
PB,Para√≠ba,Vista Serrana
PB,Para√≠ba,Vista Serrana,Antonio Marques
PB,Para√≠ba,Vista Serrana,Centro
PB,Para√≠ba,Vista Serrana,Zona Rural
PB,Para√≠ba,ZabelÍ
PB,Para√≠ba,ZabelÍ,Centro
PB,Para√≠ba,ZabelÍ,Zona Rural 
PB,Para√≠ba,ZÈ Velho
PB,Para√≠ba,ZÈ Velho,Centro
PB,Para√≠ba,ZÈ Velho,Zona Rural
PB,Para√≠ba,Zumbi - Alagoa Grande
PB,Para√≠ba,Zumbi - Alagoa Grande,Centro
PB,Para√≠ba,Zumbi - Queimadas
PB,Para√≠ba,Zumbi - Queimadas,Centro
PB,Para√≠ba,Zumbi - Queimadas,Zona Rural
