PI,Piauí
PI,Piauí,Teresina
PI,Piauí,Teresina,Acarape
PI,Piauí,Teresina,Aeroporto
PI,Piauí,Teresina,Aerporto
PI,Piauí,Teresina,Água Mineral
PI,Piauí,Teresina,Alto Alegre
PI,Piauí,Teresina,Alto Ressurreição
PI,Piauí,Teresina,Alvorada
PI,Piauí,Teresina,Angeli
PI,Piauí,Teresina,Angelim
PI,Piauí,Teresina,Angelim ii
PI,Piauí,Teresina,Angelim iii
PI,Piauí,Teresina,Angelim iv
PI,Piauí,Teresina,Anil
PI,Piauí,Teresina,Areias
PI,Piauí,Teresina,Arruda
PI,Piauí,Teresina,Bairro de Fátima
PI,Piauí,Teresina,Beira Rio
PI,Piauí,Teresina,Bela Vista
PI,Piauí,Teresina,Bela Vista-Timon
PI,Piauí,Teresina,Belterra
PI,Piauí,Teresina,Boa Esperança
PI,Piauí,Teresina,Boa Vista
PI,Piauí,Teresina,Bom Jesus
PI,Piauí,Teresina,Buenos Aires
PI,Piauí,Teresina,Cabral
PI,Piauí,Teresina,Cacimba Velha
PI,Piauí,Teresina,Cajueiro
PI,Piauí,Teresina,Cajueiro-Timon
PI,Piauí,Teresina,Campestre
PI,Piauí,Teresina,Catarina
PI,Piauí,Teresina,Centro
PI,Piauí,Teresina,Centro Operário
PI,Piauí,Teresina,Centro Operario-Timo
PI,Piauí,Teresina,Centro Sul
PI,Piauí,Teresina,Centro-Timon
PI,Piauí,Teresina,Cerâmica Fortes
PI,Piauí,Teresina,Chácara Santa Teresinha
PI,Piauí,Teresina,Chapadinha
PI,Piauí,Teresina,Cidade Jardim
PI,Piauí,Teresina,Cidade Leste
PI,Piauí,Teresina,Cidade Nova
PI,Piauí,Teresina,Cidade Satélite
PI,Piauí,Teresina,Cidade Velha
PI,Piauí,Teresina,Cidade Verde
PI,Piauí,Teresina,Cinturão Verde
PI,Piauí,Teresina,Comprida
PI,Piauí,Teresina,Concordia
PI,Piauí,Teresina,Cristo Redentor
PI,Piauí,Teresina,Cristo Rei
PI,Piauí,Teresina,David Caldas
PI,Piauí,Teresina,Dirceu
PI,Piauí,Teresina,Dirceu Arco Verde
PI,Piauí,Teresina,Dirceu Arco Verde II
PI,Piauí,Teresina,Dirceu Arcoverde
PI,Piauí,Teresina,Dirceu I
PI,Piauí,Teresina,Distrito Industrial
PI,Piauí,Teresina,Esplanada
PI,Piauí,Teresina,Estrada
PI,Piauí,Teresina,Estrada Alegria
PI,Piauí,Teresina,Estrada Cacimba Velha
PI,Piauí,Teresina,Extrema
PI,Piauí,Teresina,Fátima
PI,Piauí,Teresina,Flamboyant
PI,Piauí,Teresina,Flores
PI,Piauí,Teresina,Formosa
PI,Piauí,Teresina,Formosa-Timon
PI,Piauí,Teresina,Frei Serafim
PI,Piauí,Teresina,Grande Beija Flor
PI,Piauí,Teresina,Green Village
PI,Piauí,Teresina,Gurupa Baixo
PI,Piauí,Teresina,Gurupa Cima
PI,Piauí,Teresina,Gurupi
PI,Piauí,Teresina,Horto Florestal
PI,Piauí,Teresina,Hugo Prado
PI,Piauí,Teresina,Ilhota
PI,Piauí,Teresina,Ilhotas
PI,Piauí,Teresina,Iningá
PI,Piauí,Teresina,Itaperu
PI,Piauí,Teresina,Itapoã
PI,Piauí,Teresina,Itararé
PI,Piauí,Teresina,Jataí
PI,Piauí,Teresina,Jockei Club
PI,Piauí,Teresina,Jockey
PI,Piauí,Teresina,Jockey Clube
PI,Piauí,Teresina,Jóia
PI,Piauí,Teresina,Joia-Timon
PI,Piauí,Teresina,Jóquei
PI,Piauí,Teresina,Jóquei Club
PI,Piauí,Teresina,Juruá
PI,Piauí,Teresina,Ladeira do Uruguai
PI,Piauí,Teresina,Livramento
PI,Piauí,Teresina,Lorival Parente
PI,Piauí,Teresina,Loteamento Jardim Pássaros
PI,Piauí,Teresina,Lourival Parente
PI,Piauí,Teresina,Macaúba
PI,Piauí,Teresina,Mafrense
PI,Piauí,Teresina,Mafuá
PI,Piauí,Teresina,Mangueira
PI,Piauí,Teresina,Mangueira-Timon
PI,Piauí,Teresina,Marimar
PI,Piauí,Teresina,Marquês
PI,Piauí,Teresina,Marquês de Paranaguá
PI,Piauí,Teresina,Matadouro
PI,Piauí,Teresina,Mateuzinho-Timon
PI,Piauí,Teresina,Matinha
PI,Piauí,Teresina,Memoraré
PI,Piauí,Teresina,Moçambinho
PI,Piauí,Teresina,Mocambinho I
PI,Piauí,Teresina,Mocambinho II
PI,Piauí,Teresina,Mondubim
PI,Piauí,Teresina,Monte Alegre
PI,Piauí,Teresina,Monte Castelo
PI,Piauí,Teresina,Monte Verde
PI,Piauí,Teresina,Morada do Sol
PI,Piauí,Teresina,Morada Nova
PI,Piauí,Teresina,Morada Nova I
PI,Piauí,Teresina,Morro da Esperança
PI,Piauí,Teresina,Morro Uruguai
PI,Piauí,Teresina,Morros
PI,Piauí,Teresina,Mutirão
PI,Piauí,Teresina,N S das Graças
PI,Piauí,Teresina,Noivas
PI,Piauí,Teresina,Noivos
PI,Piauí,Teresina,Norte
PI,Piauí,Teresina,Nossa Senhroa das Graças
PI,Piauí,Teresina,Nova Brasília
PI,Piauí,Teresina,Nova Descoberta
PI,Piauí,Teresina,Novo Angelim
PI,Piauí,Teresina,Novo Horizonte
PI,Piauí,Teresina,Novo Jockey
PI,Piauí,Teresina,Novo Uruguai
PI,Piauí,Teresina,Ns Graças
PI,Piauí,Teresina,Ogmar Monteiro
PI,Piauí,Teresina,Olaria
PI,Piauí,Teresina,Olarias
PI,Piauí,Teresina,Paraíso
PI,Piauí,Teresina,Parque Alvorada-Timon
PI,Piauí,Teresina,Parque Karina
PI,Piauí,Teresina,Parque Naylandia
PI,Piauí,Teresina,Parque Neylandia
PI,Piauí,Teresina,Parque Piauí II
PI,Piauí,Teresina,Parque Piaui-Timon
PI,Piauí,Teresina,Parque Poti
PI,Piauí,Teresina,Parque Poty
PI,Piauí,Teresina,Parque Santo Antônio
PI,Piauí,Teresina,Parque Tarare
PI,Piauí,Teresina,Pedra Mole
PI,Piauí,Teresina,Pedro Patrício
PI,Piauí,Teresina,Pedro Patricio-Timon
PI,Piauí,Teresina,Piçarra
PI,Piauí,Teresina,Piçarreira
PI,Piauí,Teresina,Picassa
PI,Piauí,Teresina,Pio IX
PI,Piauí,Teresina,Pio Xii
PI,Piauí,Teresina,Pio XXII
PI,Piauí,Teresina,Pirajá
PI,Piauí,Teresina,Planalto
PI,Piauí,Teresina,Planalto Bela Vista
PI,Piauí,Teresina,Planalto Boa Esperança
PI,Piauí,Teresina,Planalto Cajurama
PI,Piauí,Teresina,Planalto Formosa
PI,Piauí,Teresina,Planalto Iningá
PI,Piauí,Teresina,Planalto Santa Fé
PI,Piauí,Teresina,Planalto Santo Antônio
PI,Piauí,Teresina,Planalto Uuruguai
PI,Piauí,Teresina,Pólo Industrial
PI,Piauí,Teresina,Porenquanto
PI,Piauí,Teresina,Porto Alegre
PI,Piauí,Teresina,Porto do Centro
PI,Piauí,Teresina,Porto Seguro
PI,Piauí,Teresina,Posto Fiscal
PI,Piauí,Teresina,Poti Velho
PI,Piauí,Teresina,Pov Ave Verde
PI,Piauí,Teresina,Povoado Nazaria
PI,Piauí,Teresina,Povoado Santa Luz Baixo
PI,Piauí,Teresina,Pq Afonso Gil
PI,Piauí,Teresina,Pq Alexandria
PI,Piauí,Teresina,Pq Aliança
PI,Piauí,Teresina,Pq Alvorada
PI,Piauí,Teresina,Pq Antártica
PI,Piauí,Teresina,Pq Boa Esperança
PI,Piauí,Teresina,Pq Cidade Leste
PI,Piauí,Teresina,Pq Colorado
PI,Piauí,Teresina,Pq Dagmar Mazza
PI,Piauí,Teresina,Pq Exposição
PI,Piauí,Teresina,Pq Extrema
PI,Piauí,Teresina,Pq Ideal
PI,Piauí,Teresina,Pq Jacinta
PI,Piauí,Teresina,Pq Jurema
PI,Piauí,Teresina,Pq Mão Santa
PI,Piauí,Teresina,Pq Piauí
PI,Piauí,Teresina,Pq Pioneiro
PI,Piauí,Teresina,Pq Progresso
PI,Piauí,Teresina,Pq Rodoviária
PI,Piauí,Teresina,Pq Santa Fé
PI,Piauí,Teresina,Pq São Benedito
PI,Piauí,Teresina,Pq São Francisco
PI,Piauí,Teresina,Pq São João
PI,Piauí,Teresina,Pq Sol
PI,Piauí,Teresina,Pq Sul
PI,Piauí,Teresina,Pq União
PI,Piauí,Teresina,Pq Wall Ferraz
PI,Piauí,Teresina,Primavera
PI,Piauí,Teresina,Progresso
PI,Piauí,Teresina,Promorar
PI,Piauí,Teresina,Pv Alegria
PI,Piauí,Teresina,Pv Anajas
PI,Piauí,Teresina,Pv Ave Verde
PI,Piauí,Teresina,Pv Baixão Carlo
PI,Piauí,Teresina,Pv Bela Vista
PI,Piauí,Teresina,Pv Bom Principio
PI,Piauí,Teresina,Pv Bom Sossego
PI,Piauí,Teresina,Pv Boquinha
PI,Piauí,Teresina,Pv Cacimba Velha
PI,Piauí,Teresina,Pv Cajazeiras
PI,Piauí,Teresina,Pv Ceramica
PI,Piauí,Teresina,Pv Estaca Zero
PI,Piauí,Teresina,Pv Mundo Novo
PI,Piauí,Teresina,Pv Redonda
PI,Piauí,Teresina,Pv Santa Teresa
PI,Piauí,Teresina,Pv Sao Domingos
PI,Piauí,Teresina,Pv Soinho
PI,Piauí,Teresina,Pv Todos Os Santos
PI,Piauí,Teresina,Pv Usina Santana
PI,Piauí,Teresina,Pv Vista Alegre
PI,Piauí,Teresina,Real Copagri
PI,Piauí,Teresina,Recanto das Palmeiras
PI,Piauí,Teresina,Redenção
PI,Piauí,Teresina,Redonda
PI,Piauí,Teresina,Renascença
PI,Piauí,Teresina,Rodovia
PI,Piauí,Teresina,Rodovia-Timon
PI,Piauí,Teresina,Rodoviária
PI,Piauí,Teresina,Saci
PI,Piauí,Teresina,Samapi
PI,Piauí,Teresina,Santa Clara
PI,Piauí,Teresina,Santa Cruz
PI,Piauí,Teresina,Santa Fé
PI,Piauí,Teresina,Santa Isabel
PI,Piauí,Teresina,Santa Lia
PI,Piauí,Teresina,Santa Luzia
PI,Piauí,Teresina,Santa Maria Codipi
PI,Piauí,Teresina,Santa Rita
PI,Piauí,Teresina,Santana
PI,Piauí,Teresina,Santo Antonio
PI,Piauí,Teresina,Santo Antonio-Timon
PI,Piauí,Teresina,São Benedito
PI,Piauí,Teresina,São Cristóvão
PI,Piauí,Teresina,São Francisco
PI,Piauí,Teresina,São Francisco-Timon
PI,Piauí,Teresina,São João
PI,Piauí,Teresina,São Joaquim
PI,Piauí,Teresina,São Lourenço
PI,Piauí,Teresina,São Lourenço Velho
PI,Piauí,Teresina,São Marcos
PI,Piauí,Teresina,São Marcos-Timon
PI,Piauí,Teresina,São Pedro
PI,Piauí,Teresina,São Raimundo
PI,Piauí,Teresina,São Sebastião
PI,Piauí,Teresina,Sasy
PI,Piauí,Teresina,Satélite
PI,Piauí,Teresina,Sem Bairro
PI,Piauí,Teresina,Sete Estrelas
PI,Piauí,Teresina,Sítio Rififil
PI,Piauí,Teresina,Sítio Tanilândia
PI,Piauí,Teresina,Sítio Tinhorão
PI,Piauí,Teresina,Sítio Valparaíso
PI,Piauí,Teresina,Socopo
PI,Piauí,Teresina,Sta. Maria Codipe
PI,Piauí,Teresina,Sta. Maria Codipe
PI,Piauí,Teresina,Sucessão
PI,Piauí,Teresina,Sucessao-Timon
PI,Piauí,Teresina,Taboleta
PI,Piauí,Teresina,Tabuleta
PI,Piauí,Teresina,Tancredo Neves
PI,Piauí,Teresina,Teresina
PI,Piauí,Teresina,Terminal Petróleo
PI,Piauí,Teresina,Timon
PI,Piauí,Teresina,Tipiti São Vicente
PI,Piauí,Teresina,Todos Os Santos
PI,Piauí,Teresina,Três Andares
PI,Piauí,Teresina,Triunfo
PI,Piauí,Teresina,Tubeleta
PI,Piauí,Teresina,Tubuleta
PI,Piauí,Teresina,Uirapuru
PI,Piauí,Teresina,Uruguai
PI,Piauí,Teresina,Usina Santana
PI,Piauí,Teresina,Vale Gavião
PI,Piauí,Teresina,Vale Quem Tem
PI,Piauí,Teresina,Verde Lar
PI,Piauí,Teresina,Verdecap
PI,Piauí,Teresina,Vermelha
PI,Piauí,Teresina,Vermelha Sul
PI,Piauí,Teresina,Vermelho
PI,Piauí,Teresina,Vila Angelica-Timon
PI,Piauí,Teresina,Vila Bandeirante
PI,Piauí,Teresina,Vila Bandeirantes
PI,Piauí,Teresina,Vila Eugênia Ferraz
PI,Piauí,Teresina,Vila Pe Cícero
PI,Piauí,Teresina,Vila Uruguai
PI,Piauí,Teresina,Vl Amazonas
PI,Piauí,Teresina,Vl Angêlica
PI,Piauí,Teresina,Vl Anita Ferraz
PI,Piauí,Teresina,Vl Avião
PI,Piauí,Teresina,Vl Bagdá
PI,Piauí,Teresina,Vl Bec
PI,Piauí,Teresina,Vl Bom Jesus
PI,Piauí,Teresina,Vl Carlota Freitas
PI,Piauí,Teresina,Vl Carolina Silva
PI,Piauí,Teresina,Vl Cel Carlos Falcão
PI,Piauí,Teresina,Vl Glória
PI,Piauí,Teresina,Vl Irmã Dulce
PI,Piauí,Teresina,Vl Jerusalém
PI,Piauí,Teresina,Vl Madre Tereza
PI,Piauí,Teresina,Vl Mariana Fortes
PI,Piauí,Teresina,Vl Meio Norte
PI,Piauí,Teresina,Vl Monte Orebe
PI,Piauí,Teresina,Vl Monte Verde
PI,Piauí,Teresina,Vl Nova Socopo
PI,Piauí,Teresina,Vl Ns Fátima
PI,Piauí,Teresina,Vl Ns Guia
PI,Piauí,Teresina,Vl Operária
PI,Piauí,Teresina,Vl Osmar
PI,Piauí,Teresina,Vl Padre Cícero
PI,Piauí,Teresina,Vl Parnaíba
PI,Piauí,Teresina,Vl Paz
PI,Piauí,Teresina,Vl Pq Antártica
PI,Piauí,Teresina,Vl Risoleta Neves
PI,Piauí,Teresina,Vl Samaritana
PI,Piauí,Teresina,Vl Santa Bárbara
PI,Piauí,Teresina,Vl Santa Cruz
PI,Piauí,Teresina,Vl Santa Isabel
PI,Piauí,Teresina,Vl Santa Maria Jesus
PI,Piauí,Teresina,Vl São Francisco
PI,Piauí,Teresina,Vl São José
PI,Piauí,Teresina,Vl São Raimundo
PI,Piauí,Teresina,Vl Tiradentes
PI,Piauí,Teresina,Zona Rural
PI,Piauí,Teresina,Zoobotânico
PI,Piauí,Abóbora
PI,Piauí,Acampamento
PI,Piauí,Acampamento,Pov Acampamento
PI,Piauí,Acauã
PI,Piauí,Acauã,Centro
PI,Piauí,Acauã,Rodovia
PI,Piauí,Açude dos Dandoras
PI,Piauí,Açude dos Dandoras,Pov Acude
PI,Piauí,Açude dos Dandoras,Pov Tucuns Pedros
PI,Piauí,Agricolândia
PI,Piauí,Agricolândia,Baixa
PI,Piauí,Agricolândia,Centro
PI,Piauí,Agricolândia,Lagoa Redonda
PI,Piauí,Agricolândia,Pitombeira
PI,Piauí,Agricolândia,Pov Buraco Dagua
PI,Piauí,Agricolândia,Povoado Boi Morto
PI,Piauí,Agricolândia,Pvd Lagoa Redonda
PI,Piauí,Agricolândia,Tamboril
PI,Piauí,Água Branca
PI,Piauí,Água Branca,Campo Novo
PI,Piauí,Água Branca,Centro
PI,Piauí,Água Branca,Compasa
PI,Piauí,Água Branca,Mutirao
PI,Piauí,Água Branca,Nova Brasília
PI,Piauí,Água Branca,Poriao
PI,Piauí,Água Branca,Pvd Angico
PI,Piauí,Água Branca,Pvd Lagoa Vida
PI,Piauí,Água Branca,Pvd Santo Antonio
PI,Piauí,Água Branca,Rodovia
PI,Piauí,Água Branca,Sambaia
PI,Piauí,Água Branca,Sao Luis
PI,Piauí,Água Branca,Sitio Bananeira
PI,Piauí,Água Fria
PI,Piauí,Alagoinha do Piauí
PI,Piauí,Alagoinha do Piauí,Centro
PI,Piauí,Alegrete do Piauí
PI,Piauí,Alegrete do Piauí,Alegrete do Piauí
PI,Piauí,Alegrete do Piauí,Centro
PI,Piauí,Alegrete do Piauí,Pvd Baixao
PI,Piauí,Aliança do Gurguéia
PI,Piauí,Aliança do Gurguéia,Pvd Alianca Gurgueia
PI,Piauí,Alto Alegre
PI,Piauí,Alto Alegre,Pvd Alto Alegre
PI,Piauí,Alto do Meio
PI,Piauí,Alto do Meio,Pvd Alto Meio
PI,Piauí,Alto Longá
PI,Piauí,Alto Longá,Baixo Carnaubas
PI,Piauí,Alto Longá,Boa Vista
PI,Piauí,Alto Longá,Bom Principio
PI,Piauí,Alto Longá,Brejinho
PI,Piauí,Alto Longá,Centro
PI,Piauí,Alto Longá,Fazenda
PI,Piauí,Alto Longá,Jardim
PI,Piauí,Alto Longá,Matadouro
PI,Piauí,Alto Longá,Picarra
PI,Piauí,Alto Longá,Recreio
PI,Piauí,Altos
PI,Piauí,Altos,Alto Franco
PI,Piauí,Altos,Bacurizeiro
PI,Piauí,Altos,Bacurizinho
PI,Piauí,Altos,Baixao Paivas
PI,Piauí,Altos,Baixao Sao Jose
PI,Piauí,Altos,Batalhao
PI,Piauí,Altos,Boa Fé
PI,Piauí,Altos,Centro
PI,Piauí,Altos,Chacara
PI,Piauí,Altos,Ciana
PI,Piauí,Altos,Der
PI,Piauí,Altos,Estrada
PI,Piauí,Altos,Fazenda
PI,Piauí,Altos,Fazenda Sao Jose
PI,Piauí,Altos,Jardim Betania
PI,Piauí,Altos,Maravilha
PI,Piauí,Altos,Matadouro
PI,Piauí,Altos,Mutirao i
PI,Piauí,Altos,Mutirao ii
PI,Piauí,Altos,Pvd Vista Alegre
PI,Piauí,Altos,Recanto das Palmeiras
PI,Piauí,Altos,Rodovia
PI,Piauí,Altos,Santa Ines
PI,Piauí,Altos,Sao Luis
PI,Piauí,Altos,Sitio Caparao
PI,Piauí,Altos,Sítio Xamego Bom
PI,Piauí,Altos,Tranqueira
PI,Piauí,Alvorada do Gurguéia
PI,Piauí,Alvorada do Gurguéia,Alvorada Gurgueia
PI,Piauí,Alvorada do Gurguéia,Centro
PI,Piauí,Amarante
PI,Piauí,Amarante,Areias
PI,Piauí,Amarante,Auto Alegre
PI,Piauí,Amarante,Cajueiro
PI,Piauí,Amarante,Centro
PI,Piauí,Amarante,Escalvado
PI,Piauí,Amarante,Fazenda
PI,Piauí,Amarante,Fazenda Joaquim
PI,Piauí,Amarante,Fazenda Rosa
PI,Piauí,Amarante,Rodovia
PI,Piauí,Amarante,Santa Cruz
PI,Piauí,Amarante,Sao Francisco Ma
PI,Piauí,Amarante,Sitio Corrente
PI,Piauí,Amarante,Sitio Floresta
PI,Piauí,Amarante,Taboca
PI,Piauí,Amarante,Varjota
PI,Piauí,Amarante,Varzea
PI,Piauí,Amarante,Verdão
PI,Piauí,América
PI,Piauí,América,Pvd America
PI,Piauí,Angical do Piauí
PI,Piauí,Angical do Piauí,Altavape
PI,Piauí,Angical do Piauí,Areia
PI,Piauí,Angical do Piauí,Carnaubinha
PI,Piauí,Angical do Piauí,Centro
PI,Piauí,Angical do Piauí,Fazenda Retiro
PI,Piauí,Angical do Piauí,Fazenda Santa Maria
PI,Piauí,Angical do Piauí,Montevideu
PI,Piauí,Angical do Piauí,Ns Rosario
PI,Piauí,Angical do Piauí,Poeirao
PI,Piauí,Angical do Piauí,Pov Recreio
PI,Piauí,Angical do Piauí,Pvd Maribondo
PI,Piauí,Angical do Piauí,Pvd Montevideu
PI,Piauí,Angical do Piauí,Rodovia
PI,Piauí,Angical do Piauí,Sit Hugo S Almeida
PI,Piauí,Angical do Piauí,Sitio Cajas
PI,Piauí,Anísio de Abreu
PI,Piauí,Anísio de Abreu,Centro
PI,Piauí,Anísio de Abreu,Esperanca
PI,Piauí,Anísio de Abreu,Vila Planalto
PI,Piauí,Antônio Almeida
PI,Piauí,Antônio Almeida,Centro
PI,Piauí,Antônio Almeida,Faz Mineracao Grauna
PI,Piauí,Antônio Almeida,Fazenda
PI,Piauí,Antônio Almeida,Fazenda Ouro Verde
PI,Piauí,Antônio Almeida,Fazenda Tabuleiro
PI,Piauí,Antônio Almeida,Min Ouro Branco
PI,Piauí,Antônio Almeida,Ouro Preto
PI,Piauí,Aprazível
PI,Piauí,Aprazível,Pvd Aprazivel
PI,Piauí,Aroazes
PI,Piauí,Aroazes,Alto Cruz
PI,Piauí,Aroazes,Azul da Serra
PI,Piauí,Aroazes,Centro
PI,Piauí,Aroazes,Felipe
PI,Piauí,Aroazes,Novo Aroazes
PI,Piauí,Aroazes,Pedrinhas
PI,Piauí,Aroeiras do Itaim
PI,Piauí,Aroeiras do Itaim,Pov Aroeira Itai
PI,Piauí,Arraial
PI,Piauí,Arraial,Areia
PI,Piauí,Arraial,Caixa Agua
PI,Piauí,Arraial,Centro
PI,Piauí,Assentamento Chapada das Flore
PI,Piauí,Assentamento Lagoa do Cajueiro
PI,Piauí,Assentamento Lagoa Novo Zabelê
PI,Piauí,Assentamento Saco
PI,Piauí,Assentamento União
PI,Piauí,Assentamento União,Assentamento Uniao
PI,Piauí,Assunção do Piauí
PI,Piauí,Assunção do Piauí,Centro
PI,Piauí,Assunção do Piauí,Pov Teteus
PI,Piauí,Assunção do Piauí,Pvd Assuncao
PI,Piauí,Assunção do Piauí,Rodoviario
PI,Piauí,Assunção do Piauí,Viana
PI,Piauí,Atalho
PI,Piauí,Atalho,Pvd Atalho
PI,Piauí,Avelino Lopes
PI,Piauí,Avelino Lopes,Belo Horizonte
PI,Piauí,Avelino Lopes,Centro
PI,Piauí,Avelino Lopes,Novo Horizonte
PI,Piauí,Baixa da Carnaúba
PI,Piauí,Baixa da Carnaúba,Pvd Baixa Carnauba
PI,Piauí,Baixa do Maranhão
PI,Piauí,Baixa Grande do Ribeiro
PI,Piauí,Baixa Grande do Ribeiro,Centro
PI,Piauí,Baixa Grande do Ribeiro,Fatima
PI,Piauí,Baixa Grande do Ribeiro,Fazenda
PI,Piauí,Baixa Grande do Ribeiro,Zona Rural
PI,Piauí,Baixio
PI,Piauí,Baixio,Pov Baixio
PI,Piauí,Barra D'Alcântara
PI,Piauí,Barra D'Alcântara,Centro
PI,Piauí,Barra do Lance
PI,Piauí,Barra do Lance,Pvd Barra Lance
PI,Piauí,Barra do Longá
PI,Piauí,Barra do Longá,Pvd Barra Longa
PI,Piauí,Barra do Santana
PI,Piauí,Barra Grande
PI,Piauí,Barra Grande,Pov Barra Grande
PI,Piauí,Barra Grande,Pov Barrinha
PI,Piauí,Barras
PI,Piauí,Barras,Boa Vista
PI,Piauí,Barras,Centro
PI,Piauí,Barras,Curujal
PI,Piauí,Barras,Floresta
PI,Piauí,Barras,Ininga
PI,Piauí,Barras,Mao Santa
PI,Piauí,Barras,Matadouro
PI,Piauí,Barras,Palestina
PI,Piauí,Barras,Paqueta
PI,Piauí,Barras,Pedrinhas
PI,Piauí,Barras,Pedrinhas i
PI,Piauí,Barras,Pedrinhas ii
PI,Piauí,Barras,Piquizeiro
PI,Piauí,Barras,Riachinho
PI,Piauí,Barras,Santinho
PI,Piauí,Barras,Sao Cristovao
PI,Piauí,Barras,Xique Xique
PI,Piauí,Barreiras do Piauí
PI,Piauí,Barreiras do Piauí,Centro
PI,Piauí,Barreiras do Piauí,Sao Joao
PI,Piauí,Barreiro dos Doucas
PI,Piauí,Barreiro dos Doucas,Pov Barreiro Docas
PI,Piauí,Barriguda
PI,Piauí,Barriguda,Pov Barriguda
PI,Piauí,Barrinha
PI,Piauí,Barrinha,Pov Barrinha
PI,Piauí,Barro
PI,Piauí,Barro,Pvd Barro
PI,Piauí,Barro Duro
PI,Piauí,Barro Duro,Bananeira
PI,Piauí,Barro Duro,Centro
PI,Piauí,Barro Duro,Rodovia
PI,Piauí,Batalha
PI,Piauí,Batalha,Centro
PI,Piauí,Batalha,Esperanca i
PI,Piauí,Batalha,Formigueira
PI,Piauí,Batalha,Matadouro
PI,Piauí,Batalha,Santa Cruz
PI,Piauí,Batalha,Sao Francisco
PI,Piauí,Batalha,Sao Miguel
PI,Piauí,Batalha,Vila Kolping
PI,Piauí,Bela Vista do Piauí
PI,Piauí,Bela Vista do Piauí,Centro
PI,Piauí,Belém do Piauí
PI,Piauí,Belém do Piauí,Centro
PI,Piauí,Beneditinos
PI,Piauí,Beneditinos,Centro
PI,Piauí,Beneditinos,Chacara
PI,Piauí,Beneditinos,Faz Santa Teresa
PI,Piauí,Beneditinos,Matadouro
PI,Piauí,Beneditinos,Sao Benedito
PI,Piauí,Bertolínia
PI,Piauí,Bertolínia,Centro
PI,Piauí,Betânia do Piauí
PI,Piauí,Betânia do Piauí,Centro
PI,Piauí,Boa Hora
PI,Piauí,Boa Hora,Centro
PI,Piauí,Boa Hora,Palmeirinha
PI,Piauí,Boa Hora - Teresina
PI,Piauí,Boa Viagem
PI,Piauí,Boa Viagem,Pvd Boa Viagem
PI,Piauí,Boa Vista da Estação
PI,Piauí,Boa Vista da Estação,Boa Vista Estacao
PI,Piauí,Boa Vista da Estação,Pov Corrego
PI,Piauí,Boa Vista dos Nogueiras
PI,Piauí,Boa Vista dos Nogueiras,Boa Vista Nogueira
PI,Piauí,Bocaína
PI,Piauí,Bocaína,Centro
PI,Piauí,Bocaína,Pvd Varjota
PI,Piauí,Boi Morto
PI,Piauí,Boi Morto,Pov Boi Morto
PI,Piauí,Bom Jesus
PI,Piauí,Bom Jesus,Aeroporto
PI,Piauí,Bom Jesus,Alto Alegre
PI,Piauí,Bom Jesus,Campos Universitario
PI,Piauí,Bom Jesus,Centro
PI,Piauí,Bom Jesus,Der
PI,Piauí,Bom Jesus,Josue Parente
PI,Piauí,Bom Jesus,Miramar
PI,Piauí,Bom Jesus,Penitenciaria
PI,Piauí,Bom Jesus,Rodovia
PI,Piauí,Bom Jesus,Sao Pedro
PI,Piauí,Bom Princípio do Piauí
PI,Piauí,Bom Princípio do Piauí,Campos
PI,Piauí,Bom Princípio do Piauí,Centro
PI,Piauí,Bonfim do Piauí
PI,Piauí,Bonfim do Piauí,Centro
PI,Piauí,Boqueirão do Piauí
PI,Piauí,Boqueirão do Piauí,Centro
PI,Piauí,Brasileira
PI,Piauí,Brasileira,Brasileira
PI,Piauí,Brasileira,Centro
PI,Piauí,Brasileira,Estacao
PI,Piauí,Brasileira,Fazenda Tote
PI,Piauí,Brejo da Fortaleza
PI,Piauí,Brejo da Fortaleza,Pov Brejo Fortaleza
PI,Piauí,Brejo da Onça
PI,Piauí,Brejo da Onça,Pov Brejo Onca
PI,Piauí,Brejo do Piauí
PI,Piauí,Brejo do Piauí,Centro
PI,Piauí,Brejo do Piauí,Olho D'agua
PI,Piauí,Buriti do Castelo
PI,Piauí,Buriti do Castelo,Pov Buriti Castelo
PI,Piauí,Buriti dos Lopes
PI,Piauí,Buriti dos Lopes,Centro
PI,Piauí,Buriti dos Lopes,Cohab
PI,Piauí,Buriti dos Lopes,Macambira
PI,Piauí,Buriti dos Lopes,Pvd Coroa S Remijo
PI,Piauí,Buriti dos Lopes,Pvd Estreito
PI,Piauí,Buriti dos Lopes,Rodovia
PI,Piauí,Buriti dos Montes
PI,Piauí,Buriti dos Montes,Centro
PI,Piauí,Buriti dos Montes,Pvd Nova Olinda
PI,Piauí,Buriti Grande
PI,Piauí,Buriti Grande,Pvd Buriti Grande
PI,Piauí,Cabeceiras do Piauí
PI,Piauí,Cabeceiras do Piauí,Centro
PI,Piauí,Cabeceiras do Piauí,Fazenda
PI,Piauí,Cabeceiras do Piauí,Mangueira
PI,Piauí,Cabeceiras do Piauí,Sao Luis
PI,Piauí,Cachoeirinha
PI,Piauí,Cachoeirinha,Pov Cachoeirinha
PI,Piauí,Cacimba de Pedra
PI,Piauí,Cacimba de Pedra,Pov Cacimba Pedra
PI,Piauí,Cacimba Nova
PI,Piauí,Cacimba Velha
PI,Piauí,Cacimba Velha,Cacimba Velha
PI,Piauí,Cacimba Velha,Chacara Alvorada
PI,Piauí,Cacimba Velha,Estrada Cajaibinha
PI,Piauí,Cacimba Velha,Etr Cacimba Velha
PI,Piauí,Cacimba Velha,Fazenda Nova Cajaib
PI,Piauí,Cacimba Velha,Pov Lagoa Mata
PI,Piauí,Cacimba Velha,Povoado Tapuio
PI,Piauí,Cacimba Velha,Pvd Cacimba Velha
PI,Piauí,Cacimba Velha,Sit Sao Francisco
PI,Piauí,Cacimba Velha,Sitio Renascer
PI,Piauí,Cacimba Velha,Taboquinha
PI,Piauí,Cajazeiras
PI,Piauí,Cajazeiras do Piauí
PI,Piauí,Cajazeiras do Piauí,Centro
PI,Piauí,Cajazeiras do Piauí,Planalto
PI,Piauí,Cajazeiras do Piauí,Retorno
PI,Piauí,Cajueiro - Patos do Piaui
PI,Piauí,Cajueiro - Patos do Piaui,Pvd Cajueiro
PI,Piauí,Cajueiro da Praia
PI,Piauí,Cajueiro da Praia,Centro
PI,Piauí,Cajueiro da Praia,Pvd Barra Grande
PI,Piauí,Cajueiro da Praia,Pvd Cajueiro Praia
PI,Piauí,Caldeirão - Assunção do Piauí
PI,Piauí,Caldeirão - Assunção do Piauí,Pov Caldeirão
PI,Piauí,Caldeirão - Piripiri
PI,Piauí,Caldeirão - Piripiri,Pov Banda
PI,Piauí,Caldeirão - Piripiri,Pov Caldeirao
PI,Piauí,Caldeirão do Luiz
PI,Piauí,Caldeirão Grande do Piauí
PI,Piauí,Caldeirão Grande do Piauí,Centro
PI,Piauí,Caldeirãozinho
PI,Piauí,Caldeirãozinho,Pov Caldeiraozinho
PI,Piauí,Campestre - Cocal
PI,Piauí,Campestre - Cocal,Pov Campestre
PI,Piauí,Campestre Norte
PI,Piauí,Campinas do Piauí
PI,Piauí,Campinas do Piauí,Centro
PI,Piauí,Campinas do Piauí,Mutirao
PI,Piauí,Campinas do Piauí,Timon
PI,Piauí,Campo Alegre do Fidalgo
PI,Piauí,Campo Alegre do Fidalgo,Centro
PI,Piauí,Campo Alegre do Fidalgo,Sao Pedro
PI,Piauí,Campo Grande do Piauí
PI,Piauí,Campo Grande do Piauí,Campo Grande Piaui
PI,Piauí,Campo Grande do Piauí,Centro
PI,Piauí,Campo Grande do Piauí,Fazenda
PI,Piauí,Campo Grande do Piauí,Novo Horizonte
PI,Piauí,Campo Grande do Piauí,Pov Km Oitenta
PI,Piauí,Campo Largo do Piauí
PI,Piauí,Campo Largo do Piauí,Centro
PI,Piauí,Campo Maior
PI,Piauí,Campo Maior,Aeroporto
PI,Piauí,Campo Maior,Agua Azul
PI,Piauí,Campo Maior,Cariri
PI,Piauí,Campo Maior,Centro
PI,Piauí,Campo Maior,Chacara
PI,Piauí,Campo Maior,Chacara Olaria
PI,Piauí,Campo Maior,Chacara Santa Luzia
PI,Piauí,Campo Maior,Cidade Nova
PI,Piauí,Campo Maior,Estacao
PI,Piauí,Campo Maior,Estrada Velame
PI,Piauí,Campo Maior,Fatima
PI,Piauí,Campo Maior,Fazenda
PI,Piauí,Campo Maior,Fazenda Santa Alice
PI,Piauí,Campo Maior,Fazenda Tucuns
PI,Piauí,Campo Maior,Flor Campo
PI,Piauí,Campo Maior,Flores
PI,Piauí,Campo Maior,Fripisa
PI,Piauí,Campo Maior,Matadouro
PI,Piauí,Campo Maior,Mucuripi
PI,Piauí,Campo Maior,Ns Fátima
PI,Piauí,Campo Maior,Ns Lourdes
PI,Piauí,Campo Maior,Olaria
PI,Piauí,Campo Maior,Parque Estrela
PI,Piauí,Campo Maior,Parque Zurique
PI,Piauí,Campo Maior,Paulo vi
PI,Piauí,Campo Maior,Psf Cafe Vento
PI,Piauí,Campo Maior,Pvd Alto Meio
PI,Piauí,Campo Maior,Rodovia
PI,Piauí,Campo Maior,Santa Cruz
PI,Piauí,Campo Maior,Santa Rita
PI,Piauí,Campo Maior,Sao Joao
PI,Piauí,Campo Maior,Sao Luis
PI,Piauí,Camurupim
PI,Piauí,Camurupim,Pvd Camurupim
PI,Piauí,Canavieira
PI,Piauí,Canavieira,Centro
PI,Piauí,Cândido Borges
PI,Piauí,Canto do Buriti
PI,Piauí,Canto do Buriti,Campo Grande
PI,Piauí,Canto do Buriti,Centro
PI,Piauí,Canto do Buriti,Fazenda
PI,Piauí,Canto do Buriti,Iapep
PI,Piauí,Canto do Buriti,Matadouro
PI,Piauí,Canto do Buriti,Rodovia
PI,Piauí,Canto do Buriti,Santa Luz
PI,Piauí,Canto do Buriti,Santa Luzia
PI,Piauí,Canto do Buriti,Santo Antonio
PI,Piauí,Canto do Buriti,Tanque Governo
PI,Piauí,Canto do Buriti,Veneza
PI,Piauí,Capim Grosso
PI,Piauí,Capim Grosso,Pvd Capim Grosso
PI,Piauí,Capitão de Campos
PI,Piauí,Capitão de Campos,California
PI,Piauí,Capitão de Campos,Centro
PI,Piauí,Capitão de Campos,Estacao
PI,Piauí,Capitão de Campos,Fazenda
PI,Piauí,Capitão de Campos,Poço do Governo
PI,Piauí,Capitão de Campos,Rodovia
PI,Piauí,Capitão de Campos,Sao Jorge
PI,Piauí,Capitão de Campos,Sao Jose
PI,Piauí,Capitão de Campos,Vila Mada
PI,Piauí,Capitão de Campos,Vila Paz
PI,Piauí,Capitão de Campos,Vista Alegre
PI,Piauí,Capitão Gervásio Oliveira
PI,Piauí,Capitão Gervásio Oliveira,Centro
PI,Piauí,Capitão Gervásio Oliveira,João Deus
PI,Piauí,Caracol
PI,Piauí,Caracol,Alto Alegre
PI,Piauí,Caracol,Alto Cearense
PI,Piauí,Caracol,Ana Angelica
PI,Piauí,Caracol,Cearense
PI,Piauí,Caracol,Centro
PI,Piauí,Caracol,Jose Dias
PI,Piauí,Caracol,Maria Lourdes
PI,Piauí,Caracol,Santo Antônio
PI,Piauí,Caracol,São José
PI,Piauí,Caraíbas - Novo Oriente do Piauí
PI,Piauí,Carapebas
PI,Piauí,Carapebas,Pvd Carapebas
PI,Piauí,Caraúbas do Piauí
PI,Piauí,Caraúbas do Piauí,Alto Alegre
PI,Piauí,Caraúbas do Piauí,Centro
PI,Piauí,Caraúbas do Piauí,Pvd Carauba
PI,Piauí,Caridade do Piauí
PI,Piauí,Caridade do Piauí,Centro
PI,Piauí,Carnaúba
PI,Piauí,Castelo do Piauí
PI,Piauí,Castelo do Piauí,Castelo
PI,Piauí,Castelo do Piauí,Centro
PI,Piauí,Castelo do Piauí,Cohab
PI,Piauí,Castelo do Piauí,Efr Feroviaria
PI,Piauí,Castelo do Piauí,Estacao
PI,Piauí,Castelo do Piauí,Faz Sta Helena
PI,Piauí,Castelo do Piauí,Fazenda
PI,Piauí,Castelo do Piauí,Jitirana
PI,Piauí,Castelo do Piauí,Mutirao
PI,Piauí,Castelo do Piauí,Picarra
PI,Piauí,Caxingó
PI,Piauí,Caxingó,Centro
PI,Piauí,Caxingó,Pvd Caxingo
PI,Piauí,Centro do Designo
PI,Piauí,Cerâmica Cil
PI,Piauí,Cerâmica Cil,Ceramica Cil
PI,Piauí,Cerâmica Cil,Maria Alice
PI,Piauí,Chapada do Pinto
PI,Piauí,Chapada do Pinto,Pov Chapada Pinto
PI,Piauí,Chapadinha
PI,Piauí,Cocal
PI,Piauí,Cocal,Centro
PI,Piauí,Cocal,Fazenda
PI,Piauí,Cocal,Posto Fiscal
PI,Piauí,Cocal,Rodovia
PI,Piauí,Cocal,Santa Luzia
PI,Piauí,Cocal,Santa Teresinha
PI,Piauí,Cocal,Sao Francisco
PI,Piauí,Cocal,Ulisses
PI,Piauí,Cocal de Telha
PI,Piauí,Cocal de Telha,Centro
PI,Piauí,Cocal de Telha,Fazenda
PI,Piauí,Cocal de Telha,Sao Luis
PI,Piauí,Cocal dos Alves
PI,Piauí,Cocal dos Alves,Centro
PI,Piauí,Cocal dos Alves,Pitombeira De Baixo
PI,Piauí,Cocal dos Alves,Pvd Cocal Alves
PI,Piauí,Coivaras
PI,Piauí,Coivaras,Buritizinho
PI,Piauí,Coivaras,Centro
PI,Piauí,Coivaras,Fazenda
PI,Piauí,Coivaras,Santa Vitoria
PI,Piauí,Coivaras,Sao Joao
PI,Piauí,Colônia do Gurguéia
PI,Piauí,Colônia do Gurguéia,Aeroporto
PI,Piauí,Colônia do Gurguéia,Amizade
PI,Piauí,Colônia do Gurguéia,Anchieta
PI,Piauí,Colônia do Gurguéia,Centro
PI,Piauí,Colônia do Gurguéia,Fazenda
PI,Piauí,Colônia do Gurguéia,Padre Anchieta
PI,Piauí,Colônia do Gurguéia,Pvd Projeto Dnocs
PI,Piauí,Colônia do Gurguéia,Rodovia
PI,Piauí,Colônia do Gurguéia,Santa Helena
PI,Piauí,Colônia do Piauí
PI,Piauí,Colônia do Piauí,Centro
PI,Piauí,Comvap
PI,Piauí,Comvap,Pov Comvap
PI,Piauí,Conceição - Amarante
PI,Piauí,Conceição - Amarante,Pov Conceicao
PI,Piauí,Conceição - São João da Canabrava
PI,Piauí,Conceição - São João da Canabrava,Pvd Conceicao
PI,Piauí,Conceição do Canindé
PI,Piauí,Conceição do Canindé,Centro
PI,Piauí,Contendas
PI,Piauí,Coroa de São Remígio
PI,Piauí,Coroa de São Remígio,Pvd Coroa s Remijo
PI,Piauí,Coroatá - Picos
PI,Piauí,Coroatá - Picos,Pov Lagoa Felix
PI,Piauí,Coroatá - Picos,Pvd Coroata
PI,Piauí,Coronel José Dias
PI,Piauí,Coronel José Dias,Centro
PI,Piauí,Corrente
PI,Piauí,Corrente,Aeroporto
PI,Piauí,Corrente,Aeroporto II
PI,Piauí,Corrente,Centro
PI,Piauí,Corrente,Cicerano
PI,Piauí,Corrente,Cicerindo
PI,Piauí,Corrente,Cicierina
PI,Piauí,Corrente,Ciserino
PI,Piauí,Corrente,Fazenda
PI,Piauí,Corrente,Morro Pequi
PI,Piauí,Corrente,Morro Piaui
PI,Piauí,Corrente,Morro Piqui
PI,Piauí,Corrente,Nova Corrente
PI,Piauí,Corrente,Parain
PI,Piauí,Corrente,Pecuaria
PI,Piauí,Corrente,Posto Boa Esperanca
PI,Piauí,Corrente,Preto Piaui
PI,Piauí,Corrente,Rancho Mandaqui
PI,Piauí,Corrente,Rodovia
PI,Piauí,Corrente,Setor Norte
PI,Piauí,Corrente,Sitio Ibc
PI,Piauí,Corrente,Vermelhao
PI,Piauí,Corrente,Vila Nova
PI,Piauí,Cova Donga
PI,Piauí,Cova Donga,Pov Fazenda Planalto
PI,Piauí,Cova Donga,Pvd Cova Donga
PI,Piauí,Cristalândia do Piauí
PI,Piauí,Cristalândia do Piauí,Centro
PI,Piauí,Cristino Castro
PI,Piauí,Cristino Castro,Bela Vista
PI,Piauí,Cristino Castro,Centro
PI,Piauí,Cristino Castro,Cohab
PI,Piauí,Cristino Castro,Fazenda
PI,Piauí,Cristino Castro,Mutirao
PI,Piauí,Cristino Castro,Rodovia
PI,Piauí,Cristino Castro,Sapolandia
PI,Piauí,Cristovinho
PI,Piauí,Cristovinho,Pov Cristovinho
PI,Piauí,Croazal
PI,Piauí,Curimatá
PI,Piauí,Curimatá,Batateira
PI,Piauí,Curimatá,Centro
PI,Piauí,Curimatá,Curimata
PI,Piauí,Curimatá,Nova Curimata
PI,Piauí,Currais
PI,Piauí,Currais,Centro
PI,Piauí,Curral de Pedra
PI,Piauí,Curral Novo do Piauí
PI,Piauí,Curral Novo do Piauí,Centro
PI,Piauí,Curralinho - Simões
PI,Piauí,Curralinho - Simões,Pov Curralinho
PI,Piauí,Curralinhos
PI,Piauí,Curralinhos,Centro
PI,Piauí,David Caldas
PI,Piauí,David Caldas,Pvd David Caldas
PI,Piauí,Demerval Lobão
PI,Piauí,Demerval Lobão,Boa Esperanca
PI,Piauí,Demerval Lobão,Centro
PI,Piauí,Demerval Lobão,Cidade Nova
PI,Piauí,Demerval Lobão,Parque Vaquejada
PI,Piauí,Demerval Lobão,Piacava
PI,Piauí,Demerval Lobão,Prainha Do Vento
PI,Piauí,Demerval Lobão,Rodovia
PI,Piauí,Demerval Lobão,Santa Ines
PI,Piauí,Demerval Lobão,São Pedro
PI,Piauí,Demerval Lobão,Vaquejada
PI,Piauí,Dirceu Arcoverde
PI,Piauí,Dirceu Arcoverde,Centro
PI,Piauí,Dirceu Arcoverde,Dirceu Arcoverde
PI,Piauí,Dirceu Arcoverde,Rodovia
PI,Piauí,Divinópolis
PI,Piauí,Divinópolis,Pvd Divinopolis
PI,Piauí,Dom Expedito Lopes
PI,Piauí,Dom Expedito Lopes,Alto Boa Vista
PI,Piauí,Dom Expedito Lopes,Alto Passagem
PI,Piauí,Dom Expedito Lopes,Centro
PI,Piauí,Dom Expedito Lopes,Codo
PI,Piauí,Dom Expedito Lopes,Novo Cajueiro
PI,Piauí,Dom Expedito Lopes,Povoado Gaturiano
PI,Piauí,Dom Expedito Lopes,Pvd Buriti Grande
PI,Piauí,Dom Expedito Lopes,Pvd Gaturiano
PI,Piauí,Dom Expedito Lopes,Pvd Sitiozinho
PI,Piauí,Dom Expedito Lopes,Rodovia
PI,Piauí,Dom Inocêncio
PI,Piauí,Dom Inocêncio,Alto do Motor
PI,Piauí,Dom Inocêncio,Centro
PI,Piauí,Dom Inocêncio,Pvd Curral Novo
PI,Piauí,Domingos Mourão
PI,Piauí,Domingos Mourão,Centro
PI,Piauí,Domingos Mourão,Fazenda
PI,Piauí,Elesbão Veloso
PI,Piauí,Elesbão Veloso,Cap Mundoco
PI,Piauí,Elesbão Veloso,Centro
PI,Piauí,Elesbão Veloso,Cirico
PI,Piauí,Elesbão Veloso,Fatima
PI,Piauí,Elesbão Veloso,Faz Santa Lucia
PI,Piauí,Elesbão Veloso,Matias
PI,Piauí,Elesbão Veloso,Picarra
PI,Piauí,Elesbão Veloso,Rodovia
PI,Piauí,Elesbão Veloso,Sambaiba
PI,Piauí,Elesbão Veloso,Santa Clara
PI,Piauí,Elesbão Veloso,Varzea Alegre
PI,Piauí,Elesbão Veloso,Vermelha
PI,Piauí,Eliseu Martins
PI,Piauí,Eliseu Martins,Centro
PI,Piauí,Eliseu Martins,Mutirao
PI,Piauí,Eliseu Martins,Rodovia
PI,Piauí,Ema
PI,Piauí,Esperantina
PI,Piauí,Esperantina,Alto Bonito
PI,Piauí,Esperantina,Batista Amorim
PI,Piauí,Esperantina,Bela Vista
PI,Piauí,Esperantina,Bezerrao
PI,Piauí,Esperantina,Caixa D'agua
PI,Piauí,Esperantina,Centro
PI,Piauí,Esperantina,Chapadinha Norte
PI,Piauí,Esperantina,Cohab
PI,Piauí,Esperantina,Cruzeiro
PI,Piauí,Esperantina,Fazendinha
PI,Piauí,Esperantina,Fazendinha i
PI,Piauí,Esperantina,Lagoa Xavier
PI,Piauí,Esperantina,Mao Santa
PI,Piauí,Esperantina,Morro Chapadinha
PI,Piauí,Esperantina,Nova Esperanca
PI,Piauí,Esperantina,Palestina
PI,Piauí,Esperantina,Pvd Bela Vista
PI,Piauí,Esperantina,Pvd Cachoeira Urubu
PI,Piauí,Esperantina,Rodovia
PI,Piauí,Esperantina,Rural
PI,Piauí,Esperantina,Santa Luzia
PI,Piauí,Estreito
PI,Piauí,Eugenópolis
PI,Piauí,Fartura do Piauí
PI,Piauí,Fartura do Piauí,Centro
PI,Piauí,Fartura do Piauí,Sao Jose
PI,Piauí,Fátima do Piauí
PI,Piauí,Fátima do Piauí,Pvd Fatima Piaui
PI,Piauí,Fátima do Piauí,Tres Potes
PI,Piauí,Fazenda Nova
PI,Piauí,Fazenda Nova,Pvd Fazenda Nova
PI,Piauí,Fazenda Planalto
PI,Piauí,Fazenda Planalto,Faz Planalto
PI,Piauí,Flores do Piauí
PI,Piauí,Flores do Piauí,Centro
PI,Piauí,Flores do Piauí,Lago Bento Barros
PI,Piauí,Floresta do Piauí
PI,Piauí,Floresta do Piauí,Centro
PI,Piauí,Floriano
PI,Piauí,Floriano,Aeroporto Velho
PI,Piauí,Floriano,Alto Cruz
PI,Piauí,Floriano,Alto Guia
PI,Piauí,Floriano,Barao Grajau Ma
PI,Piauí,Floriano,Barroso
PI,Piauí,Floriano,Bom Lugar
PI,Piauí,Floriano,Bosque
PI,Piauí,Floriano,Bosque Santa Teresinha
PI,Piauí,Floriano,Caixa D'agua
PI,Piauí,Floriano,Campo Velho
PI,Piauí,Floriano,Cancela
PI,Piauí,Floriano,Canela
PI,Piauí,Floriano,Catumbi
PI,Piauí,Floriano,Centro
PI,Piauí,Floriano,Centro N
PI,Piauí,Floriano,Curador
PI,Piauí,Floriano,Curtume
PI,Piauí,Floriano,Faz Melancias
PI,Piauí,Floriano,Fazenda Taboca
PI,Piauí,Floriano,Fazenda Tatu
PI,Piauí,Floriano,Ibiapaba
PI,Piauí,Floriano,Ibipaba
PI,Piauí,Floriano,Irapua i
PI,Piauí,Floriano,Irapua ii
PI,Piauí,Floriano,Irapuan
PI,Piauí,Floriano,Irapuan ii
PI,Piauí,Floriano,Lago Matadouro
PI,Piauí,Floriano,Lt Ns Dores
PI,Piauí,Floriano,Malaria
PI,Piauí,Floriano,Manguinha
PI,Piauí,Floriano,Matadouro
PI,Piauí,Floriano,Meladao
PI,Piauí,Floriano,Morro Tiro
PI,Piauí,Floriano,Ns Conceicao
PI,Piauí,Floriano,Ns Guia
PI,Piauí,Floriano,Pau Ferrado
PI,Piauí,Floriano,Piauzu
PI,Piauí,Floriano,Planalto Sambaiba
PI,Piauí,Floriano,Porcos
PI,Piauí,Floriano,Posto Fiscal
PI,Piauí,Floriano,Princesa Sul
PI,Piauí,Floriano,Pvd Caraiba Norte
PI,Piauí,Floriano,Rede Nova
PI,Piauí,Floriano,Rodovia
PI,Piauí,Floriano,Sambaiba
PI,Piauí,Floriano,Sambaiba Nova
PI,Piauí,Floriano,Sambaiba Velha
PI,Piauí,Floriano,Santa Rita
PI,Piauí,Floriano,Sao Borja
PI,Piauí,Floriano,Sao Cristovao
PI,Piauí,Floriano,Taboca
PI,Piauí,Floriano,Tamboril
PI,Piauí,Floriano,Terra Preta
PI,Piauí,Floriano,Tiberao
PI,Piauí,Floriano,Varginha
PI,Piauí,Floriano,Vereda Grande
PI,Piauí,Floriano,Via Azul
PI,Piauí,Formosa - Matias Olímpio
PI,Piauí,Formosa - Matias Olímpio,Pov Formosa
PI,Piauí,Formosa - Piripiri
PI,Piauí,Francinópolis
PI,Piauí,Francinópolis,Centro
PI,Piauí,Francinópolis,Malhada Vermelha
PI,Piauí,Francinópolis,Morro Esperanca
PI,Piauí,Francinópolis,Pvd m Vermelha
PI,Piauí,Francisco Ayres
PI,Piauí,Francisco Ayres,Centro
PI,Piauí,Francisco Macedo
PI,Piauí,Francisco Macedo,Centro
PI,Piauí,Francisco Santos
PI,Piauí,Francisco Santos,Centro
PI,Piauí,Francisco Santos,Pvd Boa Viagem
PI,Piauí,Fronteiras
PI,Piauí,Fronteiras,Barreira
PI,Piauí,Fronteiras,Bela Vista
PI,Piauí,Fronteiras,Centro
PI,Piauí,Fronteiras,Cohab
PI,Piauí,Fronteiras,Faz Itapissuma
PI,Piauí,Fronteiras,Faz Monte Alvao
PI,Piauí,Fronteiras,Fazenda
PI,Piauí,Fronteiras,Mutirao
PI,Piauí,Fronteiras,Panorama
PI,Piauí,Fronteiras,Rodovia
PI,Piauí,Fronteiras,Sit Sao Francisco
PI,Piauí,Fronteiras,Vila Nassau
PI,Piauí,Furnas
PI,Piauí,Furnas,Pvd Furnas
PI,Piauí,Furta-lhe a Volta
PI,Piauí,Furta-lhe a Volta,Pov Furta Lhe Volta
PI,Piauí,Gaturiano
PI,Piauí,Gaturiano,Pov Gaturiano
PI,Piauí,Geminiano
PI,Piauí,Geminiano,Centro
PI,Piauí,Geminiano,Pov Ambrosio
PI,Piauí,Gilbués
PI,Piauí,Gilbués,Cassiana
PI,Piauí,Gilbués,Centro
PI,Piauí,Gilbués,Faz Galileia
PI,Piauí,Gilbués,Faz Serra Grande
PI,Piauí,Gilbués,Fazenda Raio Sol
PI,Piauí,Gilbués,Rodovia
PI,Piauí,Gilbués,Samaritana
PI,Piauí,Goiabeira
PI,Piauí,Goiabeira,Pvd Goiabeira
PI,Piauí,Guadalupe
PI,Piauí,Guadalupe,Bela Vista
PI,Piauí,Guadalupe,Centro
PI,Piauí,Guadalupe,Coqueiro
PI,Piauí,Guadalupe,Cruzeta
PI,Piauí,Guadalupe,Faz Brejo Cagados
PI,Piauí,Guadalupe,Fazenda Modelo
PI,Piauí,Guadalupe,Rodovia
PI,Piauí,Guadalupe,Sao Felix
PI,Piauí,Guadalupe,Vila Boa Esperanca
PI,Piauí,Guadalupe,Vila Nova
PI,Piauí,Guaribas
PI,Piauí,Guaribas,Centro
PI,Piauí,Hugo Napoleão
PI,Piauí,Hugo Napoleão,Centro
PI,Piauí,Ilha Grande
PI,Piauí,Ilha Grande,Alto Batista
PI,Piauí,Ilha Grande,Centro
PI,Piauí,Ilha Grande,Estrada
PI,Piauí,Ilha Grande,Tatuis
PI,Piauí,Inhuma
PI,Piauí,Inhuma,Centro
PI,Piauí,Inhuma,Fazenda
PI,Piauí,Inhuma,Lagoa Vigario
PI,Piauí,Inhuma,Liberdade
PI,Piauí,Inhuma,Meireles
PI,Piauí,Inhuma,Palestina
PI,Piauí,Inhuma,Primavera
PI,Piauí,Inhuma,Rodovia
PI,Piauí,Ipiranga do Piauí
PI,Piauí,Ipiranga do Piauí,Alto Alegre
PI,Piauí,Ipiranga do Piauí,Boa Vista
PI,Piauí,Ipiranga do Piauí,Buriti Comprido
PI,Piauí,Ipiranga do Piauí,Centro
PI,Piauí,Ipiranga do Piauí,Fazenda
PI,Piauí,Ipiranga do Piauí,Pov Brejo Fortaleza
PI,Piauí,Ipiranga do Piauí,Rodovia
PI,Piauí,Ipiranga do Piauí,Santa Catarina
PI,Piauí,Ipueira Brazão
PI,Piauí,Isaías Coelho
PI,Piauí,Isaías Coelho,Centro
PI,Piauí,Isaías Coelho,Pvd s Domingos
PI,Piauí,Isidoria
PI,Piauí,Isidoria,Pvd Isidoria
PI,Piauí,Itainópolis
PI,Piauí,Itainópolis,Centro
PI,Piauí,Itainópolis,Chácara Tamboril
PI,Piauí,Itainópolis,Cohab
PI,Piauí,Itainópolis,Itainopolis
PI,Piauí,Itainópolis,Pov Baixa
PI,Piauí,Itaueira
PI,Piauí,Itaueira,Alto Sereno
PI,Piauí,Itaueira,Centro
PI,Piauí,Itaueira,Cohab
PI,Piauí,Itaueira,Faz Boqueirao
PI,Piauí,Itaueira,Fazenda
PI,Piauí,Itaueira,Fazenda Carpina
PI,Piauí,Itaueira,Pov Saquinho
PI,Piauí,Itaueira,Rodovia
PI,Piauí,Jacaré
PI,Piauí,Jacaré,Pvd Jacare
PI,Piauí,Jacobina do Piauí
PI,Piauí,Jacobina do Piauí,Alto Sao Pedro
PI,Piauí,Jacobina do Piauí,Centro
PI,Piauí,Jaicós
PI,Piauí,Jaicós,Centro
PI,Piauí,Jaicós,Faz Mundo Novo
PI,Piauí,Jaicós,Fazenda
PI,Piauí,Jaicós,Fazenda Montalegre
PI,Piauí,Jaicós,Nova Holanda
PI,Piauí,Jaicós,Nova Olinda
PI,Piauí,Jaicós,Pedrinha
PI,Piauí,Jaicós,Rodovia
PI,Piauí,Jaicós,Serranopolis
PI,Piauí,Japecanga
PI,Piauí,Japecanga,Pvd Japecanga
PI,Piauí,Jardim do Mulato
PI,Piauí,Jardim do Mulato,Centro
PI,Piauí,Jardim do Mulato,Pau Bombo
PI,Piauí,Jardim do Mulato,Pov Baixa Caraibas
PI,Piauí,Jardim do Mulato,Pov Mimoso
PI,Piauí,Jatobá do Piauí
PI,Piauí,Jatobá do Piauí,Centro
PI,Piauí,Jerumenha
PI,Piauí,Jerumenha,Centro
PI,Piauí,Jerumenha,Faz Riacho Macacos
PI,Piauí,Jerumenha,Fazenda Brejo
PI,Piauí,Jerumenha,Pvd Barra Lance
PI,Piauí,Jerumenha,Rodovia
PI,Piauí,Jerumenha,Zona Rural
PI,Piauí,João Costa
PI,Piauí,João Costa,Centro
PI,Piauí,João Costa,Pov Toca
PI,Piauí,Joaquim Pires
PI,Piauí,Joaquim Pires,Centro
PI,Piauí,Joaquim Pires,Fatima
PI,Piauí,Joaquim Pires,Pov Sao Jose
PI,Piauí,Joaquim Pires,Progresso
PI,Piauí,Joca Marques
PI,Piauí,Joca Marques,Centro
PI,Piauí,Joca Marques,Pov Caiçara
PI,Piauí,José de Freitas
PI,Piauí,José de Freitas,Barragem
PI,Piauí,José de Freitas,Centro
PI,Piauí,José de Freitas,Cidade Nova
PI,Piauí,José de Freitas,Deus Me Deu
PI,Piauí,José de Freitas,Experienca
PI,Piauí,José de Freitas,Fatima
PI,Piauí,José de Freitas,Faz Alto Bonito
PI,Piauí,José de Freitas,Faz Goias
PI,Piauí,José de Freitas,Faz Repouso
PI,Piauí,José de Freitas,Faz Santa Rosa
PI,Piauí,José de Freitas,Fazenda
PI,Piauí,José de Freitas,Gusmao
PI,Piauí,José de Freitas,Ipiranga
PI,Piauí,José de Freitas,Marmelada
PI,Piauí,José de Freitas,Matadouro
PI,Piauí,José de Freitas,Mirador
PI,Piauí,José de Freitas,Mutirao
PI,Piauí,José de Freitas,Nd Fatima
PI,Piauí,José de Freitas,Pitombeira
PI,Piauí,José de Freitas,Rodovia
PI,Piauí,José de Freitas,Santa Rosa
PI,Piauí,José de Freitas,Santo Antonio
PI,Piauí,José de Freitas,Sao Pedro
PI,Piauí,José de Freitas,Sit s Francisco
PI,Piauí,José de Freitas,Suco Uva
PI,Piauí,José de Freitas,Tijuca
PI,Piauí,Juazeiro do Piauí
PI,Piauí,Juazeiro do Piauí,Bom Jardim
PI,Piauí,Juazeiro do Piauí,Centro
PI,Piauí,Juazeiro do Piauí,Pe Serra
PI,Piauí,Juazeiro do Piauí,Pedreira
PI,Piauí,Juazeiro do Piauí,Pimenta
PI,Piauí,Juazeiro do Segundo
PI,Piauí,Juazeiro do Segundo,Pov Juazeiro ii
PI,Piauí,Júlio Borges
PI,Piauí,Júlio Borges,Centro
PI,Piauí,Júlio Borges,Pvd Veredao
PI,Piauí,Jurema
PI,Piauí,Jurema,Alto Sossego
PI,Piauí,Jurema,Baixada Santista
PI,Piauí,Jurema,Centro
PI,Piauí,Lagoa Alegre
PI,Piauí,Lagoa Alegre,Centro
PI,Piauí,Lagoa Alegre,Iraque
PI,Piauí,Lagoa Alegre,Mundoca
PI,Piauí,Lagoa Alegre,Picarreira
PI,Piauí,Lagoa Alegre,Sao Francisco
PI,Piauí,Lagoa de Cima
PI,Piauí,Lagoa de Dentro
PI,Piauí,Lagoa de Dentro,Pvd Lagoa Dentro
PI,Piauí,Lagoa de São Francisco
PI,Piauí,Lagoa de São Francisco,Centro
PI,Piauí,Lagoa de São Francisco,Picarra
PI,Piauí,Lagoa de São Francisco,Pvd Lagoa Claudios
PI,Piauí,Lagoa do Barro do Piauí
PI,Piauí,Lagoa do Barro do Piauí,Centro
PI,Piauí,Lagoa do Barro do Piauí,Pov 7 Lagoas
PI,Piauí,Lagoa do Piauí
PI,Piauí,Lagoa do Piauí,Centro
PI,Piauí,Lagoa do Piauí,Estrada
PI,Piauí,Lagoa do Piauí,Fazenda Anaja
PI,Piauí,Lagoa do Piauí,Lagoa Piaui
PI,Piauí,Lagoa do Sítio
PI,Piauí,Lagoa do Sítio,Angico
PI,Piauí,Lagoa do Sítio,Canto Cedro
PI,Piauí,Lagoa do Sítio,Centro
PI,Piauí,Lagoa do Sítio,Malhada Alta
PI,Piauí,Lagoa do Sítio,Picarra
PI,Piauí,Lagoa do Sítio,Tiuca
PI,Piauí,Lagoa do Sucuruju
PI,Piauí,Lagoa do Sucuruju,Pvd Lagoa Sucuruju
PI,Piauí,Lagoa Seca - Esperantina
PI,Piauí,Lagoa Seca - Esperantina,Pov Sítio Alegre
PI,Piauí,Lagoa Seca - Esperantina,Pvd Lagoa Seca
PI,Piauí,Lagoa Seca - São Pedro do Piauí
PI,Piauí,Lagoa Seca - São Pedro do Piauí,Pov Lagoa Seca
PI,Piauí,Lagoinha
PI,Piauí,Lagoinha,Pvd Lagoinha
PI,Piauí,Lagoinha do Piauí
PI,Piauí,Lagoinha do Piauí,Centro
PI,Piauí,Lagoinha do Piauí,Rodovia
PI,Piauí,Lajeiro Branco
PI,Piauí,Landri Sales
PI,Piauí,Landri Sales,Centro
PI,Piauí,Landri Sales,Fazenda
PI,Piauí,Landri Sales,Santa Cruz
PI,Piauí,Liberdade
PI,Piauí,Liberdade,Pvd Liberdade
PI,Piauí,Luís Correia
PI,Piauí,Luís Correia,Alto Bonito
PI,Piauí,Luís Correia,Atalaia
PI,Piauí,Luís Correia,Beira Mar
PI,Piauí,Luís Correia,Campos
PI,Piauí,Luís Correia,Cemitério
PI,Piauí,Luís Correia,Centro
PI,Piauí,Luís Correia,Cereazinho
PI,Piauí,Luís Correia,Estrada
PI,Piauí,Luís Correia,Luis Correia
PI,Piauí,Luís Correia,Matadouro
PI,Piauí,Luís Correia,Pov Portinho
PI,Piauí,Luís Correia,Praia Atalaia
PI,Piauí,Luís Correia,Praia Barro Preto
PI,Piauí,Luís Correia,Praia Coqueiro
PI,Piauí,Luís Correia,Praia Dunas
PI,Piauí,Luís Correia,Praia Sol
PI,Piauí,Luís Correia,Pvd Cearazinho
PI,Piauí,Luís Correia,Rodovia
PI,Piauí,Luís Correia,Santa Luzia
PI,Piauí,Luís Correia,Triangulo
PI,Piauí,Luís Correia,Zona Rural
PI,Piauí,Luzilândia
PI,Piauí,Luzilândia,Bola Ouro
PI,Piauí,Luzilândia,Caixa D'agua
PI,Piauí,Luzilândia,Centro
PI,Piauí,Luzilândia,Coroa
PI,Piauí,Luzilândia,Iguarape
PI,Piauí,Luzilândia,Itarare
PI,Piauí,Luzilândia,Matadouro
PI,Piauí,Luzilândia,Nova Coroa
PI,Piauí,Luzilândia,Novo Horizonte
PI,Piauí,Luzilândia,Novo Oriente
PI,Piauí,Luzilândia,Pitombeira
PI,Piauí,Luzilândia,Promorar
PI,Piauí,Luzilândia,Pvd Morrinho
PI,Piauí,Luzilândia,Rodovia
PI,Piauí,Luzilândia,Sao Domingos
PI,Piauí,Madeiro
PI,Piauí,Madeiro,Centro
PI,Piauí,Malhada da Areia
PI,Piauí,Mandacaru
PI,Piauí,Mandacaru,Pvd Mandacaru
PI,Piauí,Manoel Emídio
PI,Piauí,Manoel Emídio,Altamira
PI,Piauí,Manoel Emídio,Centro
PI,Piauí,Marcolândia
PI,Piauí,Marcolândia,Centro
PI,Piauí,Marcolândia,Novo Milênio
PI,Piauí,Marcolândia,Rodovia
PI,Piauí,Marcolândia,Vila Serrania
PI,Piauí,Marcos Parente
PI,Piauí,Marcos Parente,Centro
PI,Piauí,Marrecas Zebulândia
PI,Piauí,Massapê do Piauí
PI,Piauí,Massapê do Piauí,Centro
PI,Piauí,Matias Olímpio
PI,Piauí,Matias Olímpio,Bareirao
PI,Piauí,Matias Olímpio,Centro
PI,Piauí,Matias Olímpio,Jurema
PI,Piauí,Miguel Alves
PI,Piauí,Miguel Alves,Angelim
PI,Piauí,Miguel Alves,Centro
PI,Piauí,Miguel Alves,Cohab
PI,Piauí,Miguel Alves,Cohebe
PI,Piauí,Miguel Alves,Fazenda
PI,Piauí,Miguel Alves,Forquilha
PI,Piauí,Miguel Alves,Furquilha
PI,Piauí,Miguel Alves,Matadouro
PI,Piauí,Miguel Alves,Rodovia
PI,Piauí,Miguel Alves,Santa Cecilia
PI,Piauí,Miguel Alves,Sao Miguel
PI,Piauí,Miguel Alves,Sao Vicente
PI,Piauí,Miguel Leão
PI,Piauí,Miguel Leão,Brejinho
PI,Piauí,Miguel Leão,Centro
PI,Piauí,Miguel Leão,Sitio
PI,Piauí,Miguel Leão,Sitio Coiter
PI,Piauí,Milton Brandão
PI,Piauí,Milton Brandão,Centro
PI,Piauí,Mirolândia
PI,Piauí,Mirolândia,Pvd Mirolandia
PI,Piauí,Mocambinho - Brasileira
PI,Piauí,Mocambinho - Brasileira,Pvd Mocambinho
PI,Piauí,Monsenhor Gil
PI,Piauí,Monsenhor Gil,Cachoeira
PI,Piauí,Monsenhor Gil,Cedro
PI,Piauí,Monsenhor Gil,Centro
PI,Piauí,Monsenhor Gil,Fazenda
PI,Piauí,Monsenhor Gil,Gruta Areia
PI,Piauí,Monsenhor Gil,Olho D'agua
PI,Piauí,Monsenhor Gil,Piçarreira
PI,Piauí,Monsenhor Gil,Pvd Sitio Cocal
PI,Piauí,Monsenhor Gil,Rodovia
PI,Piauí,Monsenhor Gil,Uniao
PI,Piauí,Monsenhor Gil,Vila Nova
PI,Piauí,Monsenhor Hipólito
PI,Piauí,Monsenhor Hipólito,Centro
PI,Piauí,Monte Alegre
PI,Piauí,Monte Alegre do Piauí
PI,Piauí,Monte Alegre do Piauí,Centro
PI,Piauí,Monte Alegre do Piauí,Elias Guimaraes
PI,Piauí,Monte Alegre do Piauí,Rodovia
PI,Piauí,Morrinho
PI,Piauí,Morrinho,Pvd Morrinho
PI,Piauí,Morro Cabeça no Tempo
PI,Piauí,Morro Cabeça no Tempo,Centro
PI,Piauí,Morro do Chapéu do Piauí
PI,Piauí,Morro do Chapéu do Piauí,Centro
PI,Piauí,Morro do Chapéu do Piauí,Fazenda
PI,Piauí,Morro dos Calland
PI,Piauí,Morro dos Calland,Pov 2 Irmaos
PI,Piauí,Morro dos Calland,Pov Cajazeiras
PI,Piauí,Morro dos Calland,Pov Morro Calland
PI,Piauí,Morro dos Calland,Pov Santa Luz de Cima
PI,Piauí,Morro dos Calland,Pov Sao Vicente
PI,Piauí,Morro dos Calland,Pvd Morros Calland
PI,Piauí,Morro dos Cavalos
PI,Piauí,Morro dos Cavalos,Pvd Morro Cavalos
PI,Piauí,Murici dos Portelas
PI,Piauí,Murici dos Portelas,Centro
PI,Piauí,Nazaré
PI,Piauí,Nazaré do Piauí
PI,Piauí,Nazaré do Piauí,Centro
PI,Piauí,Nazaré do Piauí,Picarra
PI,Piauí,Nazaré do Piauí,Sipauba
PI,Piauí,Nazaria
PI,Piauí,Nazaria,Pvd Nazaria
PI,Piauí,Nossa Senhora de Nazaré
PI,Piauí,Nossa Senhora de Nazaré,Centro
PI,Piauí,Nossa Senhora de Nazaré,Fatima
PI,Piauí,Nossa Senhora dos Remédios
PI,Piauí,Nossa Senhora dos Remédios,Centro
PI,Piauí,Nossa Senhora dos Remédios,Jerubeba
PI,Piauí,Nossa Senhora dos Remédios,Lourival
PI,Piauí,Nossa Senhora dos Remédios,Morro Jurubeba
PI,Piauí,Nossa Senhora dos Remédios,São Jacó
PI,Piauí,Nossa Senhora dos Remédios,Sao Joao
PI,Piauí,Nossa Senhora dos Remédios,São Sebastião
PI,Piauí,Nova Santa Rita
PI,Piauí,Nova Santa Rita,Centro
PI,Piauí,Nova Santa Rosa
PI,Piauí,Nova Santa Rosa,Pov Nova Santa Rosa
PI,Piauí,Novo Nilo
PI,Piauí,Novo Nilo,Pvd Novo Nilo
PI,Piauí,Novo Oriente do Piauí
PI,Piauí,Novo Oriente do Piauí,Alagoinha
PI,Piauí,Novo Oriente do Piauí,Centro
PI,Piauí,Novo Oriente do Piauí,Pvd Caraibas
PI,Piauí,Novo Paquetá
PI,Piauí,Novo Paquetá,Pov Novo Paqueta
PI,Piauí,Novo Santo Antônio
PI,Piauí,Novo Santo Antônio,Centro
PI,Piauí,Oeiras
PI,Piauí,Oeiras,Arizona
PI,Piauí,Oeiras,Bomba
PI,Piauí,Oeiras,Canela
PI,Piauí,Oeiras,Catingueira
PI,Piauí,Oeiras,Centro
PI,Piauí,Oeiras,Chacara
PI,Piauí,Oeiras,Chacara Recreio
PI,Piauí,Oeiras,Chacra Carcara
PI,Piauí,Oeiras,Etr Oeiras
PI,Piauí,Oeiras,Fazenda
PI,Piauí,Oeiras,Floriano Peixoto
PI,Piauí,Oeiras,Jurami
PI,Piauí,Oeiras,Jurandir
PI,Piauí,Oeiras,Jureminha
PI,Piauí,Oeiras,Lagoa Canela
PI,Piauí,Oeiras,Leme
PI,Piauí,Oeiras,Morro Leme
PI,Piauí,Oeiras,Oeiras Nova
PI,Piauí,Oeiras,Rodagem Picos
PI,Piauí,Oeiras,Rodovia
PI,Piauí,Oeiras,Rosario
PI,Piauí,Oeiras,Sub-Estacao
PI,Piauí,Oeiras,Uberaba
PI,Piauí,Oeiras,Varzea
PI,Piauí,Oitis
PI,Piauí,Oitis,Pov Oitis
PI,Piauí,Olho D'Água do Piauí
PI,Piauí,Olho D'Água do Piauí,Centro
PI,Piauí,Padre Marcos
PI,Piauí,Padre Marcos,Alto Torre
PI,Piauí,Padre Marcos,Centro
PI,Piauí,Paes Landim
PI,Piauí,Paes Landim,Centro
PI,Piauí,Pajeú
PI,Piauí,Pajeú,Pov Pajeu
PI,Piauí,Pajeú do Piauí
PI,Piauí,Pajeú do Piauí,Centro
PI,Piauí,Palmeira de Cima
PI,Piauí,Palmeira do Piauí
PI,Piauí,Palmeira do Piauí,Centro
PI,Piauí,Palmeirais
PI,Piauí,Palmeirais,Bacuri
PI,Piauí,Palmeirais,Boa Vista
PI,Piauí,Palmeirais,Centro
PI,Piauí,Palmeirais,Faz Mimoso
PI,Piauí,Palmeirais,Fazenda
PI,Piauí,Palmeirais,Pedra Luz
PI,Piauí,Palmeirais,Santa Rosa
PI,Piauí,Palmeirais,Serra Negra
PI,Piauí,Paquetá
PI,Piauí,Paquetá,Centro
PI,Piauí,Parnaguá
PI,Piauí,Parnaguá,Centro
PI,Piauí,Parnaíba
PI,Piauí,Parnaíba,Aeroporto
PI,Piauí,Parnaíba,Água Fria
PI,Piauí,Parnaíba,Alto Batista
PI,Piauí,Parnaíba,Alto Santa Maria
PI,Piauí,Parnaíba,Baixao
PI,Piauí,Parnaíba,Barra do Ceará
PI,Piauí,Parnaíba,Bebedouro
PI,Piauí,Parnaíba,BENEDITO
PI,Piauí,Parnaíba,Boa Esperanca
PI,Piauí,Parnaíba,Campo Grande
PI,Piauí,Parnaíba,Campos
PI,Piauí,Parnaíba,Cantagalo
PI,Piauí,Parnaíba,Carpina
PI,Piauí,Parnaíba,Catanduvas
PI,Piauí,Parnaíba,Catangalo
PI,Piauí,Parnaíba,Ceara
PI,Piauí,Parnaíba,Centro
PI,Piauí,Parnaíba,Centro/Ns Carmo
PI,Piauí,Parnaíba,Fatima
PI,Piauí,Parnaíba,Fazenda
PI,Piauí,Parnaíba,Fazendinha
PI,Piauí,Parnaíba,Floriopolis
PI,Piauí,Parnaíba,Igaracu
PI,Piauí,Parnaíba,Ilha Grande
PI,Piauí,Parnaíba,Ilha Grande s Isabel
PI,Piauí,Parnaíba,Ilha Tabuleiro
PI,Piauí,Parnaíba,Jardim Aeroporto
PI,Piauí,Parnaíba,Jardim Aimore
PI,Piauí,Parnaíba,Jardim America
PI,Piauí,Parnaíba,Jardim Caramuru
PI,Piauí,Parnaíba,Jardim Passaros
PI,Piauí,Parnaíba,Joao Xxiii
PI,Piauí,Parnaíba,Lagoa da Prata
PI,Piauí,Parnaíba,Lagoa Portinho
PI,Piauí,Parnaíba,Mao Santa
PI,Piauí,Parnaíba,Mendonca Clark
PI,Piauí,Parnaíba,Nova Parnaiba
PI,Piauí,Parnaíba,Ns Carmo
PI,Piauí,Parnaíba,Ns Fátima
PI,Piauí,Parnaíba,Ns Fatima/S Benedito
PI,Piauí,Parnaíba,Parnaíba
PI,Piauí,Parnaíba,Petrópolis
PI,Piauí,Parnaíba,Piabetá
PI,Piauí,Parnaíba,Piaui
PI,Piauí,Parnaíba,Pindorama
PI,Piauí,Parnaíba,Planalto Tremembe
PI,Piauí,Parnaíba,Porto Das Barcas
PI,Piauí,Parnaíba,Posto Pirangi
PI,Piauí,Parnaíba,Pov Cajueiro Praia
PI,Piauí,Parnaíba,Povoado Pedra Sal
PI,Piauí,Parnaíba,Pvd Baixa Aragao
PI,Piauí,Parnaíba,Pvd Baixa Carnauba
PI,Piauí,Parnaíba,Pvd Tatus
PI,Piauí,Parnaíba,Reis Veloso
PI,Piauí,Parnaíba,Rodovia
PI,Piauí,Parnaíba,Rodoviaria
PI,Piauí,Parnaíba,Rosapolis
PI,Piauí,Parnaíba,Sabiazal
PI,Piauí,Parnaíba,Santa Luzia
PI,Piauí,Parnaíba,Sao Benedito
PI,Piauí,Parnaíba,Sao Francisco
PI,Piauí,Parnaíba,Sao Jose
PI,Piauí,Parnaíba,Sao Judas Tadeu
PI,Piauí,Parnaíba,Sao Vicente Paula
PI,Piauí,Parnaíba,Tabuleiro
PI,Piauí,Parnaíba,Vazantinha
PI,Piauí,Parnaíba,Vila Naval
PI,Piauí,Passagem Franca do Piauí
PI,Piauí,Passagem Franca do Piauí,Centro
PI,Piauí,Patos do Piauí
PI,Piauí,Patos do Piauí,Centro
PI,Piauí,Patos do Piauí,Rodovia
PI,Piauí,Pau D'Arco do Piauí
PI,Piauí,Pau D'Arco do Piauí,Centro
PI,Piauí,Pau Ferro
PI,Piauí,Pau Ferro,Pvd Pau Ferro
PI,Piauí,Paulistana
PI,Piauí,Paulistana,Arapiraca
PI,Piauí,Paulistana,Centro
PI,Piauí,Paulistana,Chacara Brejo Santo
PI,Piauí,Paulistana,Chacara Paraiso
PI,Piauí,Paulistana,Cohab
PI,Piauí,Paulistana,Correnteza
PI,Piauí,Paulistana,Faz Massape
PI,Piauí,Paulistana,Industrial
PI,Piauí,Paulistana,Jardim Certanejo
PI,Piauí,Paulistana,Lagoa
PI,Piauí,Paulistana,Lagoa Dois
PI,Piauí,Paulistana,Rodovia
PI,Piauí,Paulistana,Santo Antonio
PI,Piauí,Paulistana,São Francisco
PI,Piauí,Paulistana,Triangulo
PI,Piauí,Paus
PI,Piauí,Pavussu
PI,Piauí,Pavussu,Centro
PI,Piauí,Pedra do Sal
PI,Piauí,Pedra do Sal,Pvd Pedra Sal
PI,Piauí,Pedras - São Pedro do Piauí
PI,Piauí,Pedras - São Pedro do Piauí,Pvd Pedras
PI,Piauí,Pedro II
PI,Piauí,Pedro II,Boa Esperanca
PI,Piauí,Pedro II,Capelinha s Antonio
PI,Piauí,Pedro II,Centro
PI,Piauí,Pedro II,Chapadinha
PI,Piauí,Pedro II,Cristo Rei
PI,Piauí,Pedro II,Cruzeiro
PI,Piauí,Pedro II,Mutirao
PI,Piauí,Pedro II,Pvd Lagoa Claudios
PI,Piauí,Pedro II,Sabora
PI,Piauí,Pedro II,Santa Fe
PI,Piauí,Pedro II,Santo Antonio
PI,Piauí,Pedro II,Sao Francisco
PI,Piauí,Pedro II,Sitio
PI,Piauí,Pedro II,Uniao
PI,Piauí,Pedro II,Vila Kolping
PI,Piauí,Pedro II,Vila Operaria
PI,Piauí,Pedro II,Vila São José
PI,Piauí,Pedro Laurentino
PI,Piauí,Pedro Laurentino,Centro
PI,Piauí,Pequis
PI,Piauí,Pequis,Pvd Pequis
PI,Piauí,Picos
PI,Piauí,Picos,Aerolandia
PI,Piauí,Picos,Altamira
PI,Piauí,Picos,Aroeiras
PI,Piauí,Picos,Bela Norte
PI,Piauí,Picos,Boa Sorte
PI,Piauí,Picos,Boa Vista
PI,Piauí,Picos,Bomba
PI,Piauí,Picos,Canto Varzea
PI,Piauí,Picos,Catavento
PI,Piauí,Picos,Centro
PI,Piauí,Picos,Cipauba
PI,Piauí,Picos,Conduru
PI,Piauí,Picos,Dner
PI,Piauí,Picos,Emaus
PI,Piauí,Picos,Fazenda
PI,Piauí,Picos,Impoeira
PI,Piauí,Picos,Impueira
PI,Piauí,Picos,Ingazeiras
PI,Piauí,Picos,Ipueiras
PI,Piauí,Picos,Jardim Natal
PI,Piauí,Picos,Jardim Paris
PI,Piauí,Picos,Junco
PI,Piauí,Picos,Lagoa Comprida
PI,Piauí,Picos,Malvinas
PI,Piauí,Picos,Matadouro
PI,Piauí,Picos,Morada Sol
PI,Piauí,Picos,Morrinhos
PI,Piauí,Picos,Morro Macambira
PI,Piauí,Picos,Morro Pedreira
PI,Piauí,Picos,Pantanal
PI,Piauí,Picos,Paraibinha
PI,Piauí,Picos,Paraquial
PI,Piauí,Picos,Paroquial
PI,Piauí,Picos,Parque Exposicao
PI,Piauí,Picos,Passagem Pedras
PI,Piauí,Picos,Pedrinhas
PI,Piauí,Picos,Pov Lagoa Grande
PI,Piauí,Picos,Pov Malhada Grande
PI,Piauí,Picos,Pov Marcos Sousa
PI,Piauí,Picos,Pov Riacho Vermelho
PI,Piauí,Picos,Pov Samabaia Marcos
PI,Piauí,Picos,Pvd Gaturiano
PI,Piauí,Picos,Pvd Mirolandia
PI,Piauí,Picos,Pvd Valparaiso
PI,Piauí,Picos,Redenção
PI,Piauí,Picos,Rodovia
PI,Piauí,Picos,Samambaia
PI,Piauí,Picos,Sao Jose
PI,Piauí,Picos,São Vicente
PI,Piauí,Picos,Sossego
PI,Piauí,Picos,Umari
PI,Piauí,Picos,Unha Gato
PI,Piauí,Picos,Vila Simão
PI,Piauí,Pimenteiras
PI,Piauí,Pimenteiras,Centro
PI,Piauí,Pimenteiras,Pvd Curral de Pedra
PI,Piauí,Pio IX
PI,Piauí,Pio IX,Barragem
PI,Piauí,Pio IX,Centro
PI,Piauí,Pio IX,Cruzeiro
PI,Piauí,Pio IX,Mutirão
PI,Piauí,Pio IX,Pvd Cova Donga
PI,Piauí,Piracuruca
PI,Piauí,Piracuruca,3 Lagoas
PI,Piauí,Piracuruca,Auquidabem
PI,Piauí,Piracuruca,Barrocas
PI,Piauí,Piracuruca,Centro
PI,Piauí,Piracuruca,Colibri
PI,Piauí,Piracuruca,Escalvada
PI,Piauí,Piracuruca,Esplanada
PI,Piauí,Piracuruca,Fatima
PI,Piauí,Piracuruca,Guarani
PI,Piauí,Piracuruca,Mutirao
PI,Piauí,Piracuruca,Pvd Jaboti
PI,Piauí,Piracuruca,Pvd Jacarei Baixo
PI,Piauí,Piracuruca,Rodovia
PI,Piauí,Piracuruca,Sete Cidades
PI,Piauí,Piracuruca,Sit Ouro Preto
PI,Piauí,Piripiri
PI,Piauí,Piripiri,Anajas
PI,Piauí,Piripiri,Araja
PI,Piauí,Piripiri,Barcelona
PI,Piauí,Piripiri,Caixa D'agua
PI,Piauí,Piripiri,Centro
PI,Piauí,Piripiri,Chacara Paraiso
PI,Piauí,Piripiri,Chacara Salgado
PI,Piauí,Piripiri,Crioli
PI,Piauí,Piripiri,Estacao
PI,Piauí,Piripiri,Estrada
PI,Piauí,Piripiri,Faz Pucazeiro
PI,Piauí,Piripiri,Flor Campo
PI,Piauí,Piripiri,Floresta
PI,Piauí,Piripiri,Fonte Matos
PI,Piauí,Piripiri,Germano
PI,Piauí,Piripiri,Matadouro
PI,Piauí,Piripiri,Morada dos Alpes
PI,Piauí,Piripiri,Morro Saudade
PI,Piauí,Piripiri,Paciencia
PI,Piauí,Piripiri,Petecas
PI,Piauí,Piripiri,Prado
PI,Piauí,Piripiri,Pvd Caldeirao
PI,Piauí,Piripiri,Recreio
PI,Piauí,Piripiri,Rodovia
PI,Piauí,Piripiri,Santa Maria
PI,Piauí,Piripiri,Sao Joao
PI,Piauí,Piripiri,Sit Augusto Iatenas
PI,Piauí,Piripiri,Vista Alegre
PI,Piauí,Pitombas
PI,Piauí,Pitombas,Pov Pitombas
PI,Piauí,Pitombeira
PI,Piauí,Pitombeira,Pov Lagoa Redonda
PI,Piauí,Pitombeira,Pov Pitombeira
PI,Piauí,Ponta da Serra
PI,Piauí,Portal dos Cerrados
PI,Piauí,Porto
PI,Piauí,Porto,Alto Bonito
PI,Piauí,Porto,Bela Vista
PI,Piauí,Porto,Centro
PI,Piauí,Porto Alegre do Piauí
PI,Piauí,Porto Alegre do Piauí,Centro
PI,Piauí,Praia dos Coqueiros
PI,Piauí,Praia dos Coqueiros,Barramares
PI,Piauí,Praia dos Coqueiros,Praia Barro Preto
PI,Piauí,Praia dos Coqueiros,Praia Coqueiro
PI,Piauí,Prata do Piauí
PI,Piauí,Prata do Piauí,Centro
PI,Piauí,Queimada Nova
PI,Piauí,Queimada Nova,Centro
PI,Piauí,Quilombo
PI,Piauí,Quilombo,Pov Quilombo
PI,Piauí,Recreio
PI,Piauí,Redenção do Gurguéia
PI,Piauí,Redenção do Gurguéia,Centro
PI,Piauí,Redenção do Gurguéia,Planaltina
PI,Piauí,Regeneração
PI,Piauí,Regeneração,Alto Balanco
PI,Piauí,Regeneração,Bela Vista
PI,Piauí,Regeneração,Centro
PI,Piauí,Regeneração,Faz Casa Forte
PI,Piauí,Regeneração,Faz s Joaquim
PI,Piauí,Regeneração,Jaico
PI,Piauí,Regeneração,Primavera
PI,Piauí,Regeneração,Sao Goncalinho
PI,Piauí,Regeneração,Sao Vicente
PI,Piauí,Regeneração,Zona Rural
PI,Piauí,Riachão
PI,Piauí,Riachão,Malhada
PI,Piauí,Riachão,Pvd Riachao
PI,Piauí,Riacho do Padre
PI,Piauí,Riacho do Padre,Pvd Riacho Padre
PI,Piauí,Riacho dos Negros
PI,Piauí,Riacho dos Negros,Pov Casteliano
PI,Piauí,Riacho dos Negros,Pov Riacho Negros
PI,Piauí,Riacho Frio
PI,Piauí,Riacho Frio,Centro
PI,Piauí,Riacho Frio,Vale do Brejo
PI,Piauí,Ribeira do Piauí
PI,Piauí,Ribeira do Piauí,Baixa Fluminense
PI,Piauí,Ribeira do Piauí,Centro
PI,Piauí,Ribeiro Gonçalves
PI,Piauí,Ribeiro Gonçalves,Bela Vista
PI,Piauí,Ribeiro Gonçalves,Centro
PI,Piauí,Ribeiro Gonçalves,Fazenda Santa Cruz
PI,Piauí,Ribeiro Gonçalves,Sitio Vao
PI,Piauí,Ribeiro Gonçalves,Vila Nova
PI,Piauí,Rio Grande do Piauí
PI,Piauí,Rio Grande do Piauí,Centro
PI,Piauí,Roque
PI,Piauí,Rua 10
PI,Piauí,Rua 10,Pov Rua 10
PI,Piauí,Salinas
PI,Piauí,Salinas,Pov Salinas
PI,Piauí,Santa Cruz do Piauí
PI,Piauí,Santa Cruz do Piauí,Centro
PI,Piauí,Santa Cruz dos Milagres
PI,Piauí,Santa Cruz dos Milagres,Centro
PI,Piauí,Santa Cruz dos Milagres,Pvd S Cruz Milagres
PI,Piauí,Santa Cruz dos Milagres,Sitio Beira Rio
PI,Piauí,Santa Filomena
PI,Piauí,Santa Filomena,Alto Parnaiba Ma
PI,Piauí,Santa Filomena,Bom Jesus
PI,Piauí,Santa Filomena,Centro
PI,Piauí,Santa Filomena,Faz Escuro
PI,Piauí,Santa Filomena,Primavera
PI,Piauí,Santa Filomena,Sacavem
PI,Piauí,Santa Luz
PI,Piauí,Santa Luz,Centro
PI,Piauí,Santa Rosa do Piauí
PI,Piauí,Santa Rosa do Piauí,Baixa Fria
PI,Piauí,Santa Rosa do Piauí,Centro
PI,Piauí,Santa Rosa do Piauí,Fazenda
PI,Piauí,Santa Rosa do Piauí,Pvd Belo Monte
PI,Piauí,Santa Rosa do Piauí,Santo Antonio
PI,Piauí,Santa Teresa
PI,Piauí,Santa Teresa,Pov Lagoa Dentro
PI,Piauí,Santa Teresa,Pov Loca Gia
PI,Piauí,Santa Teresa,Povoado Calangue
PI,Piauí,Santa Teresa,Pvd Santa Teresa
PI,Piauí,Santa Teresa,Pvd Sao Joao
PI,Piauí,Santana do Piauí
PI,Piauí,Santana do Piauí,Centro
PI,Piauí,Santana do Piauí,Pvd Barro
PI,Piauí,Santo Antônio - Água Branca
PI,Piauí,Santo Antônio - Água Branca,Pvd Santo Antonio
PI,Piauí,Santo Antônio - Conceição do Canindé
PI,Piauí,Santo Antônio - Conceição do Canindé,Pov Santo Antonio
PI,Piauí,Santo Antônio de Lisboa
PI,Piauí,Santo Antônio de Lisboa,Centro
PI,Piauí,Santo Antônio de Lisboa,Xique Xique
PI,Piauí,Santo Antônio do Campo Verde
PI,Piauí,Santo Antônio dos Milagres
PI,Piauí,Santo Antônio dos Milagres,Centro
PI,Piauí,Santo Inácio do Piauí
PI,Piauí,Santo Inácio do Piauí,Centro
PI,Piauí,Santo Inácio do Piauí,Chacara Limoeiro
PI,Piauí,São Bento
PI,Piauí,São Bento,Pov Sao Bento
PI,Piauí,São Braz do Piauí
PI,Piauí,São Braz do Piauí,Centro
PI,Piauí,São Dimas
PI,Piauí,São Domingos
PI,Piauí,São Domingos,Pov Sao Domingos
PI,Piauí,São Félix do Piauí
PI,Piauí,São Félix do Piauí,Centro
PI,Piauí,São Francisco de Assis do Piauí
PI,Piauí,São Francisco de Assis do Piauí,Centro
PI,Piauí,São Francisco do Piauí
PI,Piauí,São Francisco do Piauí,Centro
PI,Piauí,São Francisco do Piauí,Nova
PI,Piauí,São Francisco do Piauí,Rondon
PI,Piauí,São Gonçalo
PI,Piauí,São Gonçalo,Pvd Sao Goncalo
PI,Piauí,São Gonçalo do Gurguéia
PI,Piauí,São Gonçalo do Gurguéia,Centro
PI,Piauí,São Gonçalo do Gurguéia,São Gonçalo Gurguéia
PI,Piauí,São Gonçalo do Piauí
PI,Piauí,São Gonçalo do Piauí,Centro
PI,Piauí,São Gonçalo do Piauí,Sao Goncalo Piaui
PI,Piauí,São Gonçalo do Piauí,Sitio Gameleira
PI,Piauí,São João da Canabrava
PI,Piauí,São João da Canabrava,Aparecida
PI,Piauí,São João da Canabrava,Centro
PI,Piauí,São João da Canabrava,Pe Morro
PI,Piauí,São João da Canabrava,Pvd Conceição
PI,Piauí,São João da Canabrava,Pvd Morrinhos
PI,Piauí,São João da Fronteira
PI,Piauí,São João da Fronteira,Centro
PI,Piauí,São João da Fronteira,Posto Fiscal
PI,Piauí,São João da Fronteira,Rodovia
PI,Piauí,São João da Serra
PI,Piauí,São João da Serra,Centro
PI,Piauí,São João da Serra,Fazenda Boa Nova
PI,Piauí,São João da Serra,Itarare
PI,Piauí,São João da Serra,Picarra
PI,Piauí,São João da Serra,Santa Rita
PI,Piauí,São João da Serra,São Pedro
PI,Piauí,São João da Varjota
PI,Piauí,São João da Varjota,Centro
PI,Piauí,São João do Arraial
PI,Piauí,São João do Arraial,Centro
PI,Piauí,São João do Piauí
PI,Piauí,São João do Piauí,Alto Caixa D'agua
PI,Piauí,São João do Piauí,Alto Santa Fe
PI,Piauí,São João do Piauí,Centro
PI,Piauí,São João do Piauí,Fibrazem
PI,Piauí,São João do Piauí,Juazeirinho
PI,Piauí,São João do Piauí,Lagoa Santa Fe
PI,Piauí,São João do Piauí,Parque
PI,Piauí,São João do Piauí,Parque de Exposição
PI,Piauí,São João do Piauí,Petronio Portela
PI,Piauí,São João do Piauí,Picarra
PI,Piauí,São João do Piauí,Rodovia
PI,Piauí,São João do Piauí,Sertanejo
PI,Piauí,São João do Piauí,Vermelho
PI,Piauí,São José - São Pedro do Piauí
PI,Piauí,São José - São Pedro do Piauí,Pov Sao Jose
PI,Piauí,São José - São Pedro do Piauí,Sao Jose
PI,Piauí,São José da Tenda
PI,Piauí,São José da Tenda,Pov Sao Jose Tenda
PI,Piauí,São José do Divino
PI,Piauí,São José do Divino,Centro
PI,Piauí,São José do Peixe
PI,Piauí,São José do Peixe,Beira Rio
PI,Piauí,São José do Peixe,Caixa D'agua
PI,Piauí,São José do Peixe,Centro
PI,Piauí,São José do Piauí
PI,Piauí,São José do Piauí,Centro
PI,Piauí,São José do Piauí,Pvd Atalho
PI,Piauí,São José do Piauí,Pvd Baixio
PI,Piauí,São José do Piauí,Pvd Caldeirão Luís
PI,Piauí,São José dos Perdidos
PI,Piauí,São Julião
PI,Piauí,São Julião,Centro
PI,Piauí,São Julião,Pvd Mandacaru
PI,Piauí,São Julião,Pvd Pres Juscelino
PI,Piauí,São Julião,Sao Vicente
PI,Piauí,São Lourenço do Piauí
PI,Piauí,São Lourenço do Piauí,Centro
PI,Piauí,São Lourenço do Piauí,Três Maria
PI,Piauí,São Luís
PI,Piauí,São Luís,Pov Sao Luis
PI,Piauí,São Luís do Piauí
PI,Piauí,São Luís do Piauí,Centro
PI,Piauí,São Miguel - São João da Varjota
PI,Piauí,São Miguel - São João da Varjota,Pov Sao Miguel
PI,Piauí,São Miguel da Baixa Grande
PI,Piauí,São Miguel da Baixa Grande,Centro
PI,Piauí,São Miguel da Baixa Grande,Pov Cocalinho
PI,Piauí,São Miguel do Fidalgo
PI,Piauí,São Miguel do Fidalgo,Centro
PI,Piauí,São Miguel do Fidalgo,Faz Pequena
PI,Piauí,São Miguel do Fidalgo,Mutirao
PI,Piauí,São Miguel do Fidalgo,Sao Cristovao
PI,Piauí,São Miguel do Tapuio
PI,Piauí,São Miguel do Tapuio,Bandeirante
PI,Piauí,São Miguel do Tapuio,Centro
PI,Piauí,São Miguel do Tapuio,Fatima
PI,Piauí,São Miguel do Tapuio,Fazenda Canabrava
PI,Piauí,São Miguel do Tapuio,Matadouro
PI,Piauí,São Miguel do Tapuio,Nd Fatima
PI,Piauí,São Miguel do Tapuio,Novo Horizonte
PI,Piauí,São Miguel do Tapuio,Ns Fátima
PI,Piauí,São Miguel do Tapuio,Pedrinhas
PI,Piauí,São Miguel do Tapuio,Povoado Brejo Onça
PI,Piauí,São Pedro do Piauí
PI,Piauí,São Pedro do Piauí,Alto Cruz
PI,Piauí,São Pedro do Piauí,Centro
PI,Piauí,São Pedro do Piauí,Outro Lado
PI,Piauí,São Pedro do Piauí,Pov Lagoa Seca
PI,Piauí,São Pedro do Piauí,Pvd Pedras
PI,Piauí,São Pedro do Piauí,Pvd São José
PI,Piauí,São Pedro do Piauí,Rodovia
PI,Piauí,São Raimundo Nonato
PI,Piauí,São Raimundo Nonato,Aeroporto
PI,Piauí,São Raimundo Nonato,Aldeia
PI,Piauí,São Raimundo Nonato,Alto Cajueiro
PI,Piauí,São Raimundo Nonato,Alto Cruzeiro
PI,Piauí,São Raimundo Nonato,Alto Sao Felix
PI,Piauí,São Raimundo Nonato,Baixa Guiomar
PI,Piauí,São Raimundo Nonato,Candida Macedo
PI,Piauí,São Raimundo Nonato,Caruaru
PI,Piauí,São Raimundo Nonato,Centro
PI,Piauí,São Raimundo Nonato,Cipo
PI,Piauí,São Raimundo Nonato,Dona Umbelina
PI,Piauí,São Raimundo Nonato,Fazenda Oiteiro
PI,Piauí,São Raimundo Nonato,Galo Branco
PI,Piauí,São Raimundo Nonato,Gaviao
PI,Piauí,São Raimundo Nonato,Joao Gaviao
PI,Piauí,São Raimundo Nonato,Junco
PI,Piauí,São Raimundo Nonato,Milonga
PI,Piauí,São Raimundo Nonato,Museu
PI,Piauí,São Raimundo Nonato,Paraiso
PI,Piauí,São Raimundo Nonato,Paraiso Aves
PI,Piauí,São Raimundo Nonato,Primavera
PI,Piauí,São Raimundo Nonato,Rodovia
PI,Piauí,São Raimundo Nonato,Santa Fe
PI,Piauí,São Raimundo Nonato,Santa Luzia
PI,Piauí,São Raimundo Nonato,Santo Antonio
PI,Piauí,São Raimundo Nonato,Sao Felix
PI,Piauí,São Raimundo Nonato,São José
PI,Piauí,São Raimundo Nonato,Umbelina
PI,Piauí,São Raimundo Nonato,Umbelina II
PI,Piauí,São Raimundo Nonato,Zona Rural
PI,Piauí,São Vicente
PI,Piauí,São Victor
PI,Piauí,São Victor,Pov Sao Victor
PI,Piauí,Sebastião Barros
PI,Piauí,Sebastião Barros,Centro
PI,Piauí,Sebastião Leal
PI,Piauí,Sebastião Leal,Centro
PI,Piauí,Sebastião Leal,Faz Campo Verde
PI,Piauí,Serra da Santa Cruz
PI,Piauí,Serra do Maracujá
PI,Piauí,Serra do Maracujá,Pvd Serra Maracuja
PI,Piauí,Serra dos Matões
PI,Piauí,Serra dos Matões,Pov Serra Matoes
PI,Piauí,Serra Velha
PI,Piauí,Serra Velha,Pov Serra Velha
PI,Piauí,Serra Vermelha
PI,Piauí,Serra Vermelha,Pvd Serra Vermelha
PI,Piauí,Serrinha
PI,Piauí,Serrinha,Pov Serrinha
PI,Piauí,Sigefredo Pacheco
PI,Piauí,Sigefredo Pacheco,Centro
PI,Piauí,Simões
PI,Piauí,Simões,Centro
PI,Piauí,Simões,Rodovia
PI,Piauí,Simões,Solidade
PI,Piauí,Simplício Mendes
PI,Piauí,Simplício Mendes,Alto Matriz
PI,Piauí,Simplício Mendes,Centro
PI,Piauí,Simplício Mendes,Nova Cidade
PI,Piauí,Simplício Mendes,Sao Francisco
PI,Piauí,Sítio - Itainópolis
PI,Piauí,Sítio - Itainópolis,Pov Alto Alegre
PI,Piauí,Sítio - Itainópolis,Pov Baixas
PI,Piauí,Sítio - Itainópolis,Pov Campestre
PI,Piauí,Sítio - Itainópolis,Pov Sítio
PI,Piauí,Sítio das Onças
PI,Piauí,Sítio Santo Antônio
PI,Piauí,Sitiozinho
PI,Piauí,Sitiozinho,Pvd Sitiozinho
PI,Piauí,Socorro do Piauí
PI,Piauí,Socorro do Piauí,Barreinha
PI,Piauí,Socorro do Piauí,Centro
PI,Piauí,Socorro do Piauí,Pov São José Tendas
PI,Piauí,Sussuapara
PI,Piauí,Sussuapara,Centro
PI,Piauí,Sussuapara,Povoado Novo Paquetá
PI,Piauí,Sussuapara,Sussuapara
PI,Piauí,Sussuapara,Tamboril
PI,Piauí,Sussuapara
PI,Piauí,Tamboril - Agricolândia
PI,Piauí,Tamboril - Agricolândia,Pov Tamboril
PI,Piauí,Tamboril do Piauí
PI,Piauí,Tamboril do Piauí,Centro
PI,Piauí,Tanque do Piauí
PI,Piauí,Tanque do Piauí,Centro
PI,Piauí,Tanque Novo
PI,Piauí,Tanque Velho
PI,Piauí,Tanque Velho,Pov Tanque Velho
PI,Piauí,Tanquinho
PI,Piauí,Tanquinho,Pov Tanquinho
PI,Piauí,Tapuio
PI,Piauí,Tapuio,Pov Tapuio
PI,Piauí,Teresina
PI,Piauí,Teresina,Acarape
PI,Piauí,Teresina,Aeroporto
PI,Piauí,Teresina,Aerporto
PI,Piauí,Teresina,Água Mineral
PI,Piauí,Teresina,Alto Alegre
PI,Piauí,Teresina,Alto Ressurreição
PI,Piauí,Teresina,Alvorada
PI,Piauí,Teresina,Angeli
PI,Piauí,Teresina,Angelim
PI,Piauí,Teresina,Angelim ii
PI,Piauí,Teresina,Angelim iii
PI,Piauí,Teresina,Angelim iv
PI,Piauí,Teresina,Anil
PI,Piauí,Teresina,Areias
PI,Piauí,Teresina,Arruda
PI,Piauí,Teresina,Bairro de Fátima
PI,Piauí,Teresina,Beira Rio
PI,Piauí,Teresina,Bela Vista
PI,Piauí,Teresina,Bela Vista-Timon
PI,Piauí,Teresina,Belterra
PI,Piauí,Teresina,Boa Esperança
PI,Piauí,Teresina,Boa Vista
PI,Piauí,Teresina,Bom Jesus
PI,Piauí,Teresina,Buenos Aires
PI,Piauí,Teresina,Cabral
PI,Piauí,Teresina,Cacimba Velha
PI,Piauí,Teresina,Cajueiro
PI,Piauí,Teresina,Cajueiro-Timon
PI,Piauí,Teresina,Campestre
PI,Piauí,Teresina,Catarina
PI,Piauí,Teresina,Centro
PI,Piauí,Teresina,Centro Operário
PI,Piauí,Teresina,Centro Operario-Timo
PI,Piauí,Teresina,Centro Sul
PI,Piauí,Teresina,Centro-Timon
PI,Piauí,Teresina,Cerâmica Fortes
PI,Piauí,Teresina,Chácara Santa Teresinha
PI,Piauí,Teresina,Chapadinha
PI,Piauí,Teresina,Cidade Jardim
PI,Piauí,Teresina,Cidade Leste
PI,Piauí,Teresina,Cidade Nova
PI,Piauí,Teresina,Cidade Satélite
PI,Piauí,Teresina,Cidade Velha
PI,Piauí,Teresina,Cidade Verde
PI,Piauí,Teresina,Cinturão Verde
PI,Piauí,Teresina,Comprida
PI,Piauí,Teresina,Concordia
PI,Piauí,Teresina,Cristo Redentor
PI,Piauí,Teresina,Cristo Rei
PI,Piauí,Teresina,David Caldas
PI,Piauí,Teresina,Dirceu
PI,Piauí,Teresina,Dirceu Arco Verde
PI,Piauí,Teresina,Dirceu Arco Verde II
PI,Piauí,Teresina,Dirceu Arcoverde
PI,Piauí,Teresina,Dirceu I
PI,Piauí,Teresina,Distrito Industrial
PI,Piauí,Teresina,Esplanada
PI,Piauí,Teresina,Estrada
PI,Piauí,Teresina,Estrada Alegria
PI,Piauí,Teresina,Estrada Cacimba Velha
PI,Piauí,Teresina,Extrema
PI,Piauí,Teresina,Fátima
PI,Piauí,Teresina,Flamboyant
PI,Piauí,Teresina,Flores
PI,Piauí,Teresina,Formosa
PI,Piauí,Teresina,Formosa-Timon
PI,Piauí,Teresina,Frei Serafim
PI,Piauí,Teresina,Grande Beija Flor
PI,Piauí,Teresina,Green Village
PI,Piauí,Teresina,Gurupa Baixo
PI,Piauí,Teresina,Gurupa Cima
PI,Piauí,Teresina,Gurupi
PI,Piauí,Teresina,Horto Florestal
PI,Piauí,Teresina,Hugo Prado
PI,Piauí,Teresina,Ilhota
PI,Piauí,Teresina,Ilhotas
PI,Piauí,Teresina,Iningá
PI,Piauí,Teresina,Itaperu
PI,Piauí,Teresina,Itapoã
PI,Piauí,Teresina,Itararé
PI,Piauí,Teresina,Jataí
PI,Piauí,Teresina,Jockei Club
PI,Piauí,Teresina,Jockey
PI,Piauí,Teresina,Jockey Clube
PI,Piauí,Teresina,Jóia
PI,Piauí,Teresina,Joia-Timon
PI,Piauí,Teresina,Jóquei
PI,Piauí,Teresina,Jóquei Club
PI,Piauí,Teresina,Juruá
PI,Piauí,Teresina,Ladeira do Uruguai
PI,Piauí,Teresina,Livramento
PI,Piauí,Teresina,Lorival Parente
PI,Piauí,Teresina,Loteamento Jardim Pássaros
PI,Piauí,Teresina,Lourival Parente
PI,Piauí,Teresina,Macaúba
PI,Piauí,Teresina,Mafrense
PI,Piauí,Teresina,Mafuá
PI,Piauí,Teresina,Mangueira
PI,Piauí,Teresina,Mangueira-Timon
PI,Piauí,Teresina,Marimar
PI,Piauí,Teresina,Marquês
PI,Piauí,Teresina,Marquês de Paranaguá
PI,Piauí,Teresina,Matadouro
PI,Piauí,Teresina,Mateuzinho-Timon
PI,Piauí,Teresina,Matinha
PI,Piauí,Teresina,Memoraré
PI,Piauí,Teresina,Moçambinho
PI,Piauí,Teresina,Mocambinho I
PI,Piauí,Teresina,Mocambinho II
PI,Piauí,Teresina,Mondubim
PI,Piauí,Teresina,Monte Alegre
PI,Piauí,Teresina,Monte Castelo
PI,Piauí,Teresina,Monte Verde
PI,Piauí,Teresina,Morada do Sol
PI,Piauí,Teresina,Morada Nova
PI,Piauí,Teresina,Morada Nova I
PI,Piauí,Teresina,Morro da Esperança
PI,Piauí,Teresina,Morro Uruguai
PI,Piauí,Teresina,Morros
PI,Piauí,Teresina,Mutirão
PI,Piauí,Teresina,N S das Graças
PI,Piauí,Teresina,Noivas
PI,Piauí,Teresina,Noivos
PI,Piauí,Teresina,Norte
PI,Piauí,Teresina,Nossa Senhroa das Graças
PI,Piauí,Teresina,Nova Brasília
PI,Piauí,Teresina,Nova Descoberta
PI,Piauí,Teresina,Novo Angelim
PI,Piauí,Teresina,Novo Horizonte
PI,Piauí,Teresina,Novo Jockey
PI,Piauí,Teresina,Novo Uruguai
PI,Piauí,Teresina,Ns Graças
PI,Piauí,Teresina,Ogmar Monteiro
PI,Piauí,Teresina,Olaria
PI,Piauí,Teresina,Olarias
PI,Piauí,Teresina,Paraíso
PI,Piauí,Teresina,Parque Alvorada-Timon
PI,Piauí,Teresina,Parque Karina
PI,Piauí,Teresina,Parque Naylandia
PI,Piauí,Teresina,Parque Neylandia
PI,Piauí,Teresina,Parque Piauí II
PI,Piauí,Teresina,Parque Piaui-Timon
PI,Piauí,Teresina,Parque Poti
PI,Piauí,Teresina,Parque Poty
PI,Piauí,Teresina,Parque Santo Antônio
PI,Piauí,Teresina,Parque Tarare
PI,Piauí,Teresina,Pedra Mole
PI,Piauí,Teresina,Pedro Patrício
PI,Piauí,Teresina,Pedro Patricio-Timon
PI,Piauí,Teresina,Piçarra
PI,Piauí,Teresina,Piçarreira
PI,Piauí,Teresina,Picassa
PI,Piauí,Teresina,Pio IX
PI,Piauí,Teresina,Pio Xii
PI,Piauí,Teresina,Pio XXII
PI,Piauí,Teresina,Pirajá
PI,Piauí,Teresina,Planalto
PI,Piauí,Teresina,Planalto Bela Vista
PI,Piauí,Teresina,Planalto Boa Esperança
PI,Piauí,Teresina,Planalto Cajurama
PI,Piauí,Teresina,Planalto Formosa
PI,Piauí,Teresina,Planalto Iningá
PI,Piauí,Teresina,Planalto Santa Fé
PI,Piauí,Teresina,Planalto Santo Antônio
PI,Piauí,Teresina,Planalto Uuruguai
PI,Piauí,Teresina,Pólo Industrial
PI,Piauí,Teresina,Porenquanto
PI,Piauí,Teresina,Porto Alegre
PI,Piauí,Teresina,Porto do Centro
PI,Piauí,Teresina,Porto Seguro
PI,Piauí,Teresina,Posto Fiscal
PI,Piauí,Teresina,Poti Velho
PI,Piauí,Teresina,Pov Ave Verde
PI,Piauí,Teresina,Povoado Nazaria
PI,Piauí,Teresina,Povoado Santa Luz Baixo
PI,Piauí,Teresina,Pq Afonso Gil
PI,Piauí,Teresina,Pq Alexandria
PI,Piauí,Teresina,Pq Aliança
PI,Piauí,Teresina,Pq Alvorada
PI,Piauí,Teresina,Pq Antártica
PI,Piauí,Teresina,Pq Boa Esperança
PI,Piauí,Teresina,Pq Cidade Leste
PI,Piauí,Teresina,Pq Colorado
PI,Piauí,Teresina,Pq Dagmar Mazza
PI,Piauí,Teresina,Pq Exposição
PI,Piauí,Teresina,Pq Extrema
PI,Piauí,Teresina,Pq Ideal
PI,Piauí,Teresina,Pq Jacinta
PI,Piauí,Teresina,Pq Jurema
PI,Piauí,Teresina,Pq Mão Santa
PI,Piauí,Teresina,Pq Piauí
PI,Piauí,Teresina,Pq Pioneiro
PI,Piauí,Teresina,Pq Progresso
PI,Piauí,Teresina,Pq Rodoviária
PI,Piauí,Teresina,Pq Santa Fé
PI,Piauí,Teresina,Pq São Benedito
PI,Piauí,Teresina,Pq São Francisco
PI,Piauí,Teresina,Pq São João
PI,Piauí,Teresina,Pq Sol
PI,Piauí,Teresina,Pq Sul
PI,Piauí,Teresina,Pq União
PI,Piauí,Teresina,Pq Wall Ferraz
PI,Piauí,Teresina,Primavera
PI,Piauí,Teresina,Progresso
PI,Piauí,Teresina,Promorar
PI,Piauí,Teresina,Pv Alegria
PI,Piauí,Teresina,Pv Anajas
PI,Piauí,Teresina,Pv Ave Verde
PI,Piauí,Teresina,Pv Baixão Carlo
PI,Piauí,Teresina,Pv Bela Vista
PI,Piauí,Teresina,Pv Bom Principio
PI,Piauí,Teresina,Pv Bom Sossego
PI,Piauí,Teresina,Pv Boquinha
PI,Piauí,Teresina,Pv Cacimba Velha
PI,Piauí,Teresina,Pv Cajazeiras
PI,Piauí,Teresina,Pv Ceramica
PI,Piauí,Teresina,Pv Estaca Zero
PI,Piauí,Teresina,Pv Mundo Novo
PI,Piauí,Teresina,Pv Redonda
PI,Piauí,Teresina,Pv Santa Teresa
PI,Piauí,Teresina,Pv Sao Domingos
PI,Piauí,Teresina,Pv Soinho
PI,Piauí,Teresina,Pv Todos Os Santos
PI,Piauí,Teresina,Pv Usina Santana
PI,Piauí,Teresina,Pv Vista Alegre
PI,Piauí,Teresina,Real Copagri
PI,Piauí,Teresina,Recanto das Palmeiras
PI,Piauí,Teresina,Redenção
PI,Piauí,Teresina,Redonda
PI,Piauí,Teresina,Renascença
PI,Piauí,Teresina,Rodovia
PI,Piauí,Teresina,Rodovia-Timon
PI,Piauí,Teresina,Rodoviária
PI,Piauí,Teresina,Saci
PI,Piauí,Teresina,Samapi
PI,Piauí,Teresina,Santa Clara
PI,Piauí,Teresina,Santa Cruz
PI,Piauí,Teresina,Santa Fé
PI,Piauí,Teresina,Santa Isabel
PI,Piauí,Teresina,Santa Lia
PI,Piauí,Teresina,Santa Luzia
PI,Piauí,Teresina,Santa Maria Codipi
PI,Piauí,Teresina,Santa Rita
PI,Piauí,Teresina,Santana
PI,Piauí,Teresina,Santo Antonio
PI,Piauí,Teresina,Santo Antonio-Timon
PI,Piauí,Teresina,São Benedito
PI,Piauí,Teresina,São Cristóvão
PI,Piauí,Teresina,São Francisco
PI,Piauí,Teresina,São Francisco-Timon
PI,Piauí,Teresina,São João
PI,Piauí,Teresina,São Joaquim
PI,Piauí,Teresina,São Lourenço
PI,Piauí,Teresina,São Lourenço Velho
PI,Piauí,Teresina,São Marcos
PI,Piauí,Teresina,São Marcos-Timon
PI,Piauí,Teresina,São Pedro
PI,Piauí,Teresina,São Raimundo
PI,Piauí,Teresina,São Sebastião
PI,Piauí,Teresina,Sasy
PI,Piauí,Teresina,Satélite
PI,Piauí,Teresina,Sem Bairro
PI,Piauí,Teresina,Sete Estrelas
PI,Piauí,Teresina,Sítio Rififil
PI,Piauí,Teresina,Sítio Tanilândia
PI,Piauí,Teresina,Sítio Tinhorão
PI,Piauí,Teresina,Sítio Valparaíso
PI,Piauí,Teresina,Socopo
PI,Piauí,Teresina,Sta. Maria Codipe
PI,Piauí,Teresina,Sta. Maria Codipe
PI,Piauí,Teresina,Sucessão
PI,Piauí,Teresina,Sucessao-Timon
PI,Piauí,Teresina,Taboleta
PI,Piauí,Teresina,Tabuleta
PI,Piauí,Teresina,Tancredo Neves
PI,Piauí,Teresina,Teresina
PI,Piauí,Teresina,Terminal Petróleo
PI,Piauí,Teresina,Timon
PI,Piauí,Teresina,Tipiti São Vicente
PI,Piauí,Teresina,Todos Os Santos
PI,Piauí,Teresina,Três Andares
PI,Piauí,Teresina,Triunfo
PI,Piauí,Teresina,Tubeleta
PI,Piauí,Teresina,Tubuleta
PI,Piauí,Teresina,Uirapuru
PI,Piauí,Teresina,Uruguai
PI,Piauí,Teresina,Usina Santana
PI,Piauí,Teresina,Vale Gavião
PI,Piauí,Teresina,Vale Quem Tem
PI,Piauí,Teresina,Verde Lar
PI,Piauí,Teresina,Verdecap
PI,Piauí,Teresina,Vermelha
PI,Piauí,Teresina,Vermelha Sul
PI,Piauí,Teresina,Vermelho
PI,Piauí,Teresina,Vila Angelica-Timon
PI,Piauí,Teresina,Vila Bandeirante
PI,Piauí,Teresina,Vila Bandeirantes
PI,Piauí,Teresina,Vila Eugênia Ferraz
PI,Piauí,Teresina,Vila Pe Cícero
PI,Piauí,Teresina,Vila Uruguai
PI,Piauí,Teresina,Vl Amazonas
PI,Piauí,Teresina,Vl Angêlica
PI,Piauí,Teresina,Vl Anita Ferraz
PI,Piauí,Teresina,Vl Avião
PI,Piauí,Teresina,Vl Bagdá
PI,Piauí,Teresina,Vl Bec
PI,Piauí,Teresina,Vl Bom Jesus
PI,Piauí,Teresina,Vl Carlota Freitas
PI,Piauí,Teresina,Vl Carolina Silva
PI,Piauí,Teresina,Vl Cel Carlos Falcão
PI,Piauí,Teresina,Vl Glória
PI,Piauí,Teresina,Vl Irmã Dulce
PI,Piauí,Teresina,Vl Jerusalém
PI,Piauí,Teresina,Vl Madre Tereza
PI,Piauí,Teresina,Vl Mariana Fortes
PI,Piauí,Teresina,Vl Meio Norte
PI,Piauí,Teresina,Vl Monte Orebe
PI,Piauí,Teresina,Vl Monte Verde
PI,Piauí,Teresina,Vl Nova Socopo
PI,Piauí,Teresina,Vl Ns Fátima
PI,Piauí,Teresina,Vl Ns Guia
PI,Piauí,Teresina,Vl Operária
PI,Piauí,Teresina,Vl Osmar
PI,Piauí,Teresina,Vl Padre Cícero
PI,Piauí,Teresina,Vl Parnaíba
PI,Piauí,Teresina,Vl Paz
PI,Piauí,Teresina,Vl Pq Antártica
PI,Piauí,Teresina,Vl Risoleta Neves
PI,Piauí,Teresina,Vl Samaritana
PI,Piauí,Teresina,Vl Santa Bárbara
PI,Piauí,Teresina,Vl Santa Cruz
PI,Piauí,Teresina,Vl Santa Isabel
PI,Piauí,Teresina,Vl Santa Maria Jesus
PI,Piauí,Teresina,Vl São Francisco
PI,Piauí,Teresina,Vl São José
PI,Piauí,Teresina,Vl São Raimundo
PI,Piauí,Teresina,Vl Tiradentes
PI,Piauí,Teresina,Zona Rural
PI,Piauí,Teresina,Zoobotânico
PI,Piauí,Teteus
PI,Piauí,Todos os Santos
PI,Piauí,Todos os Santos,Pvd Todos Os Santos
PI,Piauí,Torrões
PI,Piauí,Torrões,Pvd Torroes
PI,Piauí,Tucuns
PI,Piauí,Tucuns,Pvd Tucuns
PI,Piauí,União
PI,Piauí,União,Barragem
PI,Piauí,União,Beira Rio
PI,Piauí,União,Centro
PI,Piauí,União,Cocos
PI,Piauí,União,Cohebe
PI,Piauí,União,Cruzeiro
PI,Piauí,União,Morro Pedreira
PI,Piauí,União,Ns Gracas
PI,Piauí,União,Pov Sao Felipe
PI,Piauí,União,Pvd Divinópolis
PI,Piauí,União,Pvd Novo Nilo
PI,Piauí,União,Rodovia
PI,Piauí,União,Sao Francisco
PI,Piauí,União,Sao Joao
PI,Piauí,União,Sao Judas
PI,Piauí,União,Sao Judas Tadeu
PI,Piauí,União,Sao Pedro
PI,Piauí,União,Sao Sebastiao
PI,Piauí,União,Sit Novo Rancho
PI,Piauí,Uruçuí
PI,Piauí,Uruçuí,Aeroporto
PI,Piauí,Uruçuí,Agua Branca
PI,Piauí,Uruçuí,Areia
PI,Piauí,Uruçuí,Bela Vista
PI,Piauí,Uruçuí,Benedito Leite Ma
PI,Piauí,Uruçuí,Centro
PI,Piauí,Uruçuí,Faz Itália
PI,Piauí,Uruçuí,Malvinas
PI,Piauí,Uruçuí,Pov Nova Santa Rosa
PI,Piauí,Uruçuí,Pvd Tucuns
PI,Piauí,Uruçuí,Sao Jose
PI,Piauí,Uruçuí,Urucui
PI,Piauí,Valença do Piauí
PI,Piauí,Valença do Piauí,Bela Flor
PI,Piauí,Valença do Piauí,Cacimba
PI,Piauí,Valença do Piauí,Centro
PI,Piauí,Valença do Piauí,Cohab
PI,Piauí,Valença do Piauí,Lavanderia
PI,Piauí,Valença do Piauí,Lima Verde
PI,Piauí,Valença do Piauí,Morada Nova
PI,Piauí,Valença do Piauí,Novo Horizonte
PI,Piauí,Valença do Piauí,Pista Nova
PI,Piauí,Valença do Piauí,Rodovia
PI,Piauí,Valença do Piauí,Sitio Tranqueira
PI,Piauí,Valença do Piauí,Vale Verde
PI,Piauí,Valença do Piauí,Valencinha
PI,Piauí,Valparaíso
PI,Piauí,Valparaíso,Pvd Valparaiso
PI,Piauí,Várzea Branca
PI,Piauí,Várzea Branca,Centro
PI,Piauí,Várzea Grande
PI,Piauí,Várzea Grande,Centro
PI,Piauí,Várzea Grande,Grilo
PI,Piauí,Várzea Grande,Morro Esperanca
PI,Piauí,Várzea Grande,Parque Vanessa
PI,Piauí,Várzea Queimada
PI,Piauí,Várzea Queimada,Pvd Varzea Queimada
PI,Piauí,Vera Mendes
PI,Piauí,Vera Mendes,Centro
PI,Piauí,Veredão
PI,Piauí,Veredão,Pov Veredao
PI,Piauí,Veredas
PI,Piauí,Veredas,Pov Veredas
PI,Piauí,Veredas,Vereda ii
PI,Piauí,Vila Nova do Piauí
PI,Piauí,Vila Nova do Piauí,Centro
PI,Piauí,Vila Nova do Piauí,Vila Nova Piaui
PI,Piauí,Vila São Pedro
PI,Piauí,Wall Ferraz
PI,Piauí,Wall Ferraz,Centro
