RO,Rond√¥nia
RO,Rond√¥nia,Porto Velho
RO,Rond√¥nia,Porto Velho,22 de Dezembro
RO,Rond√¥nia,Porto Velho,3 Maria
RO,Rond√¥nia,Porto Velho,A Floresta
RO,Rond√¥nia,Porto Velho,Aeroclub
RO,Rond√¥nia,Porto Velho,Aeroporto
RO,Rond√¥nia,Porto Velho,Agenor Carvalho
RO,Rond√¥nia,Porto Velho,Agenor M. Carvalho
RO,Rond√¥nia,Porto Velho,Agenor Martins de Carvalh
RO,Rond√¥nia,Porto Velho,Agenor Martins de Carvalho
RO,Rond√¥nia,Porto Velho,Alphaville
RO,Rond√¥nia,Porto Velho,Aponia
RO,Rond√¥nia,Porto Velho,Areal
RO,Rond√¥nia,Porto Velho,Areal Floresta
RO,Rond√¥nia,Porto Velho,Areia Branca
RO,Rond√¥nia,Porto Velho,Arigol‚ndia
RO,Rond√¥nia,Porto Velho,B Vista
RO,Rond√¥nia,Porto Velho,Baixa Uni„o
RO,Rond√¥nia,Porto Velho,Balsa
RO,Rond√¥nia,Porto Velho,Bela Vista
RO,Rond√¥nia,Porto Velho,Belvederes
RO,Rond√¥nia,Porto Velho,Bosque
RO,Rond√¥nia,Porto Velho,Br
RO,Rond√¥nia,Porto Velho,Br 364
RO,Rond√¥nia,Porto Velho,C Lobo
RO,Rond√¥nia,Porto Velho,C Silva
RO,Rond√¥nia,Porto Velho,Caiari
RO,Rond√¥nia,Porto Velho,Caladinho
RO,Rond√¥nia,Porto Velho,Calama
RO,Rond√¥nia,Porto Velho,Carvalho
RO,Rond√¥nia,Porto Velho,Cascalheira
RO,Rond√¥nia,Porto Velho,Castanheira
RO,Rond√¥nia,Porto Velho,Centro
RO,Rond√¥nia,Porto Velho,Cidade Jardim
RO,Rond√¥nia,Porto Velho,Cidade Lobo
RO,Rond√¥nia,Porto Velho,Cidade Nova
RO,Rond√¥nia,Porto Velho,Cj M Rondon
RO,Rond√¥nia,Porto Velho,Cj R GuaporÈ
RO,Rond√¥nia,Porto Velho,Clodoaldo Ponte Pinto
RO,Rond√¥nia,Porto Velho,Codaron
RO,Rond√¥nia,Porto Velho,Cohab
RO,Rond√¥nia,Porto Velho,Cohab Floresta
RO,Rond√¥nia,Porto Velho,Cohab-Floresanta II
RO,Rond√¥nia,Porto Velho,Cohab-Floresta II
RO,Rond√¥nia,Porto Velho,Comunidade
RO,Rond√¥nia,Porto Velho,ConceiÁ„o
RO,Rond√¥nia,Porto Velho,Conj. Mal. Rondon
RO,Rond√¥nia,Porto Velho,Conjunto 4 de Janeir
RO,Rond√¥nia,Porto Velho,Conjunto 4 de Janeiro I
RO,Rond√¥nia,Porto Velho,Conjunto Acapu
RO,Rond√¥nia,Porto Velho,Conjunto Antares
RO,Rond√¥nia,Porto Velho,Conjunto Chagas Neto
RO,Rond√¥nia,Porto Velho,Conjunto Juscelino K
RO,Rond√¥nia,Porto Velho,Conjunto Juscelino Kubitschek
RO,Rond√¥nia,Porto Velho,Conjunto Juscelino Kubstichek
RO,Rond√¥nia,Porto Velho,Conjunto Rio MamorÈ
RO,Rond√¥nia,Porto Velho,Conjunto Santo Anton
RO,Rond√¥nia,Porto Velho,Conquista
RO,Rond√¥nia,Porto Velho,Costa e Silva
RO,Rond√¥nia,Porto Velho,Cunia
RO,Rond√¥nia,Porto Velho,Distrito Industrial
RO,Rond√¥nia,Porto Velho,Eldorado
RO,Rond√¥nia,Porto Velho,Eletronorte
RO,Rond√¥nia,Porto Velho,Embrapel
RO,Rond√¥nia,Porto Velho,Embratel
RO,Rond√¥nia,Porto Velho,Escola de PolÌcia
RO,Rond√¥nia,Porto Velho,EscretÛtio de PolÌcia
RO,Rond√¥nia,Porto Velho,EsperanÁa da Comunidade
RO,Rond√¥nia,Porto Velho,Flodoaldo Pontes Pin
RO,Rond√¥nia,Porto Velho,Flodoaldo Pontes Pinto
RO,Rond√¥nia,Porto Velho,Floresta
RO,Rond√¥nia,Porto Velho,Fortaleza
RO,Rond√¥nia,Porto Velho,IcaraÌ
RO,Rond√¥nia,Porto Velho,IguarapÈ
RO,Rond√¥nia,Porto Velho,Industrial
RO,Rond√¥nia,Porto Velho,Ipanema
RO,Rond√¥nia,Porto Velho,Jamari
RO,Rond√¥nia,Porto Velho,Jardim AmÈrica
RO,Rond√¥nia,Porto Velho,Jardim Boa EsperanÁa
RO,Rond√¥nia,Porto Velho,Jardim das Mangueira
RO,Rond√¥nia,Porto Velho,Jardim das Mangueiras
RO,Rond√¥nia,Porto Velho,Jardim das Mangueiras II
RO,Rond√¥nia,Porto Velho,Jardim Eldorado
RO,Rond√¥nia,Porto Velho,Jardim Eldorado II
RO,Rond√¥nia,Porto Velho,Jardim Ipanema
RO,Rond√¥nia,Porto Velho,Jardim Miraflores
RO,Rond√¥nia,Porto Velho,Jardim Palmeiras
RO,Rond√¥nia,Porto Velho,Jardim Primavera
RO,Rond√¥nia,Porto Velho,Jardim Santana
RO,Rond√¥nia,Porto Velho,Jardim V RÈgia
RO,Rond√¥nia,Porto Velho,Jd. Acapu
RO,Rond√¥nia,Porto Velho,Jd. Bela Vista
RO,Rond√¥nia,Porto Velho,Jk
RO,Rond√¥nia,Porto Velho,JK I
RO,Rond√¥nia,Porto Velho,Jo„o Bosco
RO,Rond√¥nia,Porto Velho,Kaiary
RO,Rond√¥nia,Porto Velho,Kibtuz
RO,Rond√¥nia,Porto Velho,Km 1
RO,Rond√¥nia,Porto Velho,Km 11 Km 18
RO,Rond√¥nia,Porto Velho,KM 2
RO,Rond√¥nia,Porto Velho,Km 4 Km 109
RO,Rond√¥nia,Porto Velho,Lagoa
RO,Rond√¥nia,Porto Velho,Lagoinha
RO,Rond√¥nia,Porto Velho,Liberdade
RO,Rond√¥nia,Porto Velho,Marcos Freire
RO,Rond√¥nia,Porto Velho,Mariana
RO,Rond√¥nia,Porto Velho,Mato Grosso
RO,Rond√¥nia,Porto Velho,Militar
RO,Rond√¥nia,Porto Velho,Mocambo
RO,Rond√¥nia,Porto Velho,Morada Leste
RO,Rond√¥nia,Porto Velho,Mucambo
RO,Rond√¥nia,Porto Velho,Mucuripe
RO,Rond√¥nia,Porto Velho,N Floresta
RO,Rond√¥nia,Porto Velho,N Pto Velho
RO,Rond√¥nia,Porto Velho,N S das GraÁas
RO,Rond√¥nia,Porto Velho,N S™ das GraÁas
RO,Rond√¥nia,Porto Velho,N Sr™ das GraÁas
RO,Rond√¥nia,Porto Velho,N™ S™ GraÁas
RO,Rond√¥nia,Porto Velho,N∫ S™ das GraÁas
RO,Rond√¥nia,Porto Velho,Nacional
RO,Rond√¥nia,Porto Velho,Nossa Sra. das GraÁa
RO,Rond√¥nia,Porto Velho,Nossa Sra. das GraÁa
RO,Rond√¥nia,Porto Velho,Nossa Sra. Das GraÁas
RO,Rond√¥nia,Porto Velho,Nova Brasilia
RO,Rond√¥nia,Porto Velho,Nova Caiari
RO,Rond√¥nia,Porto Velho,Nova Caiari I
RO,Rond√¥nia,Porto Velho,Nova Caiari II
RO,Rond√¥nia,Porto Velho,Nova EsperanÁa
RO,Rond√¥nia,Porto Velho,Nova Floresta
RO,Rond√¥nia,Porto Velho,Nova Porto Velho
RO,Rond√¥nia,Porto Velho,Nova Pvh
RO,Rond√¥nia,Porto Velho,Novo Estado
RO,Rond√¥nia,Porto Velho,Novo Horizonte
RO,Rond√¥nia,Porto Velho,Novo Porto Velho
RO,Rond√¥nia,Porto Velho,Ns das GraÁas
RO,Rond√¥nia,Porto Velho,Ns GraÁa
RO,Rond√¥nia,Porto Velho,Ns GraÁas
RO,Rond√¥nia,Porto Velho,Ns™ Sr™ GraÁas
RO,Rond√¥nia,Porto Velho,NSr™ das GraÁas
RO,Rond√¥nia,Porto Velho,Olaria
RO,Rond√¥nia,Porto Velho,Panair
RO,Rond√¥nia,Porto Velho,Parque AmazÙnia
RO,Rond√¥nia,Porto Velho,Parque Ceara
RO,Rond√¥nia,Porto Velho,Pedacinho do Ch„o
RO,Rond√¥nia,Porto Velho,Pedrinhas
RO,Rond√¥nia,Porto Velho,Planato
RO,Rond√¥nia,Porto Velho,Porto Velho
RO,Rond√¥nia,Porto Velho,Porto Verde
RO,Rond√¥nia,Porto Velho,Quatro de Janeiro
RO,Rond√¥nia,Porto Velho,R Guajar·
RO,Rond√¥nia,Porto Velho,Rasgado
RO,Rond√¥nia,Porto Velho,Rio Guajara
RO,Rond√¥nia,Porto Velho,Rio GuaporÈ
RO,Rond√¥nia,Porto Velho,Rio Madeira
RO,Rond√¥nia,Porto Velho,Ronaldo Arag„o
RO,Rond√¥nia,Porto Velho,Roque
RO,Rond√¥nia,Porto Velho,S CristÛv„o
RO,Rond√¥nia,Porto Velho,S J Bosco
RO,Rond√¥nia,Porto Velho,Santa B·bara
RO,Rond√¥nia,Porto Velho,Santa Barbara
RO,Rond√¥nia,Porto Velho,Santo AntÙnio
RO,Rond√¥nia,Porto Velho,S„o Cristov„o
RO,Rond√¥nia,Porto Velho,Sao Francisto
RO,Rond√¥nia,Porto Velho,S„o Jo„o Batista
RO,Rond√¥nia,Porto Velho,S„o Jo„o Bosco
RO,Rond√¥nia,Porto Velho,S„o Jo„o Bosco / Liberdade
RO,Rond√¥nia,Porto Velho,S„o Sebasti„o
RO,Rond√¥nia,Porto Velho,S„o Sebasti„o I
RO,Rond√¥nia,Porto Velho,S„o Sebasti„o ii
RO,Rond√¥nia,Porto Velho,Sem Bairro
RO,Rond√¥nia,Porto Velho,Setor Industrial
RO,Rond√¥nia,Porto Velho,Socialista
RO,Rond√¥nia,Porto Velho,Tancredo Neves
RO,Rond√¥nia,Porto Velho,Teixeir„o
RO,Rond√¥nia,Porto Velho,Tiradentes
RO,Rond√¥nia,Porto Velho,TrÍs Marias
RO,Rond√¥nia,Porto Velho,Trevo Roque
RO,Rond√¥nia,Porto Velho,Tri‚ngulo
RO,Rond√¥nia,Porto Velho,Tucumanzal
RO,Rond√¥nia,Porto Velho,Tupy
RO,Rond√¥nia,Porto Velho,Ulisses Guimar„es
RO,Rond√¥nia,Porto Velho,Uni„o VitÛria
RO,Rond√¥nia,Porto Velho,Vila Aeron·utica
RO,Rond√¥nia,Porto Velho,Vila Eletronorte
RO,Rond√¥nia,Porto Velho,Vila Militar
RO,Rond√¥nia,Porto Velho,Vila Princesa
RO,Rond√¥nia,Porto Velho,Vila Tupi
RO,Rond√¥nia,Porto Velho,Zona Rural
RO,Rond√¥nia,Abun„
RO,Rond√¥nia,Abun„,Centro
RO,Rond√¥nia,Alta Floresta do Oeste
RO,Rond√¥nia,Alta Floresta do Oeste,Br 383
RO,Rond√¥nia,Alta Floresta do Oeste,Centro
RO,Rond√¥nia,Alta Floresta do Oeste,Cidade Alta
RO,Rond√¥nia,Alta Floresta do Oeste,Liberdade
RO,Rond√¥nia,Alta Floresta do Oeste,Princesa Isabel
RO,Rond√¥nia,Alta Floresta do Oeste,Princs Isabel
RO,Rond√¥nia,Alta Floresta do Oeste,Redondo
RO,Rond√¥nia,Alta Floresta do Oeste,Rendondo
RO,Rond√¥nia,Alta Floresta do Oeste,Santa Felicidade
RO,Rond√¥nia,Alta Floresta do Oeste,Setor Industrial
RO,Rond√¥nia,Alta Floresta do Oeste,Tucano
RO,Rond√¥nia,Alta Floresta do Oeste,Zona Rural
RO,Rond√¥nia,Alto Alegre dos Parecis
RO,Rond√¥nia,Alto Alegre dos Parecis,Centro
RO,Rond√¥nia,Alto Guarajus
RO,Rond√¥nia,Alto ParaÌso
RO,Rond√¥nia,Alto ParaÌso,Centro
RO,Rond√¥nia,Alto ParaÌso,Jardim Alvorada
RO,Rond√¥nia,Alto ParaÌso,Jardim Alvorada I
RO,Rond√¥nia,Alto ParaÌso,Perdizes
RO,Rond√¥nia,Alto ParaÌso,Sol Nascente
RO,Rond√¥nia,Alto ParaÌso,Sol Poente
RO,Rond√¥nia,Alto ParaÌso,St 2
RO,Rond√¥nia,Alto ParaÌso,St 5
RO,Rond√¥nia,Alto ParaÌso,Zona Rural
RO,Rond√¥nia,Alvorada do Oeste
RO,Rond√¥nia,Alvorada do Oeste,Alto Alegre
RO,Rond√¥nia,Alvorada do Oeste,Centro
RO,Rond√¥nia,Alvorada do Oeste,Sentido Sao Miguel
RO,Rond√¥nia,Alvorada do Oeste,Setor 1
RO,Rond√¥nia,Alvorada do Oeste,Setor 2
RO,Rond√¥nia,Alvorada do Oeste,Setor 3
RO,Rond√¥nia,Alvorada do Oeste,Setor 4
RO,Rond√¥nia,Alvorada do Oeste,Setor 6
RO,Rond√¥nia,Alvorada do Oeste,St 5
RO,Rond√¥nia,Alvorada do Oeste,Zona Rural
RO,Rond√¥nia,Araras
RO,Rond√¥nia,Ariquemes
RO,Rond√¥nia,Ariquemes,25 De Dezembro
RO,Rond√¥nia,Ariquemes,Apoio Social
RO,Rond√¥nia,Ariquemes,Ariquemes
RO,Rond√¥nia,Ariquemes,Bom Jesus
RO,Rond√¥nia,Ariquemes,Centro
RO,Rond√¥nia,Ariquemes,Colonial
RO,Rond√¥nia,Ariquemes,Coqueiral
RO,Rond√¥nia,Ariquemes,Jardim Jorge Teixeira
RO,Rond√¥nia,Ariquemes,Jardim Palmeiras
RO,Rond√¥nia,Ariquemes,Jardim Pedras
RO,Rond√¥nia,Ariquemes,Jardim Renascer
RO,Rond√¥nia,Ariquemes,Marechal Rondon
RO,Rond√¥nia,Ariquemes,Mutirao
RO,Rond√¥nia,Ariquemes,Nova Londrina
RO,Rond√¥nia,Ariquemes,Nova Uniao
RO,Rond√¥nia,Ariquemes,Parque Gemas
RO,Rond√¥nia,Ariquemes,PÛlo Moveleiro
RO,Rond√¥nia,Ariquemes,Rota Sol
RO,Rond√¥nia,Ariquemes,Sao Luiz
RO,Rond√¥nia,Ariquemes,Sentido Cuiaba
RO,Rond√¥nia,Ariquemes,Sentido Monte Negro
RO,Rond√¥nia,Ariquemes,Sentido Porto Velho
RO,Rond√¥nia,Ariquemes,Setor ¡reas Especiais i
RO,Rond√¥nia,Ariquemes,Setor ¡reas Especiais ii
RO,Rond√¥nia,Ariquemes,Setor Chacaras
RO,Rond√¥nia,Ariquemes,Setor Grandes Areas
RO,Rond√¥nia,Ariquemes,Setor i
RO,Rond√¥nia,Ariquemes,Setor ii
RO,Rond√¥nia,Ariquemes,Setor iii
RO,Rond√¥nia,Ariquemes,Setor Induatrial
RO,Rond√¥nia,Ariquemes,Setor Industrial
RO,Rond√¥nia,Ariquemes,Setor Institucional
RO,Rond√¥nia,Ariquemes,Setor iv
RO,Rond√¥nia,Ariquemes,Setor v
RO,Rond√¥nia,Ariquemes,Setor vi
RO,Rond√¥nia,Ariquemes,Setor vii
RO,Rond√¥nia,Ariquemes,Setor viii
RO,Rond√¥nia,Ariquemes,Setor x
RO,Rond√¥nia,Ariquemes,Setor Xi
RO,Rond√¥nia,Ariquemes,Setor Xii
RO,Rond√¥nia,Ariquemes,St ¡reas Especiais
RO,Rond√¥nia,Ariquemes,Vila Sossego
RO,Rond√¥nia,Ariquemes,Zona Rural
RO,Rond√¥nia,Ariquemes,Zona Rural Mach
RO,Rond√¥nia,Bandeira Branca
RO,Rond√¥nia,Boa EsperanÁa
RO,Rond√¥nia,Boa Vista do Pacarana
RO,Rond√¥nia,Boa Vista do Pacarana,Centro
RO,Rond√¥nia,Bom Jesus - Porto Velho
RO,Rond√¥nia,Buritis
RO,Rond√¥nia,Buritis,Setor 1
RO,Rond√¥nia,Buritis,Setor 2
RO,Rond√¥nia,Buritis,Setor 3
RO,Rond√¥nia,Buritis,Setor 4
RO,Rond√¥nia,Buritis,Setor 5
RO,Rond√¥nia,Buritis,Setor 6
RO,Rond√¥nia,Buritis,Setor 7
RO,Rond√¥nia,Buritis,Setor 8
RO,Rond√¥nia,Buritis,Setor 9
RO,Rond√¥nia,Buritis,Zona Rural
RO,Rond√¥nia,Cabixi
RO,Rond√¥nia,Cabixi,Centro
RO,Rond√¥nia,Cabixi,Setor Chacareiro
RO,Rond√¥nia,Cacaul‚ndia
RO,Rond√¥nia,Cacaul‚ndia,Setor 1
RO,Rond√¥nia,Cacaul‚ndia,Setor 2
RO,Rond√¥nia,Cacaul‚ndia,Setor 3
RO,Rond√¥nia,Cacaul‚ndia,Setor 4
RO,Rond√¥nia,Cacaul‚ndia,Setor 5
RO,Rond√¥nia,Cacaul‚ndia,Setor 6
RO,Rond√¥nia,Cacaul‚ndia,Zona Rural
RO,Rond√¥nia,Cacoal
RO,Rond√¥nia,Cacoal,Balneario Arco Iris
RO,Rond√¥nia,Cacoal,Br 364 Cuiaba
RO,Rond√¥nia,Cacoal,Br 364 Pvo
RO,Rond√¥nia,Cacoal,Centro
RO,Rond√¥nia,Cacoal,Cj Halley
RO,Rond√¥nia,Cacoal,Eldorado
RO,Rond√¥nia,Cacoal,Floresta
RO,Rond√¥nia,Cacoal,Habitar Brasil
RO,Rond√¥nia,Cacoal,Incra
RO,Rond√¥nia,Cacoal,Industrial
RO,Rond√¥nia,Cacoal,Jardim Bandeirantes
RO,Rond√¥nia,Cacoal,Jardim Clodoaldo
RO,Rond√¥nia,Cacoal,Jardim Saude
RO,Rond√¥nia,Cacoal,Jardim Vista Alegre
RO,Rond√¥nia,Cacoal,Josino Brito
RO,Rond√¥nia,Cacoal,Liberdade
RO,Rond√¥nia,Cacoal,Linha 5
RO,Rond√¥nia,Cacoal,Linha 6
RO,Rond√¥nia,Cacoal,Linha 7
RO,Rond√¥nia,Cacoal,Linha 8
RO,Rond√¥nia,Cacoal,Mutirao
RO,Rond√¥nia,Cacoal,Nova Esperanca
RO,Rond√¥nia,Cacoal,Novo Cacoal
RO,Rond√¥nia,Cacoal,Novo Horizonte
RO,Rond√¥nia,Cacoal,Parque Brizon
RO,Rond√¥nia,Cacoal,Parque Fortaleza
RO,Rond√¥nia,Cacoal,Princesa Isabel
RO,Rond√¥nia,Cacoal,Princs Isabel
RO,Rond√¥nia,Cacoal,Reutilizar
RO,Rond√¥nia,Cacoal,Ro 383
RO,Rond√¥nia,Cacoal,Santo AntÙnio
RO,Rond√¥nia,Cacoal,St Industrial
RO,Rond√¥nia,Cacoal,Teixeir„o
RO,Rond√¥nia,Cacoal,Village Do Sol I
RO,Rond√¥nia,Cacoal,Village Do Sol II
RO,Rond√¥nia,Cacoal,Vista Alegre
RO,Rond√¥nia,Cacoal,Zona Rural
RO,Rond√¥nia,Cacoal,Zona Rural (Cuiaba)
RO,Rond√¥nia,Cacoal,Zona Rural (Pvo)
RO,Rond√¥nia,Calama
RO,Rond√¥nia,Calama,Centro
RO,Rond√¥nia,Campo Novo de RondÙnia
RO,Rond√¥nia,Campo Novo de RondÙnia,Setor 1
RO,Rond√¥nia,Campo Novo de RondÙnia,Setor 2
RO,Rond√¥nia,Campo Novo de RondÙnia,Setor 3
RO,Rond√¥nia,Campo Novo de RondÙnia,Setor 4
RO,Rond√¥nia,Candeias do Jamari
RO,Rond√¥nia,Candeias do Jamari,Br 364 (Porto Velho)
RO,Rond√¥nia,Candeias do Jamari,Br 364 Cuiaba
RO,Rond√¥nia,Candeias do Jamari,Flores
RO,Rond√¥nia,Candeias do Jamari,Novo Horizonte
RO,Rond√¥nia,Candeias do Jamari,Palheiral
RO,Rond√¥nia,Candeias do Jamari,Santa Isabel
RO,Rond√¥nia,Candeias do Jamari,Satelite
RO,Rond√¥nia,Candeias do Jamari,Uniao
RO,Rond√¥nia,Castanheiras
RO,Rond√¥nia,Castanheiras,Centro
RO,Rond√¥nia,Cerejeiras
RO,Rond√¥nia,Cerejeiras,Centro
RO,Rond√¥nia,Cerejeiras,Setor 4
RO,Rond√¥nia,Cerejeiras,Setor Chacareiro
RO,Rond√¥nia,Cerejeiras,Setor Prainha
RO,Rond√¥nia,Chupinguaia
RO,Rond√¥nia,Chupinguaia,Centro
RO,Rond√¥nia,Colina Verde
RO,Rond√¥nia,Colina Verde,Centro
RO,Rond√¥nia,Colorado do Oeste
RO,Rond√¥nia,Colorado do Oeste,Centro
RO,Rond√¥nia,Colorado do Oeste,Setor Chacareiro
RO,Rond√¥nia,Colorado do Oeste,Zona Rural Cbxi
RO,Rond√¥nia,Colorado do Oeste,Zona Rural Vha
RO,Rond√¥nia,Corumbiara
RO,Rond√¥nia,Corumbiara,Centro
RO,Rond√¥nia,Costa Marques
RO,Rond√¥nia,Costa Marques,Setor 1
RO,Rond√¥nia,Costa Marques,Setor 2
RO,Rond√¥nia,Costa Marques,Setor 3
RO,Rond√¥nia,Costa Marques,Setor 4
RO,Rond√¥nia,Costa Marques,Setor 5
RO,Rond√¥nia,Cujubim
RO,Rond√¥nia,Cujubim,Centro
RO,Rond√¥nia,Cujubim,Setor 3
RO,Rond√¥nia,Espig„o do Oeste
RO,Rond√¥nia,Espig„o do Oeste,Caixa D'agua
RO,Rond√¥nia,Espig„o do Oeste,Centro
RO,Rond√¥nia,Espig„o do Oeste,Jorge t Oliveira
RO,Rond√¥nia,Espig„o do Oeste,Km 1
RO,Rond√¥nia,Espig„o do Oeste,Liberdade
RO,Rond√¥nia,Espig„o do Oeste,Morada Sol
RO,Rond√¥nia,Espig„o do Oeste,Sao Jose
RO,Rond√¥nia,Espig„o do Oeste,Setor Industrial
RO,Rond√¥nia,Espig„o do Oeste,Vista Alegre
RO,Rond√¥nia,Espig„o do Oeste,Zona Rural
RO,Rond√¥nia,Estrela de RondÙnia - Presidente MÈdici
RO,Rond√¥nia,Estrela de RondÙnia - Presidente MÈdici,Centro
RO,Rond√¥nia,Fortaleza do Abun„
RO,Rond√¥nia,Garimpo Bom Futuro
RO,Rond√¥nia,Governador Jorge Teixeira
RO,Rond√¥nia,Governador Jorge Teixeira,Centro
RO,Rond√¥nia,Guajar·-Mirim
RO,Rond√¥nia,Guajar·-Mirim,10 De Abril
RO,Rond√¥nia,Guajar·-Mirim,Caetano
RO,Rond√¥nia,Guajar·-Mirim,Centro
RO,Rond√¥nia,Guajar·-Mirim,Cristo Rei
RO,Rond√¥nia,Guajar·-Mirim,Industrial
RO,Rond√¥nia,Guajar·-Mirim,Jardim Esmeraldas i
RO,Rond√¥nia,Guajar·-Mirim,Jardim Esmeraldas ii
RO,Rond√¥nia,Guajar·-Mirim,Liberdade
RO,Rond√¥nia,Guajar·-Mirim,Ns Aparecida
RO,Rond√¥nia,Guajar·-Mirim,Ns F·tima
RO,Rond√¥nia,Guajar·-Mirim,Prospero
RO,Rond√¥nia,Guajar·-Mirim,Santa Luzia
RO,Rond√¥nia,Guajar·-Mirim,Santo Antonio
RO,Rond√¥nia,Guajar·-Mirim,Sao Jose
RO,Rond√¥nia,Guajar·-Mirim,Serraria
RO,Rond√¥nia,Guajar·-Mirim,St Industrial
RO,Rond√¥nia,Guajar·-Mirim,Tamandare
RO,Rond√¥nia,Guajar·-Mirim,Tri‚ngulo
RO,Rond√¥nia,GuaporÈ
RO,Rond√¥nia,Itapu„ do Oeste
RO,Rond√¥nia,Itapu„ do Oeste,Br 364
RO,Rond√¥nia,Itapu„ do Oeste,Centro
RO,Rond√¥nia,Itapu„ do Oeste,Cesbra s a
RO,Rond√¥nia,Itapu„ do Oeste,Km Meio
RO,Rond√¥nia,Itapu„ do Oeste,MunicÌpio De Itapu„
RO,Rond√¥nia,Itapu„ do Oeste,Setor 04
RO,Rond√¥nia,Itapu„ do Oeste,Setor Industrial
RO,Rond√¥nia,Itapu„ do Oeste,Zona Rural
RO,Rond√¥nia,Jaci-Paran·
RO,Rond√¥nia,Jaci-Paran·,Centro
RO,Rond√¥nia,Jaci-Paran·,Jaci Parana
RO,Rond√¥nia,Jardinopolis
RO,Rond√¥nia,Jaru
RO,Rond√¥nia,Jaru,Br 364 Cuiaba
RO,Rond√¥nia,Jaru,Br 364 Porto Velho
RO,Rond√¥nia,Jaru,Centro
RO,Rond√¥nia,Jaru,Chacara Santa Rita
RO,Rond√¥nia,Jaru,Jardim Estados
RO,Rond√¥nia,Jaru,Setor 1
RO,Rond√¥nia,Jaru,Setor 1a
RO,Rond√¥nia,Jaru,Setor 2
RO,Rond√¥nia,Jaru,Setor 3
RO,Rond√¥nia,Jaru,Setor 4
RO,Rond√¥nia,Jaru,Setor 5
RO,Rond√¥nia,Jaru,Setor 6
RO,Rond√¥nia,Jaru,Setor 7
RO,Rond√¥nia,Jaru,Setor 8
RO,Rond√¥nia,Jaru,Setor Industrial
RO,Rond√¥nia,Jaru,Zona Rural
RO,Rond√¥nia,Jaru-Uaru
RO,Rond√¥nia,Ji-Paran·
RO,Rond√¥nia,Ji-Paran·,2 Abril
RO,Rond√¥nia,Ji-Paran·,Aeroporto
RO,Rond√¥nia,Ji-Paran·,Alto Alegre
RO,Rond√¥nia,Ji-Paran·,Alvorada Oeste
RO,Rond√¥nia,Ji-Paran·,Bela Vista
RO,Rond√¥nia,Ji-Paran·,Boa Esperanca
RO,Rond√¥nia,Ji-Paran·,Br 364
RO,Rond√¥nia,Ji-Paran·,Br 364 s Porto Velho
RO,Rond√¥nia,Ji-Paran·,Br 364 Saida Cuiaba
RO,Rond√¥nia,Ji-Paran·,Brasil Novo
RO,Rond√¥nia,Ji-Paran·,Cafezinho
RO,Rond√¥nia,Ji-Paran·,Casa Preta
RO,Rond√¥nia,Ji-Paran·,Centro
RO,Rond√¥nia,Ji-Paran·,Chacara Bacuri
RO,Rond√¥nia,Ji-Paran·,Distrito Industrial
RO,Rond√¥nia,Ji-Paran·,Dom Bosco
RO,Rond√¥nia,Ji-Paran·,Dq Caxias
RO,Rond√¥nia,Ji-Paran·,Duque de Caxias
RO,Rond√¥nia,Ji-Paran·,Faz Arco Iris
RO,Rond√¥nia,Ji-Paran·,FlÛrida
RO,Rond√¥nia,Ji-Paran·,Gleba 12a
RO,Rond√¥nia,Ji-Paran·,Gleba 4
RO,Rond√¥nia,Ji-Paran·,Gleba 4b
RO,Rond√¥nia,Ji-Paran·,Gleba 8a
RO,Rond√¥nia,Ji-Paran·,Gleba 8c
RO,Rond√¥nia,Ji-Paran·,Gleba 8d
RO,Rond√¥nia,Ji-Paran·,Gleba Pirineus
RO,Rond√¥nia,Ji-Paran·,Industrial
RO,Rond√¥nia,Ji-Paran·,Jardim Aurelio Bernardi
RO,Rond√¥nia,Ji-Paran·,Jardim Florida
RO,Rond√¥nia,Ji-Paran·,Jardim Migrantes
RO,Rond√¥nia,Ji-Paran·,Jardim Presidencial
RO,Rond√¥nia,Ji-Paran·,Jardim Sao Cristovao
RO,Rond√¥nia,Ji-Paran·,Jardim Seringueiras
RO,Rond√¥nia,Ji-Paran·,Ji Parana
RO,Rond√¥nia,Ji-Paran·,Jk
RO,Rond√¥nia,Ji-Paran·,Jorge Teixeira
RO,Rond√¥nia,Ji-Paran·,Jot„o
RO,Rond√¥nia,Ji-Paran·,Km 12
RO,Rond√¥nia,Ji-Paran·,Km 4
RO,Rond√¥nia,Ji-Paran·,Linha 28
RO,Rond√¥nia,Ji-Paran·,Mario Andreazza
RO,Rond√¥nia,Ji-Paran·,N S™ de F·tima
RO,Rond√¥nia,Ji-Paran·,n S‚™ Fatima
RO,Rond√¥nia,Ji-Paran·,Nova Brasilandia
RO,Rond√¥nia,Ji-Paran·,Nova BrasÌlia
RO,Rond√¥nia,Ji-Paran·,Nova Ji Paran·
RO,Rond√¥nia,Ji-Paran·,Nova Londrina
RO,Rond√¥nia,Ji-Paran·,Nova Porto Velho
RO,Rond√¥nia,Ji-Paran·,Novo Horizonte
RO,Rond√¥nia,Ji-Paran·,Novo Ji Paran·
RO,Rond√¥nia,Ji-Paran·,Ns F·tima
RO,Rond√¥nia,Ji-Paran·,Ouro Preto
RO,Rond√¥nia,Ji-Paran·,Parque Pioneiros
RO,Rond√¥nia,Ji-Paran·,Parque Sao Pedro
RO,Rond√¥nia,Ji-Paran·,Posto Perfil s Cuiab
RO,Rond√¥nia,Ji-Paran·,Pres Medice
RO,Rond√¥nia,Ji-Paran·,Primavera
RO,Rond√¥nia,Ji-Paran·,Projeto Riachuelo
RO,Rond√¥nia,Ji-Paran·,Riachuelo
RO,Rond√¥nia,Ji-Paran·,Rondominas
RO,Rond√¥nia,Ji-Paran·,Ruralvan
RO,Rond√¥nia,Ji-Paran·,Santa Prainha
RO,Rond√¥nia,Ji-Paran·,Santa Rita
RO,Rond√¥nia,Ji-Paran·,Santiago
RO,Rond√¥nia,Ji-Paran·,Sao Bernardo
RO,Rond√¥nia,Ji-Paran·,S„o Bernardo/ 2 de Abril
RO,Rond√¥nia,Ji-Paran·,Sao Francisco
RO,Rond√¥nia,Ji-Paran·,Sao Pedro
RO,Rond√¥nia,Ji-Paran·,Setor Jaru
RO,Rond√¥nia,Ji-Paran·,Setor Rondominas
RO,Rond√¥nia,Ji-Paran·,Setor Sao Jose
RO,Rond√¥nia,Ji-Paran·,Teixeiropolis
RO,Rond√¥nia,Ji-Paran·,Uni„o 2
RO,Rond√¥nia,Ji-Paran·,Urupa
RO,Rond√¥nia,Ji-Paran·,ValparaÌso
RO,Rond√¥nia,Ji-Paran·,Vila Jatao
RO,Rond√¥nia,Ji-Paran·,Vila Jotao
RO,Rond√¥nia,Ji-Paran·,VL Capelasso
RO,Rond√¥nia,Ji-Paran·,VL Der
RO,Rond√¥nia,Ji-Paran·,VL Urup·
RO,Rond√¥nia,Ji-Paran·,Zona Rural
RO,Rond√¥nia,Machadinho do Oeste
RO,Rond√¥nia,Machadinho do Oeste,Bom Fujturo
RO,Rond√¥nia,Machadinho do Oeste,Bom Futuro
RO,Rond√¥nia,Machadinho do Oeste,Centro
RO,Rond√¥nia,Machadinho do Oeste,Setor Industrial
RO,Rond√¥nia,Machadinho do Oeste,Uniao
RO,Rond√¥nia,MigrantinÛpolis
RO,Rond√¥nia,MigrantinÛpolis,Centro
RO,Rond√¥nia,MineraÁ„o Jacund·
RO,Rond√¥nia,Ministro Andreazza
RO,Rond√¥nia,Ministro Andreazza,Centro
RO,Rond√¥nia,Ministro Andreazza,Zona Rural
RO,Rond√¥nia,Mirante da Serra
RO,Rond√¥nia,Mirante da Serra,Centro
RO,Rond√¥nia,Mirante da Serra,Zona Rural
RO,Rond√¥nia,Monte Negro
RO,Rond√¥nia,Monte Negro,Centro
RO,Rond√¥nia,Monte Negro,Morar Melhor
RO,Rond√¥nia,Monte Negro,Setor 1
RO,Rond√¥nia,Monte Negro,Setor 2
RO,Rond√¥nia,Monte Negro,Setor 3
RO,Rond√¥nia,Monte Negro,Setor 4
RO,Rond√¥nia,Monte Negro,Setor Industrial
RO,Rond√¥nia,Monte Negro,Zona Rural
RO,Rond√¥nia,Mutum Paran·
RO,Rond√¥nia,NazarÈ
RO,Rond√¥nia,Nova Brasil‚ndia do Oeste
RO,Rond√¥nia,Nova Brasil‚ndia do Oeste,Setor 1
RO,Rond√¥nia,Nova Brasil‚ndia do Oeste,Setor 14
RO,Rond√¥nia,Nova Brasil‚ndia do Oeste,Setor 2
RO,Rond√¥nia,Nova Brasil‚ndia do Oeste,Setor 3
RO,Rond√¥nia,Nova Brasil‚ndia do Oeste,Setor 4
RO,Rond√¥nia,Nova Brasil‚ndia do Oeste,Setor 5
RO,Rond√¥nia,Nova Brasil‚ndia do Oeste,Setor 6
RO,Rond√¥nia,Nova Brasil‚ndia do Oeste,Setor 7
RO,Rond√¥nia,Nova Brasil‚ndia do Oeste,Setor 8
RO,Rond√¥nia,Nova Brasil‚ndia do Oeste,Zona Rural
RO,Rond√¥nia,Nova Brasil‚ndia do Oeste,Zona Rural (Smge)
RO,Rond√¥nia,Nova Brasil‚ndia do Oeste,Zona Rural Rmm
RO,Rond√¥nia,Nova Colina
RO,Rond√¥nia,Nova Colina,Centro
RO,Rond√¥nia,Nova Colina,Zona Rural
RO,Rond√¥nia,Nova Conquista
RO,Rond√¥nia,Nova Conquista,Via R·dio
RO,Rond√¥nia,Nova Dimens„o
RO,Rond√¥nia,Nova Dimens„o,Centro
RO,Rond√¥nia,Nova Dimens„o,Cristo Redentor
RO,Rond√¥nia,Nova Dimens„o,Liberdade
RO,Rond√¥nia,Nova Dimens„o,Santa Clara
RO,Rond√¥nia,Nova EsperanÁa
RO,Rond√¥nia,Nova EsperanÁa,Centro
RO,Rond√¥nia,Nova Estrela de RondÙnia
RO,Rond√¥nia,Nova Estrela de RondÙnia,Centro
RO,Rond√¥nia,Nova Gease do Oeste
RO,Rond√¥nia,Nova Londrina
RO,Rond√¥nia,Nova Londrina,Centro
RO,Rond√¥nia,Nova MamorÈ
RO,Rond√¥nia,Nova MamorÈ,Br 425 (Pvh)
RO,Rond√¥nia,Nova MamorÈ,Br 425 Gum
RO,Rond√¥nia,Nova MamorÈ,Centro
RO,Rond√¥nia,Nova MamorÈ,Chacareiro
RO,Rond√¥nia,Nova MamorÈ,Cidade Nova
RO,Rond√¥nia,Nova MamorÈ,Joao f Climaco
RO,Rond√¥nia,Nova MamorÈ,Novo Horizonte
RO,Rond√¥nia,Nova MamorÈ,Ns Sra F·tima
RO,Rond√¥nia,Nova MamorÈ,Planalto
RO,Rond√¥nia,Nova MamorÈ,Santa Luzia
RO,Rond√¥nia,Nova MamorÈ,S„o JosÈ
RO,Rond√¥nia,Nova MamorÈ,Zona Rural
RO,Rond√¥nia,Nova Uni„o
RO,Rond√¥nia,Nova Uni„o,Centro
RO,Rond√¥nia,Nova Uni„o,Zona Rural
RO,Rond√¥nia,Novo Horizonte do Oeste
RO,Rond√¥nia,Novo Horizonte do Oeste,Centro
RO,Rond√¥nia,Novo Horizonte do Oeste,Zona Rural Nba
RO,Rond√¥nia,Novo ParaÌso - S„o Felipe do Oeste
RO,Rond√¥nia,Novo ParaÌso - S„o Felipe do Oeste,Centro
RO,Rond√¥nia,Novo Plano
RO,Rond√¥nia,Ouro Preto do Oeste
RO,Rond√¥nia,Ouro Preto do Oeste,Alvorada
RO,Rond√¥nia,Ouro Preto do Oeste,Bela Floresta
RO,Rond√¥nia,Ouro Preto do Oeste,Br 364
RO,Rond√¥nia,Ouro Preto do Oeste,Centro
RO,Rond√¥nia,Ouro Preto do Oeste,Embrapa
RO,Rond√¥nia,Ouro Preto do Oeste,Incra
RO,Rond√¥nia,Ouro Preto do Oeste,Jardim Aeroporto
RO,Rond√¥nia,Ouro Preto do Oeste,Jardim Bandeirantes
RO,Rond√¥nia,Ouro Preto do Oeste,Jardim Novo Estado
RO,Rond√¥nia,Ouro Preto do Oeste,Jardim Tropical
RO,Rond√¥nia,Ouro Preto do Oeste,Jd Novo Horizonte
RO,Rond√¥nia,Ouro Preto do Oeste,Liberdade
RO,Rond√¥nia,Ouro Preto do Oeste,Nova Ouro Preto
RO,Rond√¥nia,Ouro Preto do Oeste,Setor Industrial
RO,Rond√¥nia,Ouro Preto do Oeste,St Ch·caras
RO,Rond√¥nia,Ouro Preto do Oeste,Uniao
RO,Rond√¥nia,Ouro Preto do Oeste,Zona Rural
RO,Rond√¥nia,Palmeiras
RO,Rond√¥nia,Palmeiras,Centro
RO,Rond√¥nia,Parecis
RO,Rond√¥nia,Parecis,Centro
RO,Rond√¥nia,Pimenta Bueno
RO,Rond√¥nia,Pimenta Bueno,Aabb
RO,Rond√¥nia,Pimenta Bueno,Aeroporto
RO,Rond√¥nia,Pimenta Bueno,Alvorada
RO,Rond√¥nia,Pimenta Bueno,Apedia
RO,Rond√¥nia,Pimenta Bueno,Apidia
RO,Rond√¥nia,Pimenta Bueno,Beira Rio
RO,Rond√¥nia,Pimenta Bueno,Bela Vista
RO,Rond√¥nia,Pimenta Bueno,Bnh
RO,Rond√¥nia,Pimenta Bueno,Br 364 Pvo
RO,Rond√¥nia,Pimenta Bueno,Br 364 Vha
RO,Rond√¥nia,Pimenta Bueno,Centro
RO,Rond√¥nia,Pimenta Bueno,Ctg
RO,Rond√¥nia,Pimenta Bueno,Industrial
RO,Rond√¥nia,Pimenta Bueno,Jardim Oliveiras
RO,Rond√¥nia,Pimenta Bueno,Nova Pimenta
RO,Rond√¥nia,Pimenta Bueno,Pioneiros
RO,Rond√¥nia,Pimenta Bueno,Reutilizar
RO,Rond√¥nia,Pimenta Bueno,Ro 387 Eoe
RO,Rond√¥nia,Pimenta Bueno,Seringal
RO,Rond√¥nia,Pimenta Bueno,Setor Abaitara
RO,Rond√¥nia,Pimenta Bueno,Setor Industrial
RO,Rond√¥nia,Pimenta Bueno,Tri‚ngulo Verde
RO,Rond√¥nia,Pimenta Bueno,VL Nova
RO,Rond√¥nia,Pimenta Bueno,Zona Rural
RO,Rond√¥nia,Pimenta Bueno,Zona Rural (Eoe)
RO,Rond√¥nia,Pimenta Bueno,Zona Rural (Pvo)
RO,Rond√¥nia,Pimenta Bueno,Zona Rural (Vha)
RO,Rond√¥nia,Pimenteiras do Oeste
RO,Rond√¥nia,Pimenteiras do Oeste,Centro
RO,Rond√¥nia,Planalto S„o Luiz
RO,Rond√¥nia,Porto Murtinho
RO,Rond√¥nia,Porto Velho
RO,Rond√¥nia,Porto Velho,22 de Dezembro
RO,Rond√¥nia,Porto Velho,3 Maria
RO,Rond√¥nia,Porto Velho,A Floresta
RO,Rond√¥nia,Porto Velho,Aeroclub
RO,Rond√¥nia,Porto Velho,Aeroporto
RO,Rond√¥nia,Porto Velho,Agenor Carvalho
RO,Rond√¥nia,Porto Velho,Agenor M. Carvalho
RO,Rond√¥nia,Porto Velho,Agenor Martins de Carvalh
RO,Rond√¥nia,Porto Velho,Agenor Martins de Carvalho
RO,Rond√¥nia,Porto Velho,Alphaville
RO,Rond√¥nia,Porto Velho,Aponia
RO,Rond√¥nia,Porto Velho,Areal
RO,Rond√¥nia,Porto Velho,Areal Floresta
RO,Rond√¥nia,Porto Velho,Areia Branca
RO,Rond√¥nia,Porto Velho,Arigol‚ndia
RO,Rond√¥nia,Porto Velho,B Vista
RO,Rond√¥nia,Porto Velho,Baixa Uni„o
RO,Rond√¥nia,Porto Velho,Balsa
RO,Rond√¥nia,Porto Velho,Bela Vista
RO,Rond√¥nia,Porto Velho,Belvederes
RO,Rond√¥nia,Porto Velho,Bosque
RO,Rond√¥nia,Porto Velho,Br
RO,Rond√¥nia,Porto Velho,Br 364
RO,Rond√¥nia,Porto Velho,C Lobo
RO,Rond√¥nia,Porto Velho,C Silva
RO,Rond√¥nia,Porto Velho,Caiari
RO,Rond√¥nia,Porto Velho,Caladinho
RO,Rond√¥nia,Porto Velho,Calama
RO,Rond√¥nia,Porto Velho,Carvalho
RO,Rond√¥nia,Porto Velho,Cascalheira
RO,Rond√¥nia,Porto Velho,Castanheira
RO,Rond√¥nia,Porto Velho,Centro
RO,Rond√¥nia,Porto Velho,Cidade Jardim
RO,Rond√¥nia,Porto Velho,Cidade Lobo
RO,Rond√¥nia,Porto Velho,Cidade Nova
RO,Rond√¥nia,Porto Velho,Cj M Rondon
RO,Rond√¥nia,Porto Velho,Cj R GuaporÈ
RO,Rond√¥nia,Porto Velho,Clodoaldo Ponte Pinto
RO,Rond√¥nia,Porto Velho,Codaron
RO,Rond√¥nia,Porto Velho,Cohab
RO,Rond√¥nia,Porto Velho,Cohab Floresta
RO,Rond√¥nia,Porto Velho,Cohab-Floresanta II
RO,Rond√¥nia,Porto Velho,Cohab-Floresta II
RO,Rond√¥nia,Porto Velho,Comunidade
RO,Rond√¥nia,Porto Velho,ConceiÁ„o
RO,Rond√¥nia,Porto Velho,Conj. Mal. Rondon
RO,Rond√¥nia,Porto Velho,Conjunto 4 de Janeir
RO,Rond√¥nia,Porto Velho,Conjunto 4 de Janeiro I
RO,Rond√¥nia,Porto Velho,Conjunto Acapu
RO,Rond√¥nia,Porto Velho,Conjunto Antares
RO,Rond√¥nia,Porto Velho,Conjunto Chagas Neto
RO,Rond√¥nia,Porto Velho,Conjunto Juscelino K
RO,Rond√¥nia,Porto Velho,Conjunto Juscelino Kubitschek
RO,Rond√¥nia,Porto Velho,Conjunto Juscelino Kubstichek
RO,Rond√¥nia,Porto Velho,Conjunto Rio MamorÈ
RO,Rond√¥nia,Porto Velho,Conjunto Santo Anton
RO,Rond√¥nia,Porto Velho,Conquista
RO,Rond√¥nia,Porto Velho,Costa e Silva
RO,Rond√¥nia,Porto Velho,Cunia
RO,Rond√¥nia,Porto Velho,Distrito Industrial
RO,Rond√¥nia,Porto Velho,Eldorado
RO,Rond√¥nia,Porto Velho,Eletronorte
RO,Rond√¥nia,Porto Velho,Embrapel
RO,Rond√¥nia,Porto Velho,Embratel
RO,Rond√¥nia,Porto Velho,Escola de PolÌcia
RO,Rond√¥nia,Porto Velho,EscretÛtio de PolÌcia
RO,Rond√¥nia,Porto Velho,EsperanÁa da Comunidade
RO,Rond√¥nia,Porto Velho,Flodoaldo Pontes Pin
RO,Rond√¥nia,Porto Velho,Flodoaldo Pontes Pinto
RO,Rond√¥nia,Porto Velho,Floresta
RO,Rond√¥nia,Porto Velho,Fortaleza
RO,Rond√¥nia,Porto Velho,IcaraÌ
RO,Rond√¥nia,Porto Velho,IguarapÈ
RO,Rond√¥nia,Porto Velho,Industrial
RO,Rond√¥nia,Porto Velho,Ipanema
RO,Rond√¥nia,Porto Velho,Jamari
RO,Rond√¥nia,Porto Velho,Jardim AmÈrica
RO,Rond√¥nia,Porto Velho,Jardim Boa EsperanÁa
RO,Rond√¥nia,Porto Velho,Jardim das Mangueira
RO,Rond√¥nia,Porto Velho,Jardim das Mangueiras
RO,Rond√¥nia,Porto Velho,Jardim das Mangueiras II
RO,Rond√¥nia,Porto Velho,Jardim Eldorado
RO,Rond√¥nia,Porto Velho,Jardim Eldorado II
RO,Rond√¥nia,Porto Velho,Jardim Ipanema
RO,Rond√¥nia,Porto Velho,Jardim Miraflores
RO,Rond√¥nia,Porto Velho,Jardim Palmeiras
RO,Rond√¥nia,Porto Velho,Jardim Primavera
RO,Rond√¥nia,Porto Velho,Jardim Santana
RO,Rond√¥nia,Porto Velho,Jardim V RÈgia
RO,Rond√¥nia,Porto Velho,Jd. Acapu
RO,Rond√¥nia,Porto Velho,Jd. Bela Vista
RO,Rond√¥nia,Porto Velho,Jk
RO,Rond√¥nia,Porto Velho,JK I
RO,Rond√¥nia,Porto Velho,Jo„o Bosco
RO,Rond√¥nia,Porto Velho,Kaiary
RO,Rond√¥nia,Porto Velho,Kibtuz
RO,Rond√¥nia,Porto Velho,Km 1
RO,Rond√¥nia,Porto Velho,Km 11 Km 18
RO,Rond√¥nia,Porto Velho,KM 2
RO,Rond√¥nia,Porto Velho,Km 4 Km 109
RO,Rond√¥nia,Porto Velho,Lagoa
RO,Rond√¥nia,Porto Velho,Lagoinha
RO,Rond√¥nia,Porto Velho,Liberdade
RO,Rond√¥nia,Porto Velho,Marcos Freire
RO,Rond√¥nia,Porto Velho,Mariana
RO,Rond√¥nia,Porto Velho,Mato Grosso
RO,Rond√¥nia,Porto Velho,Militar
RO,Rond√¥nia,Porto Velho,Mocambo
RO,Rond√¥nia,Porto Velho,Morada Leste
RO,Rond√¥nia,Porto Velho,Mucambo
RO,Rond√¥nia,Porto Velho,Mucuripe
RO,Rond√¥nia,Porto Velho,N Floresta
RO,Rond√¥nia,Porto Velho,N Pto Velho
RO,Rond√¥nia,Porto Velho,N S das GraÁas
RO,Rond√¥nia,Porto Velho,N S™ das GraÁas
RO,Rond√¥nia,Porto Velho,N Sr™ das GraÁas
RO,Rond√¥nia,Porto Velho,N™ S™ GraÁas
RO,Rond√¥nia,Porto Velho,N∫ S™ das GraÁas
RO,Rond√¥nia,Porto Velho,Nacional
RO,Rond√¥nia,Porto Velho,Nossa Sra. das GraÁa
RO,Rond√¥nia,Porto Velho,Nossa Sra. das GraÁa
RO,Rond√¥nia,Porto Velho,Nossa Sra. Das GraÁas
RO,Rond√¥nia,Porto Velho,Nova Brasilia
RO,Rond√¥nia,Porto Velho,Nova Caiari
RO,Rond√¥nia,Porto Velho,Nova Caiari I
RO,Rond√¥nia,Porto Velho,Nova Caiari II
RO,Rond√¥nia,Porto Velho,Nova EsperanÁa
RO,Rond√¥nia,Porto Velho,Nova Floresta
RO,Rond√¥nia,Porto Velho,Nova Porto Velho
RO,Rond√¥nia,Porto Velho,Nova Pvh
RO,Rond√¥nia,Porto Velho,Novo Estado
RO,Rond√¥nia,Porto Velho,Novo Horizonte
RO,Rond√¥nia,Porto Velho,Novo Porto Velho
RO,Rond√¥nia,Porto Velho,Ns das GraÁas
RO,Rond√¥nia,Porto Velho,Ns GraÁa
RO,Rond√¥nia,Porto Velho,Ns GraÁas
RO,Rond√¥nia,Porto Velho,Ns™ Sr™ GraÁas
RO,Rond√¥nia,Porto Velho,NSr™ das GraÁas
RO,Rond√¥nia,Porto Velho,Olaria
RO,Rond√¥nia,Porto Velho,Panair
RO,Rond√¥nia,Porto Velho,Parque AmazÙnia
RO,Rond√¥nia,Porto Velho,Parque Ceara
RO,Rond√¥nia,Porto Velho,Pedacinho do Ch„o
RO,Rond√¥nia,Porto Velho,Pedrinhas
RO,Rond√¥nia,Porto Velho,Planato
RO,Rond√¥nia,Porto Velho,Porto Velho
RO,Rond√¥nia,Porto Velho,Porto Verde
RO,Rond√¥nia,Porto Velho,Quatro de Janeiro
RO,Rond√¥nia,Porto Velho,R Guajar·
RO,Rond√¥nia,Porto Velho,Rasgado
RO,Rond√¥nia,Porto Velho,Rio Guajara
RO,Rond√¥nia,Porto Velho,Rio GuaporÈ
RO,Rond√¥nia,Porto Velho,Rio Madeira
RO,Rond√¥nia,Porto Velho,Ronaldo Arag„o
RO,Rond√¥nia,Porto Velho,Roque
RO,Rond√¥nia,Porto Velho,S CristÛv„o
RO,Rond√¥nia,Porto Velho,S J Bosco
RO,Rond√¥nia,Porto Velho,Santa B·bara
RO,Rond√¥nia,Porto Velho,Santa Barbara
RO,Rond√¥nia,Porto Velho,Santo AntÙnio
RO,Rond√¥nia,Porto Velho,S„o Cristov„o
RO,Rond√¥nia,Porto Velho,Sao Francisto
RO,Rond√¥nia,Porto Velho,S„o Jo„o Batista
RO,Rond√¥nia,Porto Velho,S„o Jo„o Bosco
RO,Rond√¥nia,Porto Velho,S„o Jo„o Bosco / Liberdade
RO,Rond√¥nia,Porto Velho,S„o Sebasti„o
RO,Rond√¥nia,Porto Velho,S„o Sebasti„o I
RO,Rond√¥nia,Porto Velho,S„o Sebasti„o ii
RO,Rond√¥nia,Porto Velho,Sem Bairro
RO,Rond√¥nia,Porto Velho,Setor Industrial
RO,Rond√¥nia,Porto Velho,Socialista
RO,Rond√¥nia,Porto Velho,Tancredo Neves
RO,Rond√¥nia,Porto Velho,Teixeir„o
RO,Rond√¥nia,Porto Velho,Tiradentes
RO,Rond√¥nia,Porto Velho,TrÍs Marias
RO,Rond√¥nia,Porto Velho,Trevo Roque
RO,Rond√¥nia,Porto Velho,Tri‚ngulo
RO,Rond√¥nia,Porto Velho,Tucumanzal
RO,Rond√¥nia,Porto Velho,Tupy
RO,Rond√¥nia,Porto Velho,Ulisses Guimar„es
RO,Rond√¥nia,Porto Velho,Uni„o VitÛria
RO,Rond√¥nia,Porto Velho,Vila Aeron·utica
RO,Rond√¥nia,Porto Velho,Vila Eletronorte
RO,Rond√¥nia,Porto Velho,Vila Militar
RO,Rond√¥nia,Porto Velho,Vila Princesa
RO,Rond√¥nia,Porto Velho,Vila Tupi
RO,Rond√¥nia,Porto Velho,Zona Rural
RO,Rond√¥nia,Presidente MÈdici
RO,Rond√¥nia,Presidente MÈdici,Br 364 Pvo
RO,Rond√¥nia,Presidente MÈdici,Br 364 Vha
RO,Rond√¥nia,Presidente MÈdici,Centro
RO,Rond√¥nia,Presidente MÈdici,Cunha e Silva
RO,Rond√¥nia,Presidente MÈdici,Ernandes Goncalves
RO,Rond√¥nia,Presidente MÈdici,Lino Teixeira
RO,Rond√¥nia,Presidente MÈdici,Zona Rural
RO,Rond√¥nia,Presidente MÈdici,Zona Rural (Pvo)
RO,Rond√¥nia,Presidente MÈdici,Zona Rural (Vha)
RO,Rond√¥nia,Primavera de RondÙnia
RO,Rond√¥nia,Primavera de RondÙnia,Centro
RO,Rond√¥nia,Primavera de RondÙnia,Zona Rural
RO,Rond√¥nia,PrÌncipe da Beira
RO,Rond√¥nia,QuerÍncia do Norte - Primavera de RondÙnia
RO,Rond√¥nia,Quinto Bec
RO,Rond√¥nia,Quinto Bec,Centro
RO,Rond√¥nia,Quinto Bec,Zona Rural
RO,Rond√¥nia,Riachuelo
RO,Rond√¥nia,Rio Branco
RO,Rond√¥nia,Rio Crespo
RO,Rond√¥nia,Rio Crespo,Centro
RO,Rond√¥nia,Rio Crespo,Zona Rural
RO,Rond√¥nia,Riozinho
RO,Rond√¥nia,Riozinho,Br 364 (Cuiaba)
RO,Rond√¥nia,Riozinho,Br 364 (Cwl)
RO,Rond√¥nia,Riozinho,Centro
RO,Rond√¥nia,Rolim de Moura
RO,Rond√¥nia,Rolim de Moura,Beira Rio
RO,Rond√¥nia,Rolim de Moura,Boa Esperanca
RO,Rond√¥nia,Rolim de Moura,Bom Jardim
RO,Rond√¥nia,Rolim de Moura,Centenario
RO,Rond√¥nia,Rolim de Moura,Centro
RO,Rond√¥nia,Rolim de Moura,Cidade Alta
RO,Rond√¥nia,Rolim de Moura,Cidade Alta ii
RO,Rond√¥nia,Rolim de Moura,Industrial
RO,Rond√¥nia,Rolim de Moura,Jardim Eldorado
RO,Rond√¥nia,Rolim de Moura,Jardim Tropical
RO,Rond√¥nia,Rolim de Moura,Nova Morada
RO,Rond√¥nia,Rolim de Moura,Olimpico
RO,Rond√¥nia,Rolim de Moura,Planalto
RO,Rond√¥nia,Rolim de Moura,Ro 10
RO,Rond√¥nia,Rolim de Moura,S„o CristÛv„o
RO,Rond√¥nia,Rolim de Moura,Zona Rural
RO,Rond√¥nia,Rolim de Moura do GuaporÈ
RO,Rond√¥nia,Rondominas
RO,Rond√¥nia,Rondominas,Centro
RO,Rond√¥nia,Santa Luzia do Oeste
RO,Rond√¥nia,Santa Luzia do Oeste,Centro
RO,Rond√¥nia,Santa Luzia do Oeste,Zona Rural
RO,Rond√¥nia,Santa Maria
RO,Rond√¥nia,Santa Rosa
RO,Rond√¥nia,Santana do GuaporÈ
RO,Rond√¥nia,S„o Carlos
RO,Rond√¥nia,S„o Carlos,Centro
RO,Rond√¥nia,S„o Domingos
RO,Rond√¥nia,S„o Domingos,Centro
RO,Rond√¥nia,S„o Felipe do Oeste
RO,Rond√¥nia,S„o Felipe do Oeste,Centro
RO,Rond√¥nia,S„o Francisco do GuaporÈ
RO,Rond√¥nia,S„o Francisco do GuaporÈ,Bela Vista
RO,Rond√¥nia,S„o Francisco do GuaporÈ,Centro
RO,Rond√¥nia,S„o Francisco do GuaporÈ,Cetro
RO,Rond√¥nia,S„o Francisco do GuaporÈ,Cidade Alta
RO,Rond√¥nia,S„o Miguel do GuaporÈ
RO,Rond√¥nia,S„o Miguel do GuaporÈ,Centro
RO,Rond√¥nia,S„o Miguel do GuaporÈ,Setor 1
RO,Rond√¥nia,S„o Miguel do GuaporÈ,Setor 2
RO,Rond√¥nia,S„o Miguel do GuaporÈ,Setor 3
RO,Rond√¥nia,S„o Miguel do GuaporÈ,Setor 4
RO,Rond√¥nia,S„o Miguel do GuaporÈ,Zona Rural
RO,Rond√¥nia,S„o Miguel do GuaporÈ,Zona Rural Adw
RO,Rond√¥nia,S„o Miguel do GuaporÈ,Zona Rural Cmr
RO,Rond√¥nia,Seringueiras
RO,Rond√¥nia,Seringueiras,Centro
RO,Rond√¥nia,Seringueiras,Sent Costa Marques
RO,Rond√¥nia,Seringueiras,Sent Sao Miguel
RO,Rond√¥nia,Seringueiras,Zona Rural
RO,Rond√¥nia,Surpresa
RO,Rond√¥nia,Taril‚ndia
RO,Rond√¥nia,Taril‚ndia,Centro
RO,Rond√¥nia,TeixeirÛpolis
RO,Rond√¥nia,TeixeirÛpolis,Centro
RO,Rond√¥nia,Terra Boa
RO,Rond√¥nia,Theobroma
RO,Rond√¥nia,Theobroma,Centro
RO,Rond√¥nia,Triunfo
RO,Rond√¥nia,Triunfo,Centro
RO,Rond√¥nia,Triunfo,Zona Rural
RO,Rond√¥nia,Uni„o Bandeirantes
RO,Rond√¥nia,Urup·
RO,Rond√¥nia,Urup·,Alto Alegre
RO,Rond√¥nia,Urup·,Centro
RO,Rond√¥nia,Urup·,Novo Horizonte
RO,Rond√¥nia,Urup·,Samauma
RO,Rond√¥nia,Urup·,Santa Trindade
RO,Rond√¥nia,Urup·,Zona Rural
RO,Rond√¥nia,Vale do Anari
RO,Rond√¥nia,Vale do Anari,Centro
RO,Rond√¥nia,Vale do ParaÌso
RO,Rond√¥nia,Vale do ParaÌso,Setor 1
RO,Rond√¥nia,Vale do ParaÌso,Setor 2
RO,Rond√¥nia,Vale do ParaÌso,Setor 3
RO,Rond√¥nia,Vale do ParaÌso,Setor 4
RO,Rond√¥nia,Vale do ParaÌso,Vila Esperanca
RO,Rond√¥nia,Vale do ParaÌso,Zona Rural
RO,Rond√¥nia,Vila Extrema
RO,Rond√¥nia,Vila Extrema
RO,Rond√¥nia,Vila Nova CalifÛrnia
RO,Rond√¥nia,Vila Nova CalifÛrnia
RO,Rond√¥nia,Vilhena
RO,Rond√¥nia,Vilhena,5 Bec
RO,Rond√¥nia,Vilhena,Aeroporto
RO,Rond√¥nia,Vilhena,Alto Alegre
RO,Rond√¥nia,Vilhena,Area Lazer Ebt
RO,Rond√¥nia,Vilhena,Bodanese
RO,Rond√¥nia,Vilhena,Br 364 Cuiaba
RO,Rond√¥nia,Vilhena,Br 364 Pvo
RO,Rond√¥nia,Vilhena,Centro
RO,Rond√¥nia,Vilhena,Cohab
RO,Rond√¥nia,Vilhena,Cristo Rei
RO,Rond√¥nia,Vilhena,Embratel
RO,Rond√¥nia,Vilhena,Ind Tancredo Neves
RO,Rond√¥nia,Vilhena,Ind Tancredo Neves 2
RO,Rond√¥nia,Vilhena,Jardim America
RO,Rond√¥nia,Vilhena,Jardim Eldorado
RO,Rond√¥nia,Vilhena,Jardim Oliveiras
RO,Rond√¥nia,Vilhena,Jardim Primavera
RO,Rond√¥nia,Vilhena,Jardim Vilhena
RO,Rond√¥nia,Vilhena,Marcos Freire
RO,Rond√¥nia,Vilhena,Mato Grosso Cba
RO,Rond√¥nia,Vilhena,Nova Esperanca
RO,Rond√¥nia,Vilhena,Nova Vilhena
RO,Rond√¥nia,Vilhena,Parque Ind Novo Tempo
RO,Rond√¥nia,Vilhena,Parque Ind Sao Paulo
RO,Rond√¥nia,Vilhena,Santo Antonio
RO,Rond√¥nia,Vilhena,Sao Jose
RO,Rond√¥nia,Vilhena,Setor 13
RO,Rond√¥nia,Vilhena,Setor 16
RO,Rond√¥nia,Vilhena,Setor 18
RO,Rond√¥nia,Vilhena,Setor 23
RO,Rond√¥nia,Vilhena,Setor 27
RO,Rond√¥nia,Vilhena,Setor 28
RO,Rond√¥nia,Vilhena,Setor 29
RO,Rond√¥nia,Vilhena,Setor Chacara Embratel
RO,Rond√¥nia,Vilhena,Setor Chacareiro
RO,Rond√¥nia,Vilhena,Setor Chacareiro 10
RO,Rond√¥nia,Vilhena,Setor Chacareiro 52
RO,Rond√¥nia,Vilhena,Setor Chacareiro 53
RO,Rond√¥nia,Vilhena,Setor Chacareiro 55
RO,Rond√¥nia,Vilhena,Setor Chacareiro d
RO,Rond√¥nia,Vilhena,Setor Embratel
RO,Rond√¥nia,Vilhena,Setor Zico
RO,Rond√¥nia,Vilhena,St 11
RO,Rond√¥nia,Vilhena,St 22
RO,Rond√¥nia,Vilhena,Zona Rural
RO,Rond√¥nia,Vilhena,Zona Rural (Pvo)
RO,Rond√¥nia,Vista Alegre do Abun„
RO,Rond√¥nia,Vista Alegre do Abun„,Centro
RO,Rond√¥nia,VitÛria da Uni„o
RO,Rond√¥nia,VitÛria da Uni„o,Centro
