TO,Tocantins
TO,Tocantins,Palmas
TO,Tocantins,Palmas,1006 Sul
TO,Tocantins,Palmas,103 NORTE
TO,Tocantins,Palmas,104 Norte
TO,Tocantins,Palmas,104 s
TO,Tocantins,Palmas,104 SUL
TO,Tocantins,Palmas,106 NORTE
TO,Tocantins,Palmas,106 s
TO,Tocantins,Palmas,108 s
TO,Tocantins,Palmas,110 N
TO,Tocantins,Palmas,110 s
TO,Tocantins,Palmas,1206 Sul
TO,Tocantins,Palmas,204 SUL
TO,Tocantins,Palmas,305 NORTE
TO,Tocantins,Palmas,404 SUL
TO,Tocantins,Palmas,405 NORTE
TO,Tocantins,Palmas,504 NORTE
TO,Tocantins,Palmas,504 Sul
TO,Tocantins,Palmas,606 Sul
TO,Tocantins,Palmas,612  SUL
TO,Tocantins,Palmas,704 Sul
TO,Tocantins,Palmas,712 SUL
TO,Tocantins,Palmas,804 S
TO,Tocantins,Palmas,806 Sul
TO,Tocantins,Palmas,a Noroeste
TO,Tocantins,Palmas,A Norte
TO,Tocantins,Palmas,Aane
TO,Tocantins,Palmas,Aane 10
TO,Tocantins,Palmas,Aane 20
TO,Tocantins,Palmas,Aane 40
TO,Tocantins,Palmas,Aano
TO,Tocantins,Palmas,Aano 20
TO,Tocantins,Palmas,Aase 50
TO,Tocantins,Palmas,Aase 60
TO,Tocantins,Palmas,Acne 1
TO,Tocantins,Palmas,Acne i
TO,Tocantins,Palmas,Acne ii
TO,Tocantins,Palmas,ACNO 1
TO,Tocantins,Palmas,Acno i
TO,Tocantins,Palmas,Acno ii
TO,Tocantins,Palmas,ACSE 1
TO,Tocantins,Palmas,Acse 82
TO,Tocantins,Palmas,Acse i
TO,Tocantins,Palmas,Acse ii
TO,Tocantins,Palmas,ACSO 1
TO,Tocantins,Palmas,ACSO 81
TO,Tocantins,Palmas,Acso i
TO,Tocantins,Palmas,Acso ii
TO,Tocantins,Palmas,ACSO II Conj 1 Lt 33
TO,Tocantins,Palmas,ACSO SU 50
TO,Tocantins,Palmas,Acsu Ne 10
TO,Tocantins,Palmas,Acsu Ne 12
TO,Tocantins,Palmas,Acsu Ne 50
TO,Tocantins,Palmas,Acsu No 10
TO,Tocantins,Palmas,ACSU NO 40
TO,Tocantins,Palmas,Acsu No 50
TO,Tocantins,Palmas,Acsu No 60
TO,Tocantins,Palmas,Acsu Se 10
TO,Tocantins,Palmas,ACSU SE 100
TO,Tocantins,Palmas,ACSU SE 120
TO,Tocantins,Palmas,Acsu Se 13
TO,Tocantins,Palmas,Acsu Se 20
TO,Tocantins,Palmas,Acsu Se 40
TO,Tocantins,Palmas,Acsu Se 41
TO,Tocantins,Palmas,Acsu Se 60
TO,Tocantins,Palmas,Acsu Se 61
TO,Tocantins,Palmas,Acsu Se 70
TO,Tocantins,Palmas,Acsu Se 91
TO,Tocantins,Palmas,Acsu So 10
TO,Tocantins,Palmas,Acsu So 150
TO,Tocantins,Palmas,Acsu So 20
TO,Tocantins,Palmas,Acsu So 40
TO,Tocantins,Palmas,Acsu So 50
TO,Tocantins,Palmas,Acsu So 60
TO,Tocantins,Palmas,Acsu So 70
TO,Tocantins,Palmas,Acsv Ne 12
TO,Tocantins,Palmas,ACSV NE 14
TO,Tocantins,Palmas,Acsv Ne 51
TO,Tocantins,Palmas,ACSV NE 53
TO,Tocantins,Palmas,Acsv Ne 61
TO,Tocantins,Palmas,Acsv Ne 63
TO,Tocantins,Palmas,Acsv No 31
TO,Tocantins,Palmas,Acsv No 32
TO,Tocantins,Palmas,Acsv No 33
TO,Tocantins,Palmas,Acsv No 41
TO,Tocantins,Palmas,Acsv No 43
TO,Tocantins,Palmas,Acsv No 44
TO,Tocantins,Palmas,Acsv No 61
TO,Tocantins,Palmas,Acsv No 72
TO,Tocantins,Palmas,Acsv Se 102
TO,Tocantins,Palmas,Acsv Se 112
TO,Tocantins,Palmas,ACSV SE 12
TO,Tocantins,Palmas,ACSV SE 13
TO,Tocantins,Palmas,ACSV SE 23
TO,Tocantins,Palmas,ACSV SE 40
TO,Tocantins,Palmas,Acsv Se 41
TO,Tocantins,Palmas,Acsv Se 51
TO,Tocantins,Palmas,Acsv Se 71
TO,Tocantins,Palmas,ACSV SE 72
TO,Tocantins,Palmas,Acsv Se 81
TO,Tocantins,Palmas,Acsv Se 92
TO,Tocantins,Palmas,ACSV SO 20
TO,Tocantins,Palmas,Acsv So 32
TO,Tocantins,Palmas,Ae Se 31
TO,Tocantins,Palmas,Aene 23
TO,Tocantins,Palmas,Aese 31
TO,Tocantins,Palmas,Aese 34
TO,Tocantins,Palmas,Aeso 31
TO,Tocantins,Palmas,ÁGUA VERDE
TO,Tocantins,Palmas,Alc 1508 Sul
TO,Tocantins,Palmas,Alc No 14
TO,Tocantins,Palmas,Alc So 34
TO,Tocantins,Palmas,Alc So 86
TO,Tocantins,Palmas,Araguatins
TO,Tocantins,Palmas,Area Sul
TO,Tocantins,Palmas,Areias
TO,Tocantins,Palmas,Arne 12
TO,Tocantins,Palmas,Arne 13
TO,Tocantins,Palmas,Arne 14
TO,Tocantins,Palmas,Arne 24
TO,Tocantins,Palmas,ARNE 25
TO,Tocantins,Palmas,ARNE 33
TO,Tocantins,Palmas,Arne 51
TO,Tocantins,Palmas,Arne 54
TO,Tocantins,Palmas,Arne 61
TO,Tocantins,Palmas,Arne 63
TO,Tocantins,Palmas,Arne 64
TO,Tocantins,Palmas,Arno 12
TO,Tocantins,Palmas,Arno 2
TO,Tocantins,Palmas,Arno 21
TO,Tocantins,Palmas,Arno 31
TO,Tocantins,Palmas,Arno 32
TO,Tocantins,Palmas,Arno 33
TO,Tocantins,Palmas,Arno 41
TO,Tocantins,Palmas,Arno 43
TO,Tocantins,Palmas,Arno 44
TO,Tocantins,Palmas,Arno 61
TO,Tocantins,Palmas,Arno 72
TO,Tocantins,Palmas,Arno 73
TO,Tocantins,Palmas,ARS SE 75
TO,Tocantins,Palmas,Arse 101
TO,Tocantins,Palmas,Arse 102
TO,Tocantins,Palmas,Arse 111
TO,Tocantins,Palmas,Arse 112
TO,Tocantins,Palmas,Arse 12
TO,Tocantins,Palmas,Arse 121
TO,Tocantins,Palmas,Arse 122
TO,Tocantins,Palmas,Arse 125
TO,Tocantins,Palmas,Arse 13
TO,Tocantins,Palmas,Arse 14
TO,Tocantins,Palmas,Arse 21
TO,Tocantins,Palmas,Arse 22
TO,Tocantins,Palmas,Arse 23
TO,Tocantins,Palmas,Arse 24
TO,Tocantins,Palmas,Arse 31
TO,Tocantins,Palmas,Arse 32
TO,Tocantins,Palmas,Arse 33
TO,Tocantins,Palmas,Arse 41
TO,Tocantins,Palmas,Arse 51
TO,Tocantins,Palmas,Arse 52
TO,Tocantins,Palmas,Arse 61
TO,Tocantins,Palmas,Arse 62
TO,Tocantins,Palmas,ARSE 65
TO,Tocantins,Palmas,Arse 71
TO,Tocantins,Palmas,Arse 72
TO,Tocantins,Palmas,Arse 75
TO,Tocantins,Palmas,Arse 81
TO,Tocantins,Palmas,Arse 82
TO,Tocantins,Palmas,ARSE 91
TO,Tocantins,Palmas,Arse 92
TO,Tocantins,Palmas,Arso 101
TO,Tocantins,Palmas,Arso 102
TO,Tocantins,Palmas,Arso 103
TO,Tocantins,Palmas,Arso 111
TO,Tocantins,Palmas,Arso 112
TO,Tocantins,Palmas,Arso 121
TO,Tocantins,Palmas,Arso 13
TO,Tocantins,Palmas,Arso 14
TO,Tocantins,Palmas,Arso 21
TO,Tocantins,Palmas,Arso 22
TO,Tocantins,Palmas,Arso 23
TO,Tocantins,Palmas,Arso 31
TO,Tocantins,Palmas,Arso 32
TO,Tocantins,Palmas,Arso 33
TO,Tocantins,Palmas,Arso 34
TO,Tocantins,Palmas,Arso 41
TO,Tocantins,Palmas,Arso 42
TO,Tocantins,Palmas,Arso 43
TO,Tocantins,Palmas,Arso 44
TO,Tocantins,Palmas,Arso 45
TO,Tocantins,Palmas,Arso 53
TO,Tocantins,Palmas,ARSO 63
TO,Tocantins,Palmas,Arso 74
TO,Tocantins,Palmas,Arso 75
TO,Tocantins,Palmas,Asr Ne 15
TO,Tocantins,Palmas,Asr Se 115
TO,Tocantins,Palmas,Asr Se 125
TO,Tocantins,Palmas,Asr Se 15
TO,Tocantins,Palmas,Asr Se 35
TO,Tocantins,Palmas,Asr Se 65
TO,Tocantins,Palmas,Asr Se 75
TO,Tocantins,Palmas,Asr Se 95
TO,Tocantins,Palmas,AURENY II
TO,Tocantins,Palmas,Av 1212 Sul
TO,Tocantins,Palmas,Avne 23
TO,Tocantins,Palmas,AVNO 20
TO,Tocantins,Palmas,Avse 125
TO,Tocantins,Palmas,AVSE 20
TO,Tocantins,Palmas,AVSE 33
TO,Tocantins,Palmas,Avse 40
TO,Tocantins,Palmas,AVSE 41
TO,Tocantins,Palmas,Avse 52
TO,Tocantins,Palmas,Avso 22
TO,Tocantins,Palmas,AVSO 40
TO,Tocantins,Palmas,Avso 71
TO,Tocantins,Palmas,B AURENY I
TO,Tocantins,Palmas,Boa Sorte
TO,Tocantins,Palmas,CENTO
TO,Tocantins,Palmas,Centro
TO,Tocantins,Palmas,Centro (Pl Dir Norte
TO,Tocantins,Palmas,Centro (Taquaralto)
TO,Tocantins,Palmas,Centro (Taquaralto)
TO,Tocantins,Palmas,CJ 1
TO,Tocantins,Palmas,CJ HAB MAR CAMARGO
TO,Tocantins,Palmas,Dist Ind Taquaralto
TO,Tocantins,Palmas,DIST. ECO INDUSTRIAL
TO,Tocantins,Palmas,DISTR ECO INDUSTRIAL
TO,Tocantins,Palmas,Distrito Eco Industrial
TO,Tocantins,Palmas,Distrito Industrial
TO,Tocantins,Palmas,DISTRITO TAQUARALTO
TO,Tocantins,Palmas,Dom Orione
TO,Tocantins,Palmas,Eco Industrial
TO,Tocantins,Palmas,Entroncamento
TO,Tocantins,Palmas,Esplanada do Lago
TO,Tocantins,Palmas,Gurupi
TO,Tocantins,Palmas,Iob
TO,Tocantins,Palmas,Jardim Aureni II (Taquara
TO,Tocantins,Palmas,Jardim Aureni II (Taquaralto)
TO,Tocantins,Palmas,Jardim Aureni II (Taquaralto)
TO,Tocantins,Palmas,Jardim Aureni III (Taquar
TO,Tocantins,Palmas,Jardim Aureni III (Taquaralto)
TO,Tocantins,Palmas,Jardim Aureni IV (Taquaralto)
TO,Tocantins,Palmas,Jardim Aureny
TO,Tocantins,Palmas,Jardim Aureny III
TO,Tocantins,Palmas,JD AURENY I
TO,Tocantins,Palmas,Jd Aureny II
TO,Tocantins,Palmas,JD AURENY IV
TO,Tocantins,Palmas,LOT SANTA CLARA
TO,Tocantins,Palmas,NORTE
TO,Tocantins,Palmas,P. Diretor Sul
TO,Tocantins,Palmas,Palmas
TO,Tocantins,Palmas,PALNO DIRETOR SUL
TO,Tocantins,Palmas,Plamo Diretor Norte
TO,Tocantins,Palmas,Plana Diretor Norte
TO,Tocantins,Palmas,Planalto Diretor Norte
TO,Tocantins,Palmas,Plano D. Sul
TO,Tocantins,Palmas,Plano Dir. Sul
TO,Tocantins,Palmas,Plano Diretior Norte
TO,Tocantins,Palmas,Plano Diretor 
TO,Tocantins,Palmas,Plano Diretor Ncorte
TO,Tocantins,Palmas,Plano Diretor Norte
TO,Tocantins,Palmas,Plano Diretor Sul
TO,Tocantins,Palmas,Plano Diretos Sul
TO,Tocantins,Palmas,PLANODIRETOR SUL
TO,Tocantins,Palmas,PÓLO ELO INDUSTRIAL
TO,Tocantins,Palmas,RES MARIA ROSA
TO,Tocantins,Palmas,S BELA VISTA
TO,Tocantins,Palmas,S CENTRAL
TO,Tocantins,Palmas,S CENTRAL TQRT
TO,Tocantins,Palmas,S ECO INDUSTRIAL
TO,Tocantins,Palmas,S INDUSTRIAL
TO,Tocantins,Palmas,S MORADA DO SOL
TO,Tocantins,Palmas,S SANTA BÁRBARA
TO,Tocantins,Palmas,S Sol Nascente
TO,Tocantins,Palmas,S SUL
TO,Tocantins,Palmas,Santa Bárbara
TO,Tocantins,Palmas,Santa de II
TO,Tocantins,Palmas,Santa Fé
TO,Tocantins,Palmas,São José
TO,Tocantins,Palmas,Sem Bairro
TO,Tocantins,Palmas,SETOR 504 SUL
TO,Tocantins,Palmas,Setor Industrial
TO,Tocantins,Palmas,Setor Morada do Sol
TO,Tocantins,Palmas,Setor Santa Fé (taquaralto)
TO,Tocantins,Palmas,Setor Sul
TO,Tocantins,Palmas,SETOR SUL (TAQUARALTO)
TO,Tocantins,Palmas,St Distrito Industrial
TO,Tocantins,Palmas,St Eco Industrial
TO,Tocantins,Palmas,TAGUARALTO
TO,Tocantins,Palmas,Taquaralto
TO,Tocantins,Palmas,VAGO
TO,Tocantins,Palmas,VALE DO SOL
TO,Tocantins,Palmas,VILA UNIAO
TO,Tocantins,Palmas,ZONA RURAL
TO,Tocantins,Abreulândia
TO,Tocantins,Abreulândia,s Central
TO,Tocantins,Aguiarnópolis
TO,Tocantins,Aguiarnópolis,Lot Hidroferroviario
TO,Tocantins,Aguiarnópolis,s Beira Rio
TO,Tocantins,Aguiarnópolis,s Central
TO,Tocantins,Aguiarnópolis,Zona Rural
TO,Tocantins,Aldeia Mariazinha
TO,Tocantins,Aliança do Tocantins
TO,Tocantins,Aliança do Tocantins,Jardim Aliança
TO,Tocantins,Aliança do Tocantins,Parque União
TO,Tocantins,Aliança do Tocantins,s Buritis
TO,Tocantins,Aliança do Tocantins,s Central
TO,Tocantins,Aliança do Tocantins,s Oeste
TO,Tocantins,Aliança do Tocantins,Sol Nascente
TO,Tocantins,Aliança do Tocantins,Vila Nova
TO,Tocantins,Aliança do Tocantins,Zona Rural
TO,Tocantins,Almas
TO,Tocantins,Almas,Setor Aeroporto
TO,Tocantins,Almas,Setor Central
TO,Tocantins,Almas,Setor Leste
TO,Tocantins,Almas,Setor Monjolo
TO,Tocantins,Almas,Setor Norte
TO,Tocantins,Almas,Setor Oeste
TO,Tocantins,Almas,Zona Rural
TO,Tocantins,Altamira
TO,Tocantins,Alto Lindo
TO,Tocantins,Alto Lindo,S Central
TO,Tocantins,Alvorada
TO,Tocantins,Alvorada,Alvorada
TO,Tocantins,Alvorada,Bosque
TO,Tocantins,Alvorada,Cj Hab Dom Álamo
TO,Tocantins,Alvorada,Jardim Esperança
TO,Tocantins,Alvorada,s Alvoradinha
TO,Tocantins,Alvorada,s Central
TO,Tocantins,Alvorada,s Jorge Figueira
TO,Tocantins,Alvorada,s Lagoa Azul
TO,Tocantins,Alvorada,s Oeste
TO,Tocantins,Alvorada,s Santa Angela
TO,Tocantins,Alvorada,São Domingos
TO,Tocantins,Alvorada,Vila Mutirão
TO,Tocantins,Alvorada,Zona Rural
TO,Tocantins,Ananás
TO,Tocantins,Ananás,Chapadinha i
TO,Tocantins,Ananás,Chapadinha ii
TO,Tocantins,Ananás,s Central
TO,Tocantins,Ananás,S Mangueiras
TO,Tocantins,Ananás,Setor Sao Jose
TO,Tocantins,Angico
TO,Tocantins,Angico,s Central
TO,Tocantins,Angico,Zona Rural
TO,Tocantins,Aparecida do Rio Negro
TO,Tocantins,Aparecida do Rio Negro,s Aeroporto
TO,Tocantins,Aparecida do Rio Negro,s Central
TO,Tocantins,Aparecida do Rio Negro,s Sao Domingos
TO,Tocantins,Aparecida do Rio Negro,Zona Rural
TO,Tocantins,Araculândia
TO,Tocantins,Araculândia,S Central
TO,Tocantins,Aragominas
TO,Tocantins,Aragominas,s Bela Vista
TO,Tocantins,Aragominas,s Central
TO,Tocantins,Aragominas,s Sao Sebastiao
TO,Tocantins,Aragominas,Zona Rural
TO,Tocantins,Araguacema
TO,Tocantins,Araguacema,Jardim Planalto
TO,Tocantins,Araguacema,s Central
TO,Tocantins,Araguacema,Zona Rural
TO,Tocantins,Araguaçu
TO,Tocantins,Araguaçu,Dona Germana
TO,Tocantins,Araguaçu,s Aeroporto
TO,Tocantins,Araguaçu,s Canaa
TO,Tocantins,Araguaçu,s Central
TO,Tocantins,Araguaçu,s Coronel Fausto Lustosa
TO,Tocantins,Araguaçu,s Felao
TO,Tocantins,Araguaçu,s Girassois
TO,Tocantins,Araguaçu,s Jerusalem
TO,Tocantins,Araguaçu,S Maria Torres
TO,Tocantins,Araguaçu,s Vale Araguaia
TO,Tocantins,Araguaçu,Zona Rural
TO,Tocantins,Araguaína
TO,Tocantins,Araguaína,Aeroporto
TO,Tocantins,Araguaína,Anhangüera
TO,Tocantins,Araguaína,Araguaina Sul
TO,Tocantins,Araguaína,Barros
TO,Tocantins,Araguaína,Castelo Branco
TO,Tocantins,Araguaína,Centro
TO,Tocantins,Araguaína,Ceu Azul
TO,Tocantins,Araguaína,Cimba
TO,Tocantins,Araguaína,Cruzeiro
TO,Tocantins,Araguaína,Daiara
TO,Tocantins,Araguaína,Dom Orione
TO,Tocantins,Araguaína,Dona Nelcia
TO,Tocantins,Araguaína,Eldorado
TO,Tocantins,Araguaína,Entrocamento
TO,Tocantins,Araguaína,Entroncamento
TO,Tocantins,Araguaína,Fatima
TO,Tocantins,Araguaína,Guaruja
TO,Tocantins,Araguaína,Imaculada Conceicao
TO,Tocantins,Araguaína,Itaipu
TO,Tocantins,Araguaína,Jardim Esplanada
TO,Tocantins,Araguaína,Jardim Filadelfia
TO,Tocantins,Araguaína,Jardim Filadélfia II
TO,Tocantins,Araguaína,Jardim Filadélfia III
TO,Tocantins,Araguaína,Jardim Garavelo Sul
TO,Tocantins,Araguaína,Jardim Goias
TO,Tocantins,Araguaína,Jardim Itatiaia
TO,Tocantins,Araguaína,Jardim Palmeiras
TO,Tocantins,Araguaína,Jardim Paulista
TO,Tocantins,Araguaína,Jardim Pedra Alta
TO,Tocantins,Araguaína,JD SANTA HELENA
TO,Tocantins,Araguaína,Jk
TO,Tocantins,Araguaína,Jose Ferreira
TO,Tocantins,Araguaína,Lot Pampulha
TO,Tocantins,Araguaína,Lot São Luiz
TO,Tocantins,Araguaína,Loteamento Maracanã
TO,Tocantins,Araguaína,Martins Jorge
TO,Tocantins,Araguaína,Morada Sol
TO,Tocantins,Araguaína,Neblina
TO,Tocantins,Araguaína,Nova Araguaina
TO,Tocantins,Araguaína,Parque Sonho Dourado
TO,Tocantins,Araguaína,Patrocinio
TO,Tocantins,Araguaína,Pov Novo Horizonte
TO,Tocantins,Araguaína,Prq Araguaia
TO,Tocantins,Araguaína,Prq Bom Viver
TO,Tocantins,Araguaína,Raizal
TO,Tocantins,Araguaína,s Aeroporto
TO,Tocantins,Araguaína,s Aeroviario
TO,Tocantins,Araguaína,s Alaska
TO,Tocantins,Araguaína,s Anhanguera
TO,Tocantins,Araguaína,s Araguaina Sul
TO,Tocantins,Araguaína,s Beira Lago
TO,Tocantins,Araguaína,s Bela Vista
TO,Tocantins,Araguaína,s Bela Vista ii
TO,Tocantins,Araguaína,S BELO HORIZONTE
TO,Tocantins,Araguaína,s Brasil
TO,Tocantins,Araguaína,S Brejão
TO,Tocantins,Araguaína,s Caraja
TO,Tocantins,Araguaína,S Carajás
TO,Tocantins,Araguaína,s Central
TO,Tocantins,Araguaína,s Centro
TO,Tocantins,Araguaína,s Coimbra
TO,Tocantins,Araguaína,s Comercial
TO,Tocantins,Araguaína,s Couto Magalhaes
TO,Tocantins,Araguaína,s Dom Orione
TO,Tocantins,Araguaína,s Dom Orione iii
TO,Tocantins,Araguaína,s Feirinha
TO,Tocantins,Araguaína,s General Carneiro
TO,Tocantins,Araguaína,s George Yunes
TO,Tocantins,Araguaína,s Itapua
TO,Tocantins,Araguaína,s Itatiaia
TO,Tocantins,Araguaína,s Lago Azul
TO,Tocantins,Araguaína,s Liberdade
TO,Tocantins,Araguaína,s Manoel Cardoso
TO,Tocantins,Araguaína,S Manoel G Cunha
TO,Tocantins,Araguaína,s Martins Jorge
TO,Tocantins,Araguaína,s Nordeste
TO,Tocantins,Araguaína,s Noroeste
TO,Tocantins,Araguaína,s Nova Araguaina
TO,Tocantins,Araguaína,s Oeste
TO,Tocantins,Araguaína,s Palmas
TO,Tocantins,Araguaína,s Planalto
TO,Tocantins,Araguaína,s Raizal
TO,Tocantins,Araguaína,s Recreativo
TO,Tocantins,Araguaína,s Rodoviario
TO,Tocantins,Araguaína,S São Francisco
TO,Tocantins,Araguaína,S São Miguel
TO,Tocantins,Araguaína,s Sao Pedro
TO,Tocantins,Araguaína,S SENADOR
TO,Tocantins,Araguaína,s Sul
TO,Tocantins,Araguaína,s Tecnorte
TO,Tocantins,Araguaína,S Telecomunicações
TO,Tocantins,Araguaína,s Tereza h Ribeiro
TO,Tocantins,Araguaína,s Tiuba
TO,Tocantins,Araguaína,s Tocantins
TO,Tocantins,Araguaína,s Universitario
TO,Tocantins,Araguaína,s Urbanistico
TO,Tocantins,Araguaína,s Urbano
TO,Tocantins,Araguaína,Santa Cruz
TO,Tocantins,Araguaína,Santa Luzia
TO,Tocantins,Araguaína,Santa Monica
TO,Tocantins,Araguaína,Santa Terezinha
TO,Tocantins,Araguaína,Sao Francisco
TO,Tocantins,Araguaína,Sao Joao
TO,Tocantins,Araguaína,Sao Miguel
TO,Tocantins,Araguaína,Senador
TO,Tocantins,Araguaína,Setor Barros
TO,Tocantins,Araguaína,Setor Brasil
TO,Tocantins,Araguaína,Setor Central
TO,Tocantins,Araguaína,St. Liberdade
TO,Tocantins,Araguaína,St. Liberdade
TO,Tocantins,Araguaína,Urbanistico
TO,Tocantins,Araguaína,Vila Alianca
TO,Tocantins,Araguaína,Vila Azul
TO,Tocantins,Araguaína,Vila Betel
TO,Tocantins,Araguaína,Vila Bragantino
TO,Tocantins,Araguaína,Vila Cardoso
TO,Tocantins,Araguaína,Vila Cearense
TO,Tocantins,Araguaína,Vila Couto Magalhaes
TO,Tocantins,Araguaína,Vila Ferreira
TO,Tocantins,Araguaína,Vila Goias
TO,Tocantins,Araguaína,Vila Norte
TO,Tocantins,Araguaína,Vila Nova
TO,Tocantins,Araguaína,Vila Piaui
TO,Tocantins,Araguaína,Vila Ribeiro
TO,Tocantins,Araguaína,Vila Rosario
TO,Tocantins,Araguaína,Vila Santiago
TO,Tocantins,Araguaína,Zona Rural
TO,Tocantins,Araguaína,Zona Suburbana
TO,Tocantins,Araguanã
TO,Tocantins,Araguanã,s Carmelito
TO,Tocantins,Araguanã,s Central
TO,Tocantins,Araguanã,s Lopes Silva
TO,Tocantins,Araguanã,s Porto Balsa
TO,Tocantins,Araguanã,s Turistico
TO,Tocantins,Araguanã,Vila Siqueira Campos
TO,Tocantins,Araguanã,Zona Rural
TO,Tocantins,Araguatins
TO,Tocantins,Araguatins,Centro
TO,Tocantins,Araguatins,s Aeroporto
TO,Tocantins,Araguatins,s Central
TO,Tocantins,Araguatins,s Industrial
TO,Tocantins,Araguatins,s Nova Araguatins
TO,Tocantins,Araguatins,s Popular
TO,Tocantins,Araguatins,Vila Frazao
TO,Tocantins,Araguatins,Zona Rural
TO,Tocantins,Arapoema
TO,Tocantins,Arapoema,Jardim Alto Bonito
TO,Tocantins,Arapoema,Jardim Boa Esperanca
TO,Tocantins,Arapoema,Jardim Morada Sol
TO,Tocantins,Arapoema,Jardim Primavera
TO,Tocantins,Arapoema,s Aeroporto
TO,Tocantins,Arapoema,s Central
TO,Tocantins,Arapoema,s Plano Novo
TO,Tocantins,Arapoema,s Santa Terezinha
TO,Tocantins,Arapoema,Vila Santa Rosa
TO,Tocantins,Arapoema,Vila Santo Antonio
TO,Tocantins,Arapoema,Zona Rural
TO,Tocantins,Arraias
TO,Tocantins,Arraias,Arnaldo Prieto
TO,Tocantins,Arraias,Buritizinho
TO,Tocantins,Arraias,Campinho
TO,Tocantins,Arraias,Centro
TO,Tocantins,Arraias,Santa Filomena
TO,Tocantins,Arraias,Setor Aeroporto
TO,Tocantins,Arraias,St Laranjeiras
TO,Tocantins,Assentamento Amigos da Terra
TO,Tocantins,Assentamento Loroty
TO,Tocantins,Assentamento Manchete
TO,Tocantins,Assentamento Manchete,S Central
TO,Tocantins,Assentamento Santa Clara
TO,Tocantins,Assentamento Santa Clara,S Central
TO,Tocantins,Assentamento Tarumã
TO,Tocantins,Assentamento Tarumã,S Central
TO,Tocantins,Assentamento Vila Falcão
TO,Tocantins,Assentamento Vila Falcão,S Central
TO,Tocantins,Augustinópolis
TO,Tocantins,Augustinópolis,Augustinopolis
TO,Tocantins,Augustinópolis,Boa Vista
TO,Tocantins,Augustinópolis,s Central
TO,Tocantins,Augustinópolis,s Popular
TO,Tocantins,Augustinópolis,s Rodoviario
TO,Tocantins,Augustinópolis,s Santa Rita
TO,Tocantins,Augustinópolis,São Pedro
TO,Tocantins,Augustinópolis,São Raimundo
TO,Tocantins,Augustinópolis,Vila Nova
TO,Tocantins,Augustinópolis,Zona Rural
TO,Tocantins,Aurora do Tocantins
TO,Tocantins,Aurora do Tocantins,Centro
TO,Tocantins,Aurora do Tocantins,S. Sul
TO,Tocantins,Aurora do Tocantins,Setor Bela Vista
TO,Tocantins,Aurora do Tocantins,Setor Fortaleza
TO,Tocantins,Aurora do Tocantins,Setor Sul
TO,Tocantins,Axixá do Tocantins
TO,Tocantins,Axixá do Tocantins,Bom Jesus
TO,Tocantins,Axixá do Tocantins,Novo Axixa
TO,Tocantins,Axixá do Tocantins,s Central
TO,Tocantins,Axixá do Tocantins,s Siqueira Campos
TO,Tocantins,Axixá do Tocantins,Santa Rita
TO,Tocantins,Axixá do Tocantins,SAO RAIMUNDO
TO,Tocantins,Axixá do Tocantins,Vila Vitalino Brandão
TO,Tocantins,Axixá do Tocantins,VL CONSORCIO
TO,Tocantins,Axixá do Tocantins,Zona Rural
TO,Tocantins,Babaçulândia
TO,Tocantins,Babaçulândia,BORBOLETA
TO,Tocantins,Babaçulândia,s Central
TO,Tocantins,Babaçulândia,s D'areia
TO,Tocantins,Babaçulândia,Zona Rural
TO,Tocantins,Baianópolis
TO,Tocantins,Baianópolis,S Central
TO,Tocantins,Bandeirantes do Tocantins
TO,Tocantins,Bandeirantes do Tocantins,s Central
TO,Tocantins,Bandeirantes do Tocantins,Zona Rural
TO,Tocantins,Barra do Ouro
TO,Tocantins,Barra do Ouro,s Central
TO,Tocantins,Barra do Ouro Velha
TO,Tocantins,Barrolândia
TO,Tocantins,Barrolândia,Barrolandia
TO,Tocantins,Barrolândia,Centro
TO,Tocantins,Barrolândia,s Central
TO,Tocantins,Barrolândia,s Oeste
TO,Tocantins,Barrolândia,Zona Rural
TO,Tocantins,Bela Vista - São Miguel do Tocantins
TO,Tocantins,Bela Vista - São Miguel do Tocantins,s Central
TO,Tocantins,Bernardo Sayão
TO,Tocantins,Bernardo Sayão,s Central
TO,Tocantins,Bernardo Sayão,ZONA RURAL
TO,Tocantins,Bielandia
TO,Tocantins,Bom Jesus da Palma
TO,Tocantins,Bom Jesus do Tocantins
TO,Tocantins,Bom Jesus do Tocantins,s Central
TO,Tocantins,Bom Jesus do Tocantins,Zona Rural
TO,Tocantins,Brasilândia do Tocantins
TO,Tocantins,Brasilândia do Tocantins,S Bela Vista
TO,Tocantins,Brasilândia do Tocantins,s Central
TO,Tocantins,Brasilândia do Tocantins,Zona Rural
TO,Tocantins,Brejinho
TO,Tocantins,Brejinho do Nazaré
TO,Tocantins,Brejinho do Nazaré,s Beira Rio
TO,Tocantins,Brejinho do Nazaré,S Bela Vista
TO,Tocantins,Brejinho do Nazaré,s Central
TO,Tocantins,Brejinho do Nazaré,s Januario Dias
TO,Tocantins,Brejinho do Nazaré,S Novo Horizonte
TO,Tocantins,Brejinho do Nazaré,Zona Rural
TO,Tocantins,Buriti do Tocantins
TO,Tocantins,Buriti do Tocantins,s Central
TO,Tocantins,Buritirana
TO,Tocantins,Buritirana,S Central
TO,Tocantins,Cachoeirinha
TO,Tocantins,Cachoeirinha,s Central
TO,Tocantins,Cachoeirinha,Vila Popular
TO,Tocantins,Campina Verde
TO,Tocantins,Campo Alegre - Paraná
TO,Tocantins,Campos
TO,Tocantins,Campos Lindos
TO,Tocantins,Campos Lindos,s Central
TO,Tocantins,Canabrava - Arraias
TO,Tocantins,Cangas
TO,Tocantins,Cangas,S Central
TO,Tocantins,Cariri do Tocantins
TO,Tocantins,Cariri do Tocantins,centro
TO,Tocantins,Cariri do Tocantins,s Central
TO,Tocantins,Cariri do Tocantins,Vila Feliz
TO,Tocantins,Cariri do Tocantins,Zona Rural
TO,Tocantins,Carmolândia
TO,Tocantins,Carmolândia,s Central
TO,Tocantins,Carmolândia,Vila Aldetina
TO,Tocantins,Carmolândia,Vila Nova
TO,Tocantins,Carrasco Bonito
TO,Tocantins,Carrasco Bonito,Popular
TO,Tocantins,Carrasco Bonito,s Central
TO,Tocantins,Carrasco Bonito,Zona Rural
TO,Tocantins,Caseara
TO,Tocantins,Caseara,s Central
TO,Tocantins,Caseara,Zona Rural
TO,Tocantins,Centenário
TO,Tocantins,Centenário,s Central
TO,Tocantins,Centro dos Borges
TO,Tocantins,Centro dos Ferreiras
TO,Tocantins,Centro dos Ferreiras,S Central
TO,Tocantins,Centro dos Ferreiras,Zona Rural
TO,Tocantins,Chapada da Natividade
TO,Tocantins,Chapada da Natividade,s Central
TO,Tocantins,Chapada de Areia
TO,Tocantins,Chapada de Areia,s Central
TO,Tocantins,Cocalinho
TO,Tocantins,Colinas do Tocantins
TO,Tocantins,Colinas do Tocantins,Bal California
TO,Tocantins,Colinas do Tocantins,Centro
TO,Tocantins,Colinas do Tocantins,Jardim Campo Clube
TO,Tocantins,Colinas do Tocantins,Jardim Esperanca
TO,Tocantins,Colinas do Tocantins,Novo Planalto
TO,Tocantins,Colinas do Tocantins,s Aeroporto
TO,Tocantins,Colinas do Tocantins,s Aeroviario
TO,Tocantins,Colinas do Tocantins,s Alvorada
TO,Tocantins,Colinas do Tocantins,s Araguaia
TO,Tocantins,Colinas do Tocantins,s Araguaia ii
TO,Tocantins,Colinas do Tocantins,s Campinas
TO,Tocantins,Colinas do Tocantins,s Central
TO,Tocantins,Colinas do Tocantins,s Doirado
TO,Tocantins,Colinas do Tocantins,S MANSOES
TO,Tocantins,Colinas do Tocantins,s Novo Planalto
TO,Tocantins,Colinas do Tocantins,s Oeste
TO,Tocantins,Colinas do Tocantins,s Rodoviario
TO,Tocantins,Colinas do Tocantins,s Santa Rosa
TO,Tocantins,Colinas do Tocantins,s Santo Antonio
TO,Tocantins,Colinas do Tocantins,s Sesp
TO,Tocantins,Colinas do Tocantins,s Sol Nascente
TO,Tocantins,Colinas do Tocantins,s Sul
TO,Tocantins,Colinas do Tocantins,Sao Cristovao
TO,Tocantins,Colinas do Tocantins,Sem Bairro
TO,Tocantins,Colinas do Tocantins,Zona Rural
TO,Tocantins,Colméia
TO,Tocantins,Colméia,Colmeinha
TO,Tocantins,Colméia,s Area Verde
TO,Tocantins,Colméia,s Cazinha
TO,Tocantins,Colméia,s Central
TO,Tocantins,Colméia,s Sul
TO,Tocantins,Colméia,Vila Sinha
TO,Tocantins,Colméia,Zona Rural
TO,Tocantins,Colônia Dezesseis
TO,Tocantins,Combinado
TO,Tocantins,Combinado,Centro
TO,Tocantins,Combinado,Sem Bairro
TO,Tocantins,Conceição do Tocantins
TO,Tocantins,Conceição do Tocantins,s Brasil
TO,Tocantins,Conceição do Tocantins,s Central
TO,Tocantins,Conceição do Tocantins,s Leste
TO,Tocantins,Conceição do Tocantins,s Norte
TO,Tocantins,Conceição do Tocantins,S OESTE
TO,Tocantins,Conceição do Tocantins,s Sul
TO,Tocantins,Conceição do Tocantins,Zona Rural
TO,Tocantins,Couto de Magalhães
TO,Tocantins,Couto de Magalhães,COUTO MAGALHAES
TO,Tocantins,Couto de Magalhães,s Central
TO,Tocantins,Craolandia
TO,Tocantins,Cristalândia
TO,Tocantins,Cristalândia,Cristalandia
TO,Tocantins,Cristalândia,s Aeroporto
TO,Tocantins,Cristalândia,s Andrelina
TO,Tocantins,Cristalândia,s Carrinho
TO,Tocantins,Cristalândia,s Central
TO,Tocantins,Cristalândia,s Ceramica
TO,Tocantins,Cristalândia,s Industrial
TO,Tocantins,Cristalândia,s Itapore
TO,Tocantins,Cristalândia,s Rodoviario
TO,Tocantins,Cristalândia,s Sao Jorge
TO,Tocantins,Cristalândia,s Torres
TO,Tocantins,Cristalândia,Zona Rural
TO,Tocantins,Crixás do Tocantins
TO,Tocantins,Crixás do Tocantins,s Central
TO,Tocantins,Darcinópolis
TO,Tocantins,Darcinópolis,S Bela Vista
TO,Tocantins,Darcinópolis,s Central
TO,Tocantins,Darcinópolis,Vila Popular
TO,Tocantins,Darcinópolis,Zona Rural
TO,Tocantins,Dianópolis
TO,Tocantins,Dianópolis,Cavalcante
TO,Tocantins,Dianópolis,Central
TO,Tocantins,Dianópolis,Centro
TO,Tocantins,Dianópolis,Nova Cidade i
TO,Tocantins,Dianópolis,Nova Cidade ii
TO,Tocantins,Dianópolis,Nova Cidade IV
TO,Tocantins,Dianópolis,Novo Horizonte
TO,Tocantins,Dianópolis,Setor Bela Vista
TO,Tocantins,Dianópolis,Setor Brasil
TO,Tocantins,Dianópolis,Setor Cooperativa
TO,Tocantins,Divinópolis do Tocantins
TO,Tocantins,Divinópolis do Tocantins,s Aeroporto
TO,Tocantins,Divinópolis do Tocantins,s Central
TO,Tocantins,Divinópolis do Tocantins,s Fernandinho
TO,Tocantins,Divinópolis do Tocantins,s Sol Nascente
TO,Tocantins,Divinópolis do Tocantins,Zona Rural
TO,Tocantins,Dois Irmãos do Tocantins
TO,Tocantins,Dois Irmãos do Tocantins,s Central
TO,Tocantins,Dois Irmãos do Tocantins,Zona Rural
TO,Tocantins,Dorilândia
TO,Tocantins,Dueré
TO,Tocantins,Dueré,s Aeroporto
TO,Tocantins,Dueré,s Central
TO,Tocantins,Dueré,S Dona Alba
TO,Tocantins,Dueré,S Dona Constância
TO,Tocantins,Dueré,s Raimundo Sergio
TO,Tocantins,Dueré,Zona Rural
TO,Tocantins,Escola Brasil
TO,Tocantins,Esperantina
TO,Tocantins,Esperantina,Nova Esperantina
TO,Tocantins,Esperantina,s Central
TO,Tocantins,Esperantina,Vila Gato
TO,Tocantins,Fátima
TO,Tocantins,Fátima,Oliveira Fatima
TO,Tocantins,Fátima,s Central
TO,Tocantins,Fátima,Vila Amizade
TO,Tocantins,Fátima,VL BAIANA
TO,Tocantins,Fátima,Zona Rural
TO,Tocantins,Fazenda Canuana
TO,Tocantins,Fazenda Canuana,s Central
TO,Tocantins,Fazenda Canuana,Zona Rural
TO,Tocantins,Figueirópolis
TO,Tocantins,Figueirópolis,s Central
TO,Tocantins,Figueirópolis,Zona Rural
TO,Tocantins,Filadélfia
TO,Tocantins,Filadélfia,Nova Esperanca
TO,Tocantins,Filadélfia,s Central
TO,Tocantins,Filadélfia,Zona Rural
TO,Tocantins,Firminopolis
TO,Tocantins,Floresta/Quebra Varas
TO,Tocantins,Formoso do Araguaia
TO,Tocantins,Formoso do Araguaia,Daifa
TO,Tocantins,Formoso do Araguaia,Jardim Planalto
TO,Tocantins,Formoso do Araguaia,s Alianca
TO,Tocantins,Formoso do Araguaia,s Central
TO,Tocantins,Formoso do Araguaia,s Industrial
TO,Tocantins,Formoso do Araguaia,s Sao Jose
TO,Tocantins,Formoso do Araguaia,Zona Rural
TO,Tocantins,Fortaleza do Tabocão
TO,Tocantins,Fortaleza do Tabocão,s Centenario
TO,Tocantins,Fortaleza do Tabocão,s Central
TO,Tocantins,Fortaleza do Tabocão,Zona Rural
TO,Tocantins,Goianorte
TO,Tocantins,Goianorte,s Central
TO,Tocantins,Goianorte,s Palmeiras
TO,Tocantins,Goiany dos Campos
TO,Tocantins,Goiatins
TO,Tocantins,Goiatins,s Central
TO,Tocantins,Goiatins,São Vicente Poloti
TO,Tocantins,Grota do Meio
TO,Tocantins,Grota do Meio,S Central
TO,Tocantins,Grotão - Sítio Novo do Tocantins
TO,Tocantins,Guaraí
TO,Tocantins,Guaraí,Jardim Brasilia
TO,Tocantins,Guaraí,Jardim Irani
TO,Tocantins,Guaraí,Parque Esperanca
TO,Tocantins,Guaraí,s Aeroporto
TO,Tocantins,Guaraí,S Aeroporto II
TO,Tocantins,Guaraí,s Alvorada
TO,Tocantins,Guaraí,s Bueno
TO,Tocantins,Guaraí,s Canaa
TO,Tocantins,Guaraí,s Central
TO,Tocantins,Guaraí,s Cristo Redentor
TO,Tocantins,Guaraí,s Dantas
TO,Tocantins,Guaraí,s Guara
TO,Tocantins,Guaraí,s Leste
TO,Tocantins,Guaraí,s Mapa
TO,Tocantins,Guaraí,s Mapa ii
TO,Tocantins,Guaraí,s Mapa iii
TO,Tocantins,Guaraí,S Norte
TO,Tocantins,Guaraí,S Norte 151
TO,Tocantins,Guaraí,s Norte 152
TO,Tocantins,Guaraí,s Norte Rodoviario
TO,Tocantins,Guaraí,s Nova Querencia
TO,Tocantins,Guaraí,s Pestana
TO,Tocantins,Guaraí,s Piassava
TO,Tocantins,Guaraí,s Planalto
TO,Tocantins,Guaraí,s Primavera
TO,Tocantins,Guaraí,S SANTA HELENA
TO,Tocantins,Guaraí,s Sul
TO,Tocantins,Guaraí,s Universitario
TO,Tocantins,Guaraí,Vila Vilela
TO,Tocantins,Guaraí,Zona Rural
TO,Tocantins,Gurupi
TO,Tocantins,Gurupi,Centro
TO,Tocantins,Gurupi,Chacara Rec i Ferreira
TO,Tocantins,Gurupi,Chacara Rec Vale Sol
TO,Tocantins,Gurupi,Daniela
TO,Tocantins,Gurupi,Gurupi
TO,Tocantins,Gurupi,Jardim Bandeiras
TO,Tocantins,Gurupi,Jardim Buritis
TO,Tocantins,Gurupi,Jardim Eldorado
TO,Tocantins,Gurupi,Jardim Flamboyant
TO,Tocantins,Gurupi,Jardim Guanabara
TO,Tocantins,Gurupi,Jardim Medeiros
TO,Tocantins,Gurupi,Jardim Oriente
TO,Tocantins,Gurupi,Jardim Palmeiras
TO,Tocantins,Gurupi,Jardim Pauliceia
TO,Tocantins,Gurupi,Jardim Santa Maria
TO,Tocantins,Gurupi,Jardim Sevilha
TO,Tocantins,Gurupi,Jardim Tocantins
TO,Tocantins,Gurupi,Jardim Tropical
TO,Tocantins,Gurupi,Jardim Tropical i
TO,Tocantins,Gurupi,Jardim Tropical ii
TO,Tocantins,Gurupi,Militar
TO,Tocantins,Gurupi,Morada Ipes
TO,Tocantins,Gurupi,Muniz Santana
TO,Tocantins,Gurupi,Nossa Senhora D'Abadia
TO,Tocantins,Gurupi,Ns D'abadia
TO,Tocantins,Gurupi,Parque Acacias
TO,Tocantins,Gurupi,Parque Agroindustrial
TO,Tocantins,Gurupi,Parque Cajueiros
TO,Tocantins,Gurupi,Parque Canaa
TO,Tocantins,Gurupi,Parque Industrial
TO,Tocantins,Gurupi,Parque Nova Fronteira
TO,Tocantins,Gurupi,Parque Primavera
TO,Tocantins,Gurupi,Parque Sao Jose
TO,Tocantins,Gurupi,Parque Sol Nascente
TO,Tocantins,Gurupi,s Aeroporto
TO,Tocantins,Gurupi,s Aeroporto ii
TO,Tocantins,Gurupi,s Aeroporto iii
TO,Tocantins,Gurupi,s Alto Boa Vista
TO,Tocantins,Gurupi,s Alto Buritis
TO,Tocantins,Gurupi,S Bela Vista
TO,Tocantins,Gurupi,s Casego
TO,Tocantins,Gurupi,S CENTAL
TO,Tocantins,Gurupi,s Central
TO,Tocantins,Gurupi,s Cruzeiro
TO,Tocantins,Gurupi,s Eng Waldir Lins
TO,Tocantins,Gurupi,s Eng Waldir Lins i
TO,Tocantins,Gurupi,s Eng Waldir Lins ii
TO,Tocantins,Gurupi,s Funcionarios
TO,Tocantins,Gurupi,s Leste
TO,Tocantins,Gurupi,s Malvinas
TO,Tocantins,Gurupi,s Morada Sol
TO,Tocantins,Gurupi,S Novo Horizonte
TO,Tocantins,Gurupi,s Paulo Tarso
TO,Tocantins,Gurupi,S Santa Cruz
TO,Tocantins,Gurupi,S Santa Rita de Cássia
TO,Tocantins,Gurupi,s Sao Paulo
TO,Tocantins,Gurupi,s Sul
TO,Tocantins,Gurupi,s Uniao
TO,Tocantins,Gurupi,s Uniao i
TO,Tocantins,Gurupi,s Uniao ii
TO,Tocantins,Gurupi,s Uniao iii
TO,Tocantins,Gurupi,s Uniao iv
TO,Tocantins,Gurupi,s Uniao v
TO,Tocantins,Gurupi,Sao Cristovao
TO,Tocantins,Gurupi,Setor Central
TO,Tocantins,Gurupi,Setor Sol Nascente
TO,Tocantins,Gurupi,Trevo Oeste
TO,Tocantins,Gurupi,Trevo Sul
TO,Tocantins,Gurupi,Vila Alagoana
TO,Tocantins,Gurupi,Vila Bom Sossego
TO,Tocantins,Gurupi,Vila Dom Pedro i
TO,Tocantins,Gurupi,Vila Guaracy
TO,Tocantins,Gurupi,Vila Iris
TO,Tocantins,Gurupi,Vila Mariano
TO,Tocantins,Gurupi,Vila Nova
TO,Tocantins,Gurupi,Vila Paulista
TO,Tocantins,Gurupi,Vila Pedroso
TO,Tocantins,Gurupi,Vila Sao Jose
TO,Tocantins,Gurupi,Vila Sao Lucas
TO,Tocantins,Gurupi,Vila Verde
TO,Tocantins,Gurupi,Waldir Lins
TO,Tocantins,Gurupi,Zona Rural
TO,Tocantins,Gurupi,Zona Suburbana
TO,Tocantins,Ipueiras
TO,Tocantins,Ipueiras,S Central
TO,Tocantins,Itacajá
TO,Tocantins,Itacajá,s Aeroporto
TO,Tocantins,Itacajá,S Bela Vista
TO,Tocantins,Itacajá,s Central
TO,Tocantins,Itacajá,Zona Rural
TO,Tocantins,Itaguatins
TO,Tocantins,Itaguatins,Cj Santa Rita Cássia
TO,Tocantins,Itaguatins,Discarreto
TO,Tocantins,Itaguatins,s Central
TO,Tocantins,Itaguatins,Vila Nova
TO,Tocantins,Itaguatins,Vila Santo Antonio
TO,Tocantins,Itaguatins,VL LOLZA MARIA
TO,Tocantins,Itaguatins,Zona Rural
TO,Tocantins,Itapiratins
TO,Tocantins,Itapiratins,s Central
TO,Tocantins,Itaporã do Tocantins
TO,Tocantins,Itaporã do Tocantins,s Central
TO,Tocantins,Itaporã do Tocantins,s Polivalente
TO,Tocantins,Itaporã do Tocantins,s Santo Antonio
TO,Tocantins,Itaporã do Tocantins,Zona Rural
TO,Tocantins,Jacilândia
TO,Tocantins,Jacilândia,S Central
TO,Tocantins,Jatobal
TO,Tocantins,Jatobal,S Central
TO,Tocantins,Jaú do Tocantins
TO,Tocantins,Jaú do Tocantins,s Boa Esperanca
TO,Tocantins,Jaú do Tocantins,s Central
TO,Tocantins,Jaú do Tocantins,Zona Rural
TO,Tocantins,Joverlandia
TO,Tocantins,Juarina
TO,Tocantins,Juarina,s Central
TO,Tocantins,Juarina,Zona Rural
TO,Tocantins,Lagoa da Confusão
TO,Tocantins,Lagoa da Confusão,s Brandao
TO,Tocantins,Lagoa da Confusão,s Central
TO,Tocantins,Lagoa da Confusão,s Industrial
TO,Tocantins,Lagoa da Confusão,s Praia Alta
TO,Tocantins,Lagoa da Confusão,Vila Nova
TO,Tocantins,Lagoa da Confusão,Zona Rural
TO,Tocantins,Lagoa do Romão
TO,Tocantins,Lagoa do Romão,s Central
TO,Tocantins,Lagoa do Tocantins
TO,Tocantins,Lagoa do Tocantins,s Central
TO,Tocantins,Lajeado 
TO,Tocantins,Lajeado ,Centro
TO,Tocantins,Lajeado ,S Áurea
TO,Tocantins,Lajeado ,s Central
TO,Tocantins,Lajeado ,s Mirante i
TO,Tocantins,Lajeado ,Zona Rural
TO,Tocantins,Lavandeira
TO,Tocantins,Lavandeira,St Bela Vista
TO,Tocantins,Lizarda
TO,Tocantins,Lizarda,s Central
TO,Tocantins,Lizarda,S Ipiranga
TO,Tocantins,Luzimangues - Porto da Balsa
TO,Tocantins,Luzinópolis
TO,Tocantins,Luzinópolis,s Central
TO,Tocantins,Luzinópolis,s Planalto
TO,Tocantins,Luzinópolis,Zona Rural
TO,Tocantins,Macaúba - Araguatins
TO,Tocantins,Macaúba - Araguatins,S Central
TO,Tocantins,Marajá
TO,Tocantins,Marianópolis do Tocantins
TO,Tocantins,Marianópolis do Tocantins,s Central
TO,Tocantins,Marianópolis do Tocantins,Zona Rural
TO,Tocantins,Mateiros
TO,Tocantins,Mateiros,s Central
TO,Tocantins,Maurilândia do Tocantins
TO,Tocantins,Maurilândia do Tocantins,s Central
TO,Tocantins,Maurilândia do Tocantins,s Joao Morais
TO,Tocantins,Maurilândia do Tocantins,Vila Sao Raimundo
TO,Tocantins,Maurilândia do Tocantins,Vl Morais
TO,Tocantins,Miracema do Tocantins
TO,Tocantins,Miracema do Tocantins,Flamboyant 02
TO,Tocantins,Miracema do Tocantins,Lajeado
TO,Tocantins,Miracema do Tocantins,s Aeroporto
TO,Tocantins,Miracema do Tocantins,s Anhanguera
TO,Tocantins,Miracema do Tocantins,s Bela Vista
TO,Tocantins,Miracema do Tocantins,s Boa Vista
TO,Tocantins,Miracema do Tocantins,s Brasil
TO,Tocantins,Miracema do Tocantins,s Canaa
TO,Tocantins,Miracema do Tocantins,s Central
TO,Tocantins,Miracema do Tocantins,S Correntinho
TO,Tocantins,Miracema do Tocantins,s Covale
TO,Tocantins,Miracema do Tocantins,s Flamboyant
TO,Tocantins,Miracema do Tocantins,S Flamboyant I
TO,Tocantins,Miracema do Tocantins,s Flamboyant ii
TO,Tocantins,Miracema do Tocantins,s Industria
TO,Tocantins,Miracema do Tocantins,S NOVO HORIZONTE
TO,Tocantins,Miracema do Tocantins,s Olaria
TO,Tocantins,Miracema do Tocantins,s Rodoviario
TO,Tocantins,Miracema do Tocantins,S Saltinho
TO,Tocantins,Miracema do Tocantins,s Santa Filomena
TO,Tocantins,Miracema do Tocantins,s Santos Dumont
TO,Tocantins,Miracema do Tocantins,s Sussuapara
TO,Tocantins,Miracema do Tocantins,s Sussuapara i
TO,Tocantins,Miracema do Tocantins,s Sussuapara ii
TO,Tocantins,Miracema do Tocantins,s Universitario
TO,Tocantins,Miracema do Tocantins,Vila Canaa
TO,Tocantins,Miracema do Tocantins,Vila Maria
TO,Tocantins,Miracema do Tocantins,Vl Governamental
TO,Tocantins,Miracema do Tocantins,Zona Rural
TO,Tocantins,Miranorte
TO,Tocantins,Miranorte,Centro
TO,Tocantins,Miranorte,s Aeroporto
TO,Tocantins,Miranorte,s Central
TO,Tocantins,Miranorte,s Industrial
TO,Tocantins,Miranorte,s Sul
TO,Tocantins,Miranorte,Vila Jao
TO,Tocantins,Miranorte,Vila Maria
TO,Tocantins,Miranorte,Vila Sao Jose
TO,Tocantins,Miranorte,Zona Rural
TO,Tocantins,Monte do Carmo
TO,Tocantins,Monte do Carmo,s Arraial Norte
TO,Tocantins,Monte do Carmo,s Bela Vista
TO,Tocantins,Monte do Carmo,s Central
TO,Tocantins,Monte do Carmo,s Ipiranga
TO,Tocantins,Monte do Carmo,s Vila Nova
TO,Tocantins,Monte do Carmo,Zona Rural
TO,Tocantins,Monte Santo do Tocantins
TO,Tocantins,Monte Santo do Tocantins,Lot Carlos Gomes
TO,Tocantins,Monte Santo do Tocantins,S Central
TO,Tocantins,Morro Grande
TO,Tocantins,Muricilândia
TO,Tocantins,Muricilândia,s Bela Vista
TO,Tocantins,Muricilândia,s Canaa
TO,Tocantins,Muricilândia,s Central
TO,Tocantins,Muricilândia,Zona Rural
TO,Tocantins,Natal
TO,Tocantins,Natividade
TO,Tocantins,Natividade,Chapada Natividade
TO,Tocantins,Natividade,Jardim Serrano
TO,Tocantins,Natividade,Natividade
TO,Tocantins,Natividade,s Central
TO,Tocantins,Natividade,s Ginasial
TO,Tocantins,Natividade,S Nova Esperana
TO,Tocantins,Natividade,s Nova Esperanca
TO,Tocantins,Natividade,s Sul
TO,Tocantins,Natividade,s Ulisses Guimaraes
TO,Tocantins,Natividade,Zona Rural
TO,Tocantins,Nazaré
TO,Tocantins,Nazaré,s Central
TO,Tocantins,Nazaré,Sao Francisco
TO,Tocantins,Nazaré,Vila Pedrosa
TO,Tocantins,Nazaré,Vila Popular
TO,Tocantins,Nazaré,Zona Rural
TO,Tocantins,Nova Olinda
TO,Tocantins,Nova Olinda,Ns Aparecida
TO,Tocantins,Nova Olinda,s Bueno
TO,Tocantins,Nova Olinda,s Central
TO,Tocantins,Nova Olinda,Zona Rural
TO,Tocantins,Nova Rosalândia
TO,Tocantins,Nova Rosalândia,Jardim Aeroporto
TO,Tocantins,Nova Rosalândia,s Central
TO,Tocantins,Nova Rosalândia,s Mangues
TO,Tocantins,Nova Rosalândia,Zona Rural
TO,Tocantins,Novo Acordo
TO,Tocantins,Novo Acordo,Ponte Nova
TO,Tocantins,Novo Acordo,s Aeroporto
TO,Tocantins,Novo Acordo,s Central
TO,Tocantins,Novo Acordo,Zona Rural
TO,Tocantins,Novo Alegre
TO,Tocantins,Novo Alegre,St Guariroba
TO,Tocantins,Novo Horizonte - Araguaina
TO,Tocantins,Novo Horizonte - Araguaina,s Central
TO,Tocantins,Novo Horizonte - Jau do Tocantins
TO,Tocantins,Novo Jardim
TO,Tocantins,Olhos D'Água de Coco
TO,Tocantins,Olhos D'Água de Coco,S Central
TO,Tocantins,Oliveira de Fátima
TO,Tocantins,Oliveira de Fátima,s Central
TO,Tocantins,Palmas
TO,Tocantins,Palmas,1006 Sul
TO,Tocantins,Palmas,103 NORTE
TO,Tocantins,Palmas,104 Norte
TO,Tocantins,Palmas,104 s
TO,Tocantins,Palmas,104 SUL
TO,Tocantins,Palmas,106 NORTE
TO,Tocantins,Palmas,106 s
TO,Tocantins,Palmas,108 s
TO,Tocantins,Palmas,110 N
TO,Tocantins,Palmas,110 s
TO,Tocantins,Palmas,1206 Sul
TO,Tocantins,Palmas,204 SUL
TO,Tocantins,Palmas,305 NORTE
TO,Tocantins,Palmas,404 SUL
TO,Tocantins,Palmas,405 NORTE
TO,Tocantins,Palmas,504 NORTE
TO,Tocantins,Palmas,504 Sul
TO,Tocantins,Palmas,606 Sul
TO,Tocantins,Palmas,612  SUL
TO,Tocantins,Palmas,704 Sul
TO,Tocantins,Palmas,712 SUL
TO,Tocantins,Palmas,804 S
TO,Tocantins,Palmas,806 Sul
TO,Tocantins,Palmas,a Noroeste
TO,Tocantins,Palmas,A Norte
TO,Tocantins,Palmas,Aane
TO,Tocantins,Palmas,Aane 10
TO,Tocantins,Palmas,Aane 20
TO,Tocantins,Palmas,Aane 40
TO,Tocantins,Palmas,Aano
TO,Tocantins,Palmas,Aano 20
TO,Tocantins,Palmas,Aase 50
TO,Tocantins,Palmas,Aase 60
TO,Tocantins,Palmas,Acne 1
TO,Tocantins,Palmas,Acne i
TO,Tocantins,Palmas,Acne ii
TO,Tocantins,Palmas,ACNO 1
TO,Tocantins,Palmas,Acno i
TO,Tocantins,Palmas,Acno ii
TO,Tocantins,Palmas,ACSE 1
TO,Tocantins,Palmas,Acse 82
TO,Tocantins,Palmas,Acse i
TO,Tocantins,Palmas,Acse ii
TO,Tocantins,Palmas,ACSO 1
TO,Tocantins,Palmas,ACSO 81
TO,Tocantins,Palmas,Acso i
TO,Tocantins,Palmas,Acso ii
TO,Tocantins,Palmas,ACSO II Conj 1 Lt 33
TO,Tocantins,Palmas,ACSO SU 50
TO,Tocantins,Palmas,Acsu Ne 10
TO,Tocantins,Palmas,Acsu Ne 12
TO,Tocantins,Palmas,Acsu Ne 50
TO,Tocantins,Palmas,Acsu No 10
TO,Tocantins,Palmas,ACSU NO 40
TO,Tocantins,Palmas,Acsu No 50
TO,Tocantins,Palmas,Acsu No 60
TO,Tocantins,Palmas,Acsu Se 10
TO,Tocantins,Palmas,ACSU SE 100
TO,Tocantins,Palmas,ACSU SE 120
TO,Tocantins,Palmas,Acsu Se 13
TO,Tocantins,Palmas,Acsu Se 20
TO,Tocantins,Palmas,Acsu Se 40
TO,Tocantins,Palmas,Acsu Se 41
TO,Tocantins,Palmas,Acsu Se 60
TO,Tocantins,Palmas,Acsu Se 61
TO,Tocantins,Palmas,Acsu Se 70
TO,Tocantins,Palmas,Acsu Se 91
TO,Tocantins,Palmas,Acsu So 10
TO,Tocantins,Palmas,Acsu So 150
TO,Tocantins,Palmas,Acsu So 20
TO,Tocantins,Palmas,Acsu So 40
TO,Tocantins,Palmas,Acsu So 50
TO,Tocantins,Palmas,Acsu So 60
TO,Tocantins,Palmas,Acsu So 70
TO,Tocantins,Palmas,Acsv Ne 12
TO,Tocantins,Palmas,ACSV NE 14
TO,Tocantins,Palmas,Acsv Ne 51
TO,Tocantins,Palmas,ACSV NE 53
TO,Tocantins,Palmas,Acsv Ne 61
TO,Tocantins,Palmas,Acsv Ne 63
TO,Tocantins,Palmas,Acsv No 31
TO,Tocantins,Palmas,Acsv No 32
TO,Tocantins,Palmas,Acsv No 33
TO,Tocantins,Palmas,Acsv No 41
TO,Tocantins,Palmas,Acsv No 43
TO,Tocantins,Palmas,Acsv No 44
TO,Tocantins,Palmas,Acsv No 61
TO,Tocantins,Palmas,Acsv No 72
TO,Tocantins,Palmas,Acsv Se 102
TO,Tocantins,Palmas,Acsv Se 112
TO,Tocantins,Palmas,ACSV SE 12
TO,Tocantins,Palmas,ACSV SE 13
TO,Tocantins,Palmas,ACSV SE 23
TO,Tocantins,Palmas,ACSV SE 40
TO,Tocantins,Palmas,Acsv Se 41
TO,Tocantins,Palmas,Acsv Se 51
TO,Tocantins,Palmas,Acsv Se 71
TO,Tocantins,Palmas,ACSV SE 72
TO,Tocantins,Palmas,Acsv Se 81
TO,Tocantins,Palmas,Acsv Se 92
TO,Tocantins,Palmas,ACSV SO 20
TO,Tocantins,Palmas,Acsv So 32
TO,Tocantins,Palmas,Ae Se 31
TO,Tocantins,Palmas,Aene 23
TO,Tocantins,Palmas,Aese 31
TO,Tocantins,Palmas,Aese 34
TO,Tocantins,Palmas,Aeso 31
TO,Tocantins,Palmas,ÁGUA VERDE
TO,Tocantins,Palmas,Alc 1508 Sul
TO,Tocantins,Palmas,Alc No 14
TO,Tocantins,Palmas,Alc So 34
TO,Tocantins,Palmas,Alc So 86
TO,Tocantins,Palmas,Araguatins
TO,Tocantins,Palmas,Area Sul
TO,Tocantins,Palmas,Areias
TO,Tocantins,Palmas,Arne 12
TO,Tocantins,Palmas,Arne 13
TO,Tocantins,Palmas,Arne 14
TO,Tocantins,Palmas,Arne 24
TO,Tocantins,Palmas,ARNE 25
TO,Tocantins,Palmas,ARNE 33
TO,Tocantins,Palmas,Arne 51
TO,Tocantins,Palmas,Arne 54
TO,Tocantins,Palmas,Arne 61
TO,Tocantins,Palmas,Arne 63
TO,Tocantins,Palmas,Arne 64
TO,Tocantins,Palmas,Arno 12
TO,Tocantins,Palmas,Arno 2
TO,Tocantins,Palmas,Arno 21
TO,Tocantins,Palmas,Arno 31
TO,Tocantins,Palmas,Arno 32
TO,Tocantins,Palmas,Arno 33
TO,Tocantins,Palmas,Arno 41
TO,Tocantins,Palmas,Arno 43
TO,Tocantins,Palmas,Arno 44
TO,Tocantins,Palmas,Arno 61
TO,Tocantins,Palmas,Arno 72
TO,Tocantins,Palmas,Arno 73
TO,Tocantins,Palmas,ARS SE 75
TO,Tocantins,Palmas,Arse 101
TO,Tocantins,Palmas,Arse 102
TO,Tocantins,Palmas,Arse 111
TO,Tocantins,Palmas,Arse 112
TO,Tocantins,Palmas,Arse 12
TO,Tocantins,Palmas,Arse 121
TO,Tocantins,Palmas,Arse 122
TO,Tocantins,Palmas,Arse 125
TO,Tocantins,Palmas,Arse 13
TO,Tocantins,Palmas,Arse 14
TO,Tocantins,Palmas,Arse 21
TO,Tocantins,Palmas,Arse 22
TO,Tocantins,Palmas,Arse 23
TO,Tocantins,Palmas,Arse 24
TO,Tocantins,Palmas,Arse 31
TO,Tocantins,Palmas,Arse 32
TO,Tocantins,Palmas,Arse 33
TO,Tocantins,Palmas,Arse 41
TO,Tocantins,Palmas,Arse 51
TO,Tocantins,Palmas,Arse 52
TO,Tocantins,Palmas,Arse 61
TO,Tocantins,Palmas,Arse 62
TO,Tocantins,Palmas,ARSE 65
TO,Tocantins,Palmas,Arse 71
TO,Tocantins,Palmas,Arse 72
TO,Tocantins,Palmas,Arse 75
TO,Tocantins,Palmas,Arse 81
TO,Tocantins,Palmas,Arse 82
TO,Tocantins,Palmas,ARSE 91
TO,Tocantins,Palmas,Arse 92
TO,Tocantins,Palmas,Arso 101
TO,Tocantins,Palmas,Arso 102
TO,Tocantins,Palmas,Arso 103
TO,Tocantins,Palmas,Arso 111
TO,Tocantins,Palmas,Arso 112
TO,Tocantins,Palmas,Arso 121
TO,Tocantins,Palmas,Arso 13
TO,Tocantins,Palmas,Arso 14
TO,Tocantins,Palmas,Arso 21
TO,Tocantins,Palmas,Arso 22
TO,Tocantins,Palmas,Arso 23
TO,Tocantins,Palmas,Arso 31
TO,Tocantins,Palmas,Arso 32
TO,Tocantins,Palmas,Arso 33
TO,Tocantins,Palmas,Arso 34
TO,Tocantins,Palmas,Arso 41
TO,Tocantins,Palmas,Arso 42
TO,Tocantins,Palmas,Arso 43
TO,Tocantins,Palmas,Arso 44
TO,Tocantins,Palmas,Arso 45
TO,Tocantins,Palmas,Arso 53
TO,Tocantins,Palmas,ARSO 63
TO,Tocantins,Palmas,Arso 74
TO,Tocantins,Palmas,Arso 75
TO,Tocantins,Palmas,Asr Ne 15
TO,Tocantins,Palmas,Asr Se 115
TO,Tocantins,Palmas,Asr Se 125
TO,Tocantins,Palmas,Asr Se 15
TO,Tocantins,Palmas,Asr Se 35
TO,Tocantins,Palmas,Asr Se 65
TO,Tocantins,Palmas,Asr Se 75
TO,Tocantins,Palmas,Asr Se 95
TO,Tocantins,Palmas,AURENY II
TO,Tocantins,Palmas,Av 1212 Sul
TO,Tocantins,Palmas,Avne 23
TO,Tocantins,Palmas,AVNO 20
TO,Tocantins,Palmas,Avse 125
TO,Tocantins,Palmas,AVSE 20
TO,Tocantins,Palmas,AVSE 33
TO,Tocantins,Palmas,Avse 40
TO,Tocantins,Palmas,AVSE 41
TO,Tocantins,Palmas,Avse 52
TO,Tocantins,Palmas,Avso 22
TO,Tocantins,Palmas,AVSO 40
TO,Tocantins,Palmas,Avso 71
TO,Tocantins,Palmas,B AURENY I
TO,Tocantins,Palmas,Boa Sorte
TO,Tocantins,Palmas,CENTO
TO,Tocantins,Palmas,Centro
TO,Tocantins,Palmas,Centro (Pl Dir Norte
TO,Tocantins,Palmas,Centro (Taquaralto)
TO,Tocantins,Palmas,Centro (Taquaralto)
TO,Tocantins,Palmas,CJ 1
TO,Tocantins,Palmas,CJ HAB MAR CAMARGO
TO,Tocantins,Palmas,Dist Ind Taquaralto
TO,Tocantins,Palmas,DIST. ECO INDUSTRIAL
TO,Tocantins,Palmas,DISTR ECO INDUSTRIAL
TO,Tocantins,Palmas,Distrito Eco Industrial
TO,Tocantins,Palmas,Distrito Industrial
TO,Tocantins,Palmas,DISTRITO TAQUARALTO
TO,Tocantins,Palmas,Dom Orione
TO,Tocantins,Palmas,Eco Industrial
TO,Tocantins,Palmas,Entroncamento
TO,Tocantins,Palmas,Esplanada do Lago
TO,Tocantins,Palmas,Gurupi
TO,Tocantins,Palmas,Iob
TO,Tocantins,Palmas,Jardim Aureni II (Taquara
TO,Tocantins,Palmas,Jardim Aureni II (Taquaralto)
TO,Tocantins,Palmas,Jardim Aureni II (Taquaralto)
TO,Tocantins,Palmas,Jardim Aureni III (Taquar
TO,Tocantins,Palmas,Jardim Aureni III (Taquaralto)
TO,Tocantins,Palmas,Jardim Aureni IV (Taquaralto)
TO,Tocantins,Palmas,Jardim Aureny
TO,Tocantins,Palmas,Jardim Aureny III
TO,Tocantins,Palmas,JD AURENY I
TO,Tocantins,Palmas,Jd Aureny II
TO,Tocantins,Palmas,JD AURENY IV
TO,Tocantins,Palmas,LOT SANTA CLARA
TO,Tocantins,Palmas,NORTE
TO,Tocantins,Palmas,P. Diretor Sul
TO,Tocantins,Palmas,Palmas
TO,Tocantins,Palmas,PALNO DIRETOR SUL
TO,Tocantins,Palmas,Plamo Diretor Norte
TO,Tocantins,Palmas,Plana Diretor Norte
TO,Tocantins,Palmas,Planalto Diretor Norte
TO,Tocantins,Palmas,Plano D. Sul
TO,Tocantins,Palmas,Plano Dir. Sul
TO,Tocantins,Palmas,Plano Diretior Norte
TO,Tocantins,Palmas,Plano Diretor 
TO,Tocantins,Palmas,Plano Diretor Ncorte
TO,Tocantins,Palmas,Plano Diretor Norte
TO,Tocantins,Palmas,Plano Diretor Sul
TO,Tocantins,Palmas,Plano Diretos Sul
TO,Tocantins,Palmas,PLANODIRETOR SUL
TO,Tocantins,Palmas,PÓLO ELO INDUSTRIAL
TO,Tocantins,Palmas,RES MARIA ROSA
TO,Tocantins,Palmas,S BELA VISTA
TO,Tocantins,Palmas,S CENTRAL
TO,Tocantins,Palmas,S CENTRAL TQRT
TO,Tocantins,Palmas,S ECO INDUSTRIAL
TO,Tocantins,Palmas,S INDUSTRIAL
TO,Tocantins,Palmas,S MORADA DO SOL
TO,Tocantins,Palmas,S SANTA BÁRBARA
TO,Tocantins,Palmas,S Sol Nascente
TO,Tocantins,Palmas,S SUL
TO,Tocantins,Palmas,Santa Bárbara
TO,Tocantins,Palmas,Santa de II
TO,Tocantins,Palmas,Santa Fé
TO,Tocantins,Palmas,São José
TO,Tocantins,Palmas,Sem Bairro
TO,Tocantins,Palmas,SETOR 504 SUL
TO,Tocantins,Palmas,Setor Industrial
TO,Tocantins,Palmas,Setor Morada do Sol
TO,Tocantins,Palmas,Setor Santa Fé (taquaralto)
TO,Tocantins,Palmas,Setor Sul
TO,Tocantins,Palmas,SETOR SUL (TAQUARALTO)
TO,Tocantins,Palmas,St Distrito Industrial
TO,Tocantins,Palmas,St Eco Industrial
TO,Tocantins,Palmas,TAGUARALTO
TO,Tocantins,Palmas,Taquaralto
TO,Tocantins,Palmas,VAGO
TO,Tocantins,Palmas,VALE DO SOL
TO,Tocantins,Palmas,VILA UNIAO
TO,Tocantins,Palmas,ZONA RURAL
TO,Tocantins,Palmeirante
TO,Tocantins,Palmeirante,s Central
TO,Tocantins,Palmeirante,Zona Rural
TO,Tocantins,Palmeiras do Tocantins
TO,Tocantins,Palmeiras do Tocantins,s Central
TO,Tocantins,Palmeiras do Tocantins,Zona Rural
TO,Tocantins,Palmeirópolis
TO,Tocantins,Palmeirópolis,Jardim Palmeiras
TO,Tocantins,Palmeirópolis,s Alto Boa Vista
TO,Tocantins,Palmeirópolis,s Central
TO,Tocantins,Palmeirópolis,S Novo Horizonte
TO,Tocantins,Palmeirópolis,s Uniao
TO,Tocantins,Palmeirópolis,Zona Rural
TO,Tocantins,Palmeirópolis - Tocantinópolis
TO,Tocantins,Paraíso do Tocantins
TO,Tocantins,Paraíso do Tocantins,Centro
TO,Tocantins,Paraíso do Tocantins,Chapada Areia
TO,Tocantins,Paraíso do Tocantins,Jardim America
TO,Tocantins,Paraíso do Tocantins,Jardim Paulista
TO,Tocantins,Paraíso do Tocantins,Jardim Pulista
TO,Tocantins,Paraíso do Tocantins,Novo Paraiso
TO,Tocantins,Paraíso do Tocantins,Paraiso Tocantins
TO,Tocantins,Paraíso do Tocantins,Parque Buritis
TO,Tocantins,Paraíso do Tocantins,s Aeroporto
TO,Tocantins,Paraíso do Tocantins,s Alto Paraiso
TO,Tocantins,Paraíso do Tocantins,s Bela Vista
TO,Tocantins,Paraíso do Tocantins,s Central
TO,Tocantins,Paraíso do Tocantins,s Industrial
TO,Tocantins,Paraíso do Tocantins,s Interlagos
TO,Tocantins,Paraíso do Tocantins,s Leste
TO,Tocantins,Paraíso do Tocantins,s Oeste
TO,Tocantins,Paraíso do Tocantins,s Pouso Alegre
TO,Tocantins,Paraíso do Tocantins,s Pouso Alegre i
TO,Tocantins,Paraíso do Tocantins,s Pouso Alegre iii
TO,Tocantins,Paraíso do Tocantins,s Santa Clara
TO,Tocantins,Paraíso do Tocantins,s Santa Lucia
TO,Tocantins,Paraíso do Tocantins,s Serrano
TO,Tocantins,Paraíso do Tocantins,s Serrano ii
TO,Tocantins,Paraíso do Tocantins,s Sul
TO,Tocantins,Paraíso do Tocantins,Santa Luzia
TO,Tocantins,Paraíso do Tocantins,Vila Chapadao
TO,Tocantins,Paraíso do Tocantins,Vila Milena
TO,Tocantins,Paraíso do Tocantins,Vila Oeste
TO,Tocantins,Paraíso do Tocantins,Vila Popular
TO,Tocantins,Paraíso do Tocantins,Vila Regina
TO,Tocantins,Paraíso do Tocantins,Zona Rural
TO,Tocantins,Paranã
TO,Tocantins,Paranã,s Aeroporto
TO,Tocantins,Paranã,s Central
TO,Tocantins,Paranã,Vila Nova
TO,Tocantins,Pau D'Arco
TO,Tocantins,Pau D'Arco,s Beira Rio
TO,Tocantins,Pau D'Arco,s Central
TO,Tocantins,Pau D'Arco,Zona Rural
TO,Tocantins,Pedro Afonso
TO,Tocantins,Pedro Afonso,Beira Rio
TO,Tocantins,Pedro Afonso,Pedro Afonso
TO,Tocantins,Pedro Afonso,s Aeroporto
TO,Tocantins,Pedro Afonso,s Agropecuario
TO,Tocantins,Pedro Afonso,s Bela Vista
TO,Tocantins,Pedro Afonso,s Bom Jesus
TO,Tocantins,Pedro Afonso,s Central
TO,Tocantins,Pedro Afonso,s Frei Rafael
TO,Tocantins,Pedro Afonso,s Maria Galvao
TO,Tocantins,Pedro Afonso,s Santo Afonso
TO,Tocantins,Pedro Afonso,s Souza Aguiar
TO,Tocantins,Pedro Afonso,Zacarias Campelo
TO,Tocantins,Pedro Afonso,Zona Rural
TO,Tocantins,Peixe
TO,Tocantins,Peixe,s Aeroporto
TO,Tocantins,Peixe,s Boa Vista
TO,Tocantins,Peixe,s Central
TO,Tocantins,Peixe,s Norte
TO,Tocantins,Peixe,s Sul
TO,Tocantins,Peixe,s Sul ii
TO,Tocantins,Peixe,Vila Sao Jose
TO,Tocantins,Peixe,Zona Rural
TO,Tocantins,Pequizeiro
TO,Tocantins,Pequizeiro,s Central
TO,Tocantins,Piacaba
TO,Tocantins,Pindorama do Tocantins
TO,Tocantins,Pindorama do Tocantins,s Central
TO,Tocantins,Pindorama do Tocantins,Vila Nova
TO,Tocantins,Pinheirópolis
TO,Tocantins,Pinheirópolis,S Central
TO,Tocantins,Piraquê
TO,Tocantins,Piraquê,s Central
TO,Tocantins,Pium
TO,Tocantins,Pium,Jardim Primavera
TO,Tocantins,Pium,Pium
TO,Tocantins,Pium,Popular
TO,Tocantins,Pium,s Aeroporto
TO,Tocantins,Pium,s Alto Boa Vista
TO,Tocantins,Pium,s Central
TO,Tocantins,Pium,s Lagoa Azul
TO,Tocantins,Pium,Zona Rural
TO,Tocantins,Ponta do Asfalto
TO,Tocantins,Ponte Alta do Bom Jesus
TO,Tocantins,Ponte Alta do Bom Jesus,Centro
TO,Tocantins,Ponte Alta do Tocantins
TO,Tocantins,Ponte Alta do Tocantins,s Aeroporto
TO,Tocantins,Ponte Alta do Tocantins,s Agua Limpa
TO,Tocantins,Ponte Alta do Tocantins,s Bela Vista
TO,Tocantins,Ponte Alta do Tocantins,s Boa Esperanca
TO,Tocantins,Ponte Alta do Tocantins,s Brasilia
TO,Tocantins,Ponte Alta do Tocantins,s Central
TO,Tocantins,Ponte Alta do Tocantins,Setor Centro
TO,Tocantins,Porto Alegre do Tocantins
TO,Tocantins,Porto Alegre do Tocantins,s Central
TO,Tocantins,Porto Nacional
TO,Tocantins,Porto Nacional,Centro
TO,Tocantins,Porto Nacional,Consorcio
TO,Tocantins,Porto Nacional,Estacao Luz
TO,Tocantins,Porto Nacional,Guaxupe
TO,Tocantins,Porto Nacional,Imperial
TO,Tocantins,Porto Nacional,Jardim Brasilia
TO,Tocantins,Porto Nacional,Jardim Ipes
TO,Tocantins,Porto Nacional,Jardim Ipes ii
TO,Tocantins,Porto Nacional,Jardim Municipal
TO,Tocantins,Porto Nacional,Jardim Nova Capital
TO,Tocantins,Porto Nacional,Jardim Querido
TO,Tocantins,Porto Nacional,Jardim Umuarama
TO,Tocantins,Porto Nacional,JD IPES I
TO,Tocantins,Porto Nacional,JD SANTA HELENA
TO,Tocantins,Porto Nacional,NOVO HORIZONTE
TO,Tocantins,Porto Nacional,Parque Eldorado
TO,Tocantins,Porto Nacional,Parque Trevo
TO,Tocantins,Porto Nacional,Porto Real
TO,Tocantins,Porto Nacional,s Aeroporto
TO,Tocantins,Porto Nacional,s Agroindustrial
TO,Tocantins,Porto Nacional,s Alto Colina
TO,Tocantins,Porto Nacional,s Beira Rio
TO,Tocantins,Porto Nacional,s Brg Eduardo Gomes
TO,Tocantins,Porto Nacional,s Central
TO,Tocantins,Porto Nacional,s Cruzeiro Sul
TO,Tocantins,Porto Nacional,s Estacao Luz
TO,Tocantins,Porto Nacional,s Fama
TO,Tocantins,Porto Nacional,s Garcia
TO,Tocantins,Porto Nacional,s Industrial
TO,Tocantins,Porto Nacional,S Jordy
TO,Tocantins,Porto Nacional,s Nacional
TO,Tocantins,Porto Nacional,S NOVO HORIZONTE
TO,Tocantins,Porto Nacional,s Novo Planalto
TO,Tocantins,Porto Nacional,s Padre Luso
TO,Tocantins,Porto Nacional,S Pinheiropolis
TO,Tocantins,Porto Nacional,s Porto Imperial
TO,Tocantins,Porto Nacional,s Tropical Palmas
TO,Tocantins,Porto Nacional,Sao Jose
TO,Tocantins,Porto Nacional,Sao Judas Tadeu
TO,Tocantins,Porto Nacional,Sao Vicente
TO,Tocantins,Porto Nacional,Siqueira Camp
TO,Tocantins,Porto Nacional,Vila Nova
TO,Tocantins,Porto Nacional,Vl Militar
TO,Tocantins,Porto Nacional,Zona Rural
TO,Tocantins,Povoado Brejo Fundo
TO,Tocantins,Povoado Camarão I
TO,Tocantins,Praia Norte
TO,Tocantins,Praia Norte,Popular
TO,Tocantins,Praia Norte,s Central
TO,Tocantins,Presidente Kennedy
TO,Tocantins,Presidente Kennedy,Presidente Kennedy
TO,Tocantins,Presidente Kennedy,s Central
TO,Tocantins,Presidente Kennedy,Vila Loreto
TO,Tocantins,Presidente Kennedy,Zona Rural
TO,Tocantins,Príncipe
TO,Tocantins,Pugmil
TO,Tocantins,Pugmil,Pugmil
TO,Tocantins,Pugmil,S Bela Vista
TO,Tocantins,Pugmil,s Central
TO,Tocantins,Pugmil,s Oeste
TO,Tocantins,Rancharia
TO,Tocantins,Recursolândia
TO,Tocantins,Recursolândia,s Central
TO,Tocantins,Retiro
TO,Tocantins,Retiro,S Central
TO,Tocantins,Riachinho
TO,Tocantins,Riachinho,s Central
TO,Tocantins,Riachinho,Zona Rural
TO,Tocantins,Rio da Conceição
TO,Tocantins,Rio da Conceição,Centro
TO,Tocantins,Rio dos Bois
TO,Tocantins,Rio dos Bois,s Central
TO,Tocantins,Rio dos Bois,Zona Rural
TO,Tocantins,Rio Sono
TO,Tocantins,Rio Sono,s Central
TO,Tocantins,Rio Sono,S Novo Horizonte
TO,Tocantins,Rio Sono,s Pioneiro
TO,Tocantins,Rio Sono,S São João
TO,Tocantins,Ronca
TO,Tocantins,Sampaio
TO,Tocantins,Sampaio,s Central
TO,Tocantins,Sampaio,Vila Ulisses Guimaraes
TO,Tocantins,Sandolândia
TO,Tocantins,Sandolândia,s Central
TO,Tocantins,Sandolândia,Zona Rural
TO,Tocantins,Santa Fé do Araguaia
TO,Tocantins,Santa Fé do Araguaia,s Central
TO,Tocantins,Santa Fé do Araguaia,s Novo Planalto
TO,Tocantins,Santa Fé do Araguaia,Zona Rural
TO,Tocantins,Santa Helena (Tucum)
TO,Tocantins,Santa Luzia - Sítio Novo do Tocantins
TO,Tocantins,Santa Maria do Tocantins
TO,Tocantins,Santa Maria do Tocantins,s Central
TO,Tocantins,Santa Maria do Tocantins,Zona Rural
TO,Tocantins,Santa Rita do Tocantins
TO,Tocantins,Santa Rita do Tocantins,S Central
TO,Tocantins,Santa Rosa
TO,Tocantins,Santa Rosa,Zona Rural
TO,Tocantins,Santa Rosa do Tocantins
TO,Tocantins,Santa Rosa do Tocantins,s Central
TO,Tocantins,Santa Rosa do Tocantins,São Jerônimo
TO,Tocantins,Santa Rosa do Tocantins,Zona Rural
TO,Tocantins,Santa Tereza do Tocantins
TO,Tocantins,Santa Tereza do Tocantins,s Central
TO,Tocantins,Santa Terezinha do Tocantins
TO,Tocantins,Santa Terezinha do Tocantins,s Central
TO,Tocantins,Santo Amaro
TO,Tocantins,São Bento do Tocantins
TO,Tocantins,São Bento do Tocantins,s Central
TO,Tocantins,São Bento do Tocantins,Vila Popular
TO,Tocantins,São Bento do Tocantins,Zona Rural
TO,Tocantins,São Félix
TO,Tocantins,São Félix do Tocantins
TO,Tocantins,São Félix do Tocantins,S Central
TO,Tocantins,São Francisco - Esperantina
TO,Tocantins,São Francisco - São Bento do Tocantins
TO,Tocantins,São Miguel do Tocantins
TO,Tocantins,São Miguel do Tocantins,PRQ NOVO HORIZONTE
TO,Tocantins,São Miguel do Tocantins,s Central
TO,Tocantins,São Pedro do Sucavao
TO,Tocantins,São Salvador do Tocantins
TO,Tocantins,São Salvador do Tocantins,s Central
TO,Tocantins,São Sebastião do Tocantins
TO,Tocantins,São Sebastião do Tocantins,Ary Filho
TO,Tocantins,São Sebastião do Tocantins,Beira Rio
TO,Tocantins,São Sebastião do Tocantins,Cj Ary Fº
TO,Tocantins,São Sebastião do Tocantins,Moises Avelino
TO,Tocantins,São Sebastião do Tocantins,s Central
TO,Tocantins,São Valério da Natividade
TO,Tocantins,São Valério da Natividade,s Aeroporto
TO,Tocantins,São Valério da Natividade,s Central
TO,Tocantins,São Valério da Natividade,s Leste
TO,Tocantins,Serranópolis - São Valério da Natividade
TO,Tocantins,Silvanópolis
TO,Tocantins,Silvanópolis,Parque Buritis
TO,Tocantins,Silvanópolis,s Aeroporto
TO,Tocantins,Silvanópolis,s Central
TO,Tocantins,Silvanópolis,s Oeste
TO,Tocantins,Silvanópolis,s Sul
TO,Tocantins,Silvanópolis,Zona Rural
TO,Tocantins,Sítio Novo do Tocantins
TO,Tocantins,Sítio Novo do Tocantins,Pres Jk
TO,Tocantins,Sítio Novo do Tocantins,s Central
TO,Tocantins,Sítio Novo do Tocantins,s Rodoviario
TO,Tocantins,Sítio Novo do Tocantins,Vila Araujo
TO,Tocantins,Sítio Novo do Tocantins,Vila Avelino
TO,Tocantins,Sítio Novo do Tocantins,VL JOSE HENRIQUE
TO,Tocantins,Sucupira
TO,Tocantins,Sucupira,s Central
TO,Tocantins,Sucupira,Zona Rural
TO,Tocantins,Sumauma
TO,Tocantins,Sumauma,S Central
TO,Tocantins,Taguatinga
TO,Tocantins,Taguatinga,Braganca
TO,Tocantins,Taguatinga,Centro
TO,Tocantins,Taguatinga,Setor Bom Jesus
TO,Tocantins,Taguatinga,Setor Central
TO,Tocantins,Taguatinga,Setor Industria
TO,Tocantins,Taguatinga,Setor Industrial
TO,Tocantins,Taguatinga,Setor Leste
TO,Tocantins,Taguatinga,Setor Norte
TO,Tocantins,Taguatinga,St Norte A
TO,Tocantins,Taguatinga,St Norte B
TO,Tocantins,Taguatinga,Vila Santa Maria
TO,Tocantins,Taipas do Tocantins
TO,Tocantins,Taipas do Tocantins,s Central
TO,Tocantins,Talismã
TO,Tocantins,Talismã,Cidade Nova
TO,Tocantins,Talismã,s Central
TO,Tocantins,Talismã,s Industrial
TO,Tocantins,Talismã,Urbano n Talisma
TO,Tocantins,Talismã,Zona Rural
TO,Tocantins,Tamboril
TO,Tocantins,Taquari
TO,Tocantins,Taquarussu do Porto
TO,Tocantins,Taquarussu do Porto,s Central
TO,Tocantins,Taquarussu do Porto,Zona Rural
TO,Tocantins,Tocantínia
TO,Tocantins,Tocantínia,s Aeroporto
TO,Tocantins,Tocantínia,s Central
TO,Tocantins,Tocantínia,Vila Jaco
TO,Tocantins,Tocantínia,Vila Planalto
TO,Tocantins,Tocantinópolis
TO,Tocantins,Tocantinópolis,Alto Da Boa Vista
TO,Tocantins,Tocantinópolis,Cidade Velha
TO,Tocantins,Tocantinópolis,s Aeroporto
TO,Tocantins,Tocantinópolis,s Alto Bonito
TO,Tocantins,Tocantinópolis,s Antonio Pereira
TO,Tocantins,Tocantinópolis,s Beira Rio
TO,Tocantins,Tocantinópolis,s Central
TO,Tocantins,Tocantinópolis,s Ceu Azul
TO,Tocantins,Tocantinópolis,s Dergo
TO,Tocantins,Tocantinópolis,S Dom Orione
TO,Tocantins,Tocantinópolis,s Ribeiraozinho
TO,Tocantins,Tocantinópolis,s Rodagem
TO,Tocantins,Tocantinópolis,s Rodoviario
TO,Tocantins,Tocantinópolis,Vila Matilde
TO,Tocantins,Tocantinópolis,Vila Padre Cesar
TO,Tocantins,Tocantinópolis,Vila Saboya
TO,Tocantins,Tocantinópolis,Vila Valdenor
TO,Tocantins,Tocantinópolis,Vl Tobasa
TO,Tocantins,Tocantinópolis,Zona Rural
TO,Tocantins,Tupirama
TO,Tocantins,Tupirama,s Central
TO,Tocantins,Tupiratins
TO,Tocantins,Tupiratins,s Central
TO,Tocantins,Vila Quixaba
TO,Tocantins,Vila Quixaba,s Central
TO,Tocantins,Vila São Miguel
TO,Tocantins,Vila Tocantins
TO,Tocantins,Vila Tocantins,s Central
TO,Tocantins,Vila Tocantins,Vila Osvaldo Reis
TO,Tocantins,Vila União - Buriti do Tocantins
TO,Tocantins,Vinte Mil
TO,Tocantins,Vinte Mil,S Central
TO,Tocantins,Wanderlândia
TO,Tocantins,Wanderlândia,s Central
TO,Tocantins,Wanderlândia,s Sul
TO,Tocantins,Wanderlândia,Vila Matias
TO,Tocantins,Wanderlândia,Zona Rural
TO,Tocantins,Xambioá
TO,Tocantins,Xambioá,Beira Rio
TO,Tocantins,Xambioá,Novo
TO,Tocantins,Xambioá,s Aeroporto
TO,Tocantins,Xambioá,s Alto Bonito
TO,Tocantins,Xambioá,s Baixa Fria
TO,Tocantins,Xambioá,s Central
TO,Tocantins,Xambioá,s Leste
TO,Tocantins,Xambioá,s Sao Jose
TO,Tocantins,Xambioá,S SAO MIGUEL ARTENE
TO,Tocantins,Xambioá,s Sertaozinho
TO,Tocantins,Xambioá,s Trecho Seco
TO,Tocantins,Xambioá,Vila Otacilio Cardoso
TO,Tocantins,Xambioá,Zona Rural
