AL,Alagoas
AL,Alagoas,Maceió
AL,Alagoas,Maceió,Antares
AL,Alagoas,Maceió,Arnon Melo
AL,Alagoas,Maceió,Babedouro
AL,Alagoas,Maceió,Barro Duro
AL,Alagoas,Maceió,BarroDuro
AL,Alagoas,Maceió,Bela Vista
AL,Alagoas,Maceió,Benedito Bentes
AL,Alagoas,Maceió,Benedito Bentes ii
AL,Alagoas,Maceió,Bom Parto
AL,Alagoas,Maceió,Cambona
AL,Alagoas,Maceió,Campo Grande
AL,Alagoas,Maceió,Canaã
AL,Alagoas,Maceió,Centro
AL,Alagoas,Maceió,Chá de Bebedouro
AL,Alagoas,Maceió,Chã de Jaqueira
AL,Alagoas,Maceió,Cidade Universitária
AL,Alagoas,Maceió,Clima Bom
AL,Alagoas,Maceió,Clima Bom i
AL,Alagoas,Maceió,Clima Bom ii
AL,Alagoas,Maceió,Cohab
AL,Alagoas,Maceió,Conjunto Planalto Lagoa II
AL,Alagoas,Maceió,Cruz das Almas
AL,Alagoas,Maceió,Farol
AL,Alagoas,Maceió,Feitosa
AL,Alagoas,Maceió,Fernão Velho
AL,Alagoas,Maceió,Floriano Peixoto
AL,Alagoas,Maceió,Garça Torta
AL,Alagoas,Maceió,Gruta de Lourdes
AL,Alagoas,Maceió,Guaxuma
AL,Alagoas,Maceió,Honório Gurgel
AL,Alagoas,Maceió,Ilha de Paquetá
AL,Alagoas,Maceió,Ipipoca
AL,Alagoas,Maceió,Jacarecica
AL,Alagoas,Maceió,Jacarecitinho
AL,Alagoas,Maceió,Jaragua
AL,Alagoas,Maceió,Jardim Petrópolis
AL,Alagoas,Maceió,Jatiúca
AL,Alagoas,Maceió,Levada
AL,Alagoas,Maceió,Mangabeiras
AL,Alagoas,Maceió,Mata do Rolo
AL,Alagoas,Maceió,Mutange
AL,Alagoas,Maceió,Novo Mundo
AL,Alagoas,Maceió,Ouro Preto
AL,Alagoas,Maceió,Pajucara
AL,Alagoas,Maceió,Pescaria
AL,Alagoas,Maceió,Petropolils
AL,Alagoas,Maceió,Pinheiro
AL,Alagoas,Maceió,Pinheiros
AL,Alagoas,Maceió,Pitanguinha
AL,Alagoas,Maceió,Planalto
AL,Alagoas,Maceió,Poço
AL,Alagoas,Maceió,Ponta da Terra
AL,Alagoas,Maceió,Ponta Grossa
AL,Alagoas,Maceió,Ponta Verde
AL,Alagoas,Maceió,Pontal da Barra
AL,Alagoas,Maceió,Porenquanto
AL,Alagoas,Maceió,Prado
AL,Alagoas,Maceió,Praia do Francês
AL,Alagoas,Maceió,Riacho Doce
AL,Alagoas,Maceió,Rio Novo
AL,Alagoas,Maceió,Santa Amélia
AL,Alagoas,Maceió,Santa Lúcia
AL,Alagoas,Maceió,Santo Amaro
AL,Alagoas,Maceió,Santos Dumont
AL,Alagoas,Maceió,São Jorge
AL,Alagoas,Maceió,Saúde
AL,Alagoas,Maceió,Sem Bairro
AL,Alagoas,Maceió,Serraria
AL,Alagoas,Maceió,Sítio São Jorge
AL,Alagoas,Maceió,Tabuleiro
AL,Alagoas,Maceió,Tabuleiro dos Martins
AL,Alagoas,Maceió,Tabuleiro Novo
AL,Alagoas,Maceió,Tabuleiro Pinto
AL,Alagoas,Maceió,Tanque
AL,Alagoas,Maceió,Trapiche da Barra
AL,Alagoas,Maceió,Tubuleiro
AL,Alagoas,Maceió,Vergel
AL,Alagoas,Maceió,Vergel do Lago
AL,Alagoas,Maceió,Vilage Campestre
AL,Alagoas,Maceió,Vilage Campestre ii
AL,Alagoas,Agreste
AL,Alagoas,Água Branca
AL,Alagoas,Água Branca,Centro
AL,Alagoas,Água Branca,Estreito
AL,Alagoas,Água de Menino
AL,Alagoas,Água de Menino,Centro
AL,Alagoas,Alagoinhas
AL,Alagoas,Alagoinhas,Centro
AL,Alagoas,Alazão
AL,Alagoas,Aldeia Kariri Xocó
AL,Alagoas,Aldeia Kariri Xocó,Centro
AL,Alagoas,Alto do Tamanduá
AL,Alagoas,Alto dos Coelhos
AL,Alagoas,Alto dos Coelhos,Centro
AL,Alagoas,Anadia
AL,Alagoas,Anadia,Centro
AL,Alagoas,Anadia,Riacho Doce
AL,Alagoas,Anel
AL,Alagoas,Anel,Centro
AL,Alagoas,Antonica
AL,Alagoas,Antonica,Centro
AL,Alagoas,Aparecida
AL,Alagoas,Aparecida,Centro
AL,Alagoas,Arapiraca
AL,Alagoas,Arapiraca,Alto Cruzeiro
AL,Alagoas,Arapiraca,Arnon Melo
AL,Alagoas,Arapiraca,Baixa Grande
AL,Alagoas,Arapiraca,Baixao
AL,Alagoas,Arapiraca,Batingas
AL,Alagoas,Arapiraca,Benedito Bentes
AL,Alagoas,Arapiraca,Boa Vista
AL,Alagoas,Arapiraca,Brasilia
AL,Alagoas,Arapiraca,Brasiliana
AL,Alagoas,Arapiraca,Cacimbas
AL,Alagoas,Arapiraca,Caititus
AL,Alagoas,Arapiraca,Campo Verde
AL,Alagoas,Arapiraca,Camuxinga
AL,Alagoas,Arapiraca,Canaa
AL,Alagoas,Arapiraca,Canafistula
AL,Alagoas,Arapiraca,Capiata
AL,Alagoas,Arapiraca,Cavaco
AL,Alagoas,Arapiraca,Centro
AL,Alagoas,Arapiraca,Conjunto Ipase
AL,Alagoas,Arapiraca,Eldorado
AL,Alagoas,Arapiraca,Gruta de Lourdes
AL,Alagoas,Arapiraca,Guaribas
AL,Alagoas,Arapiraca,Itapoa
AL,Alagoas,Arapiraca,Jacintinho
AL,Alagoas,Arapiraca,Jardim Esperanca
AL,Alagoas,Arapiraca,Jardim Tropical
AL,Alagoas,Arapiraca,Jatobá
AL,Alagoas,Arapiraca,Mangabeiras
AL,Alagoas,Arapiraca,Manoel Teles
AL,Alagoas,Arapiraca,Nova Esperanca
AL,Alagoas,Arapiraca,Novo Horizonte
AL,Alagoas,Arapiraca,Olho D'agua Cazuzinho
AL,Alagoas,Arapiraca,Ouro Preto
AL,Alagoas,Arapiraca,Planalto
AL,Alagoas,Arapiraca,Primavera
AL,Alagoas,Arapiraca,Rosa Cruz
AL,Alagoas,Arapiraca,Santa Edwiges
AL,Alagoas,Arapiraca,Santa Esmeralda
AL,Alagoas,Arapiraca,Sao Luiz
AL,Alagoas,Arapiraca,São Luiz II
AL,Alagoas,Arapiraca,Sem Bairro
AL,Alagoas,Arapiraca,Sen Arnon Melo
AL,Alagoas,Arapiraca,Sen Nilo Coelho
AL,Alagoas,Arapiraca,Sen Teotonio Vilela
AL,Alagoas,Arapiraca,Senador Nilo Coelho
AL,Alagoas,Arapiraca,Tabuleiro dos Martins
AL,Alagoas,Arapiraca,Teotonio Vilela
AL,Alagoas,Arapiraca,Vale Aguas
AL,Alagoas,Arapiraca,Verdes Campo
AL,Alagoas,Arapiraca,Verdes Campos
AL,Alagoas,Arapiraca,Zelia Barbosa Rocha
AL,Alagoas,Arapiraca,Zona Rural
AL,Alagoas,Areias Branca
AL,Alagoas,Areias Branca,Centro
AL,Alagoas,Atalaia
AL,Alagoas,Atalaia,Centro
AL,Alagoas,Atalaia,Farol
AL,Alagoas,Atalaia,Jose Paulino
AL,Alagoas,Atalaia,Nova Olinda
AL,Alagoas,Atalaia,Zona Rural
AL,Alagoas,Baixa da Onça
AL,Alagoas,Baixa da Onça,Centro
AL,Alagoas,Bananal
AL,Alagoas,Bananal,Centro
AL,Alagoas,Bananeiras
AL,Alagoas,Bananeiras,Centro
AL,Alagoas,Barra de Camaragibe
AL,Alagoas,Barra de Camaragibe,Centro
AL,Alagoas,Barra de Itiúba
AL,Alagoas,Barra de Itiúba,Centro
AL,Alagoas,Barra de Santo Antônio
AL,Alagoas,Barra de Santo Antônio,Alto Boa Vista
AL,Alagoas,Barra de Santo Antônio,Centro
AL,Alagoas,Barra de Santo Antônio,Ilha Croa
AL,Alagoas,Barra de São Miguel
AL,Alagoas,Barra de São Miguel,Alto Sao Marcos
AL,Alagoas,Barra de São Miguel,Barra Mar
AL,Alagoas,Barra de São Miguel,Canaã
AL,Alagoas,Barra de São Miguel,Centro
AL,Alagoas,Barra de São Miguel,Zona Rural
AL,Alagoas,Barra do Ipanema
AL,Alagoas,Barra Grande
AL,Alagoas,Barra Grande,Centro
AL,Alagoas,Barra Nova
AL,Alagoas,Barra Nova,Centro
AL,Alagoas,Barra Nova,Ilha Santa Rita
AL,Alagoas,Barragem Leste
AL,Alagoas,Barragem Leste,Centro
AL,Alagoas,Barreiras - Coruripe
AL,Alagoas,Barreiras - Coruripe,Centro
AL,Alagoas,Barreiras - Piaçabuçu
AL,Alagoas,Barreiras do Boqueirão
AL,Alagoas,Barreiras do Boqueirão,Centro
AL,Alagoas,Barro Vermelho - Belém
AL,Alagoas,Batalha
AL,Alagoas,Batalha,Centro
AL,Alagoas,Batalha,Clima Bom
AL,Alagoas,Batalha,Cohab
AL,Alagoas,Batalha,Novo Horizonte
AL,Alagoas,Batalha,Zona Rural
AL,Alagoas,Belém
AL,Alagoas,Belém,Centro
AL,Alagoas,Belisca Pau
AL,Alagoas,Belisca Pau,Centro
AL,Alagoas,Belo Horizonte
AL,Alagoas,Belo Horizonte,Centro
AL,Alagoas,Belo Monte
AL,Alagoas,Belo Monte,Centro
AL,Alagoas,Bernardo Lopes
AL,Alagoas,Bernardo Lopes,Centro
AL,Alagoas,Bitinguí
AL,Alagoas,Bitinguí,Centro
AL,Alagoas,Bittencourt
AL,Alagoas,Bittencourt,Centro
AL,Alagoas,Boa Fé
AL,Alagoas,Boa Fé,Centro
AL,Alagoas,Boca da Mata
AL,Alagoas,Boca da Mata,Centro
AL,Alagoas,Boca da Mata,Mutirão
AL,Alagoas,Boca da Mata,Usina Triunfo
AL,Alagoas,Boca da Mata,Zona Rural
AL,Alagoas,Boca da Mata - Atalaia
AL,Alagoas,Bom Despacho
AL,Alagoas,Bom Despacho,Centro
AL,Alagoas,Bom Jardim - Arapiraca
AL,Alagoas,Bom Jardim - Arapiraca,Centro
AL,Alagoas,Bom Jardim - Traipu
AL,Alagoas,Bonsucesso
AL,Alagoas,Bonsucesso,Centro
AL,Alagoas,Boqueirão
AL,Alagoas,Boqueirão,Centro
AL,Alagoas,Boqueirão do Marabá
AL,Alagoas,Botafogo
AL,Alagoas,Botafogo,Centro
AL,Alagoas,Branca de Atalaia
AL,Alagoas,Branca de Atalaia,Centro
AL,Alagoas,Branquinha
AL,Alagoas,Branquinha,Centro
AL,Alagoas,Brejo Novo
AL,Alagoas,Brejo Novo,Centro
AL,Alagoas,Caboclo
AL,Alagoas,Caboclo,Centro
AL,Alagoas,Cacimbinhas
AL,Alagoas,Cacimbinhas,Centro
AL,Alagoas,Cacimbinhas,Zona Rural
AL,Alagoas,Caititu
AL,Alagoas,Cajueiro
AL,Alagoas,Cajueiro,Centro
AL,Alagoas,Caldeirão
AL,Alagoas,Caldeirão,Centro
AL,Alagoas,Camaçari
AL,Alagoas,Camaçari,Centro
AL,Alagoas,Camandata
AL,Alagoas,Camandata,Centro
AL,Alagoas,Campestre
AL,Alagoas,Campestre,Centro
AL,Alagoas,Campinhos
AL,Alagoas,Campinhos,Centro
AL,Alagoas,Campo Alegre 
AL,Alagoas,Campo Alegre ,Centro
AL,Alagoas,Campo Alegre ,Zona Rural
AL,Alagoas,Campo Alegre - Pão de Açúcar
AL,Alagoas,Campo Alegre - Pão de Açúcar,Centro
AL,Alagoas,Campo Grande
AL,Alagoas,Campo Grande,Centro
AL,Alagoas,Campo Redondo
AL,Alagoas,Campo Redondo,Centro
AL,Alagoas,Cana Brava
AL,Alagoas,Cana Brava,Centro
AL,Alagoas,Canaã
AL,Alagoas,Canaã,Centro
AL,Alagoas,Canafístula - Palmeira dos Índios
AL,Alagoas,Canafístula - Palmeira dos Índios,Centro
AL,Alagoas,Canafístula - Taquarana
AL,Alagoas,Canafístula - Taquarana,Centro
AL,Alagoas,Canafístula do Cipriano - Girau do Ponciano
AL,Alagoas,Canafístula do Cipriano - Girau do Ponciano,Centro
AL,Alagoas,Canapí
AL,Alagoas,Canapí,Centro
AL,Alagoas,Canastra
AL,Alagoas,Canastra,Centro
AL,Alagoas,Candunda
AL,Alagoas,Candunda,Centro
AL,Alagoas,Canoa de Baixo
AL,Alagoas,Canoa de Baixo,Centro
AL,Alagoas,Canoas - Rio Largo
AL,Alagoas,Canoas - Rio Largo,Centro
AL,Alagoas,Capela
AL,Alagoas,Capela,Centro
AL,Alagoas,Capela,Vergel Lago
AL,Alagoas,Capela,Zona Rural
AL,Alagoas,Capelinha
AL,Alagoas,Capelinha,Centro
AL,Alagoas,Capia
AL,Alagoas,Capim
AL,Alagoas,Capim Grosso
AL,Alagoas,Capim Grosso,Centro
AL,Alagoas,Capivara
AL,Alagoas,Capivara,Centro
AL,Alagoas,Caraibeiras dos Teodósios
AL,Alagoas,Caraibeiras dos Teodósios,Centro
AL,Alagoas,Caraibinhas
AL,Alagoas,Carie
AL,Alagoas,Carie,Centro
AL,Alagoas,Carnaibas
AL,Alagoas,Carnaibas,Centro
AL,Alagoas,Carneiros
AL,Alagoas,Carneiros,Centro
AL,Alagoas,Chã da Embira
AL,Alagoas,Chã da Embira,Centro
AL,Alagoas,Chã do Brejinho
AL,Alagoas,Chã do Brejinho,Centro
AL,Alagoas,Chã Preta
AL,Alagoas,Chã Preta,Centro
AL,Alagoas,Chã Preta,Poço
AL,Alagoas,Chã Preta,Zona Rural
AL,Alagoas,Coité das Pinhas
AL,Alagoas,Coité das Pinhas,Centro
AL,Alagoas,Coité do Nóia
AL,Alagoas,Coité do Nóia,Centro
AL,Alagoas,Coité do Nóia,Santo Antonio
AL,Alagoas,Colônia de Leopoldina
AL,Alagoas,Colônia de Leopoldina,Centro
AL,Alagoas,Colônia Pindorama
AL,Alagoas,Colônia Pindorama,Centro
AL,Alagoas,Cooperativa Colonização Agropecuária de Penedo
AL,Alagoas,Cooperativa Colonização Agropecuária de Penedo,Centro
AL,Alagoas,Coqueiro Seco
AL,Alagoas,Coqueiro Seco,Centro
AL,Alagoas,Coqueiro Seco,Zona Rural
AL,Alagoas,Coruripe
AL,Alagoas,Coruripe,Alto Cruzeiro
AL,Alagoas,Coruripe,Barro Preto I
AL,Alagoas,Coruripe,Centro
AL,Alagoas,Coruripe,Farol
AL,Alagoas,Coruripe,Joao Carvalho
AL,Alagoas,Coruripe,Mangabeiras
AL,Alagoas,Coruripe,Pindorama
AL,Alagoas,Coruripe,Pontal De Coruripe
AL,Alagoas,Coruripe,Pov Barreiras
AL,Alagoas,Coruripe,Pov Poxim
AL,Alagoas,Coruripe,Tercio Vasconcelos
AL,Alagoas,Coruripe,Vassoura
AL,Alagoas,Coruripe,Zona Rural
AL,Alagoas,Coruripe da Cal
AL,Alagoas,Coruripe da Cal,Centro
AL,Alagoas,Craíbas
AL,Alagoas,Craíbas,Centro
AL,Alagoas,Craíbas,Primavera
AL,Alagoas,Craíbas Dantas
AL,Alagoas,Craíbas Dantas,Centro
AL,Alagoas,Craíbas dos Ferros
AL,Alagoas,Craíbas dos Ferros,Centro
AL,Alagoas,Craibeirinha
AL,Alagoas,Craibeirinha,Centro
AL,Alagoas,Curralinho
AL,Alagoas,Curralinho,Centro
AL,Alagoas,Curtume
AL,Alagoas,Delmiro Gouveia
AL,Alagoas,Delmiro Gouveia,Bom Sossego
AL,Alagoas,Delmiro Gouveia,Campo Grande
AL,Alagoas,Delmiro Gouveia,Centro
AL,Alagoas,Delmiro Gouveia,Cohab Nova
AL,Alagoas,Delmiro Gouveia,Cohab Velha
AL,Alagoas,Delmiro Gouveia,Desvio
AL,Alagoas,Delmiro Gouveia,Eldorado
AL,Alagoas,Delmiro Gouveia,Novo
AL,Alagoas,Delmiro Gouveia,Palmeirao
AL,Alagoas,Delmiro Gouveia,Pedra Velha
AL,Alagoas,Delmiro Gouveia,Poço
AL,Alagoas,Delmiro Gouveia,Sem Bairro
AL,Alagoas,Delmiro Gouveia,Zona Rural
AL,Alagoas,Dois Riachos
AL,Alagoas,Dois Riachos,Centro
AL,Alagoas,Dourado
AL,Alagoas,Dourado,Centro
AL,Alagoas,Entremontes
AL,Alagoas,Entremontes,Centro
AL,Alagoas,Estiva
AL,Alagoas,Estiva,Centro
AL,Alagoas,Estiva,Poeira
AL,Alagoas,Estrela de Alagoas
AL,Alagoas,Estrela de Alagoas,Centro
AL,Alagoas,Fazenda Nova - Olivença
AL,Alagoas,Fazenda Nova - Olivença,Centro
AL,Alagoas,Fazenda Primavera
AL,Alagoas,Fazenda Primavera,Centro
AL,Alagoas,Feira Grande
AL,Alagoas,Feira Grande,Centro
AL,Alagoas,Feira Grande,Massape
AL,Alagoas,Feira Grande,Zona Rural
AL,Alagoas,Feliz Deserto
AL,Alagoas,Feliz Deserto,Centro
AL,Alagoas,Fernandes
AL,Alagoas,Fernandes,Centro
AL,Alagoas,Flexeiras 
AL,Alagoas,Flexeiras ,Barro Duro
AL,Alagoas,Flexeiras ,Centro
AL,Alagoas,Flexeiras - Igreja Nova
AL,Alagoas,Flexeiras - Igreja Nova,Centro
AL,Alagoas,Folha Miúda - Craibas
AL,Alagoas,Folha Miúda - Craibas,Centro
AL,Alagoas,Forquilha
AL,Alagoas,França
AL,Alagoas,Gado Bravo de Baixo
AL,Alagoas,Gado Bravo de Baixo,Centro
AL,Alagoas,Gangorra
AL,Alagoas,Genipapeiro
AL,Alagoas,Genipapeiro,Centro
AL,Alagoas,Genipapo - Limoeiro de Anadia
AL,Alagoas,Genipapo - Limoeiro de Anadia,Centro
AL,Alagoas,Girau de Itiúba - Porto Real do Colégio
AL,Alagoas,Girau de Itiúba - Porto Real do Colégio,Centro
AL,Alagoas,Girau do Ponciano
AL,Alagoas,Girau do Ponciano,Alto Cruzeiro
AL,Alagoas,Girau do Ponciano,Centro
AL,Alagoas,Girau do Ponciano,Farol
AL,Alagoas,Girau do Ponciano,Imaculada Conceicao
AL,Alagoas,Girau do Ponciano,Progresso
AL,Alagoas,Guandú - Poço das Trincheiras
AL,Alagoas,Guandú - Poço das Trincheiras,Centro
AL,Alagoas,Gulandim
AL,Alagoas,Gulandim,Centro
AL,Alagoas,Ibateguara
AL,Alagoas,Ibateguara,Centro
AL,Alagoas,Ibateguara,Gruta de Lourdes
AL,Alagoas,Igací
AL,Alagoas,Igací,Centro
AL,Alagoas,Igací,Zona Rural
AL,Alagoas,Igreja Nova
AL,Alagoas,Igreja Nova,Centro
AL,Alagoas,Ilha do Ferro
AL,Alagoas,Ilha do Ferro,Centro
AL,Alagoas,Impueiras
AL,Alagoas,Impueiras,Centro
AL,Alagoas,Inhapí
AL,Alagoas,Inhapí,Centro
AL,Alagoas,Ipiranga
AL,Alagoas,Ipiranga,Centro
AL,Alagoas,Itaporanga
AL,Alagoas,Itaporanga,Centro
AL,Alagoas,Jacaré dos Homens
AL,Alagoas,Jacaré dos Homens,Centro
AL,Alagoas,Jacinto
AL,Alagoas,Jacinto,Centro
AL,Alagoas,Jacuípe
AL,Alagoas,Jacuípe,Centro
AL,Alagoas,Jacuípe,Santa Lúcia
AL,Alagoas,Japaratinga
AL,Alagoas,Japaratinga,Centro
AL,Alagoas,Japaratinga,Japaratinga
AL,Alagoas,Japaratinga,Litoral
AL,Alagoas,Japaratinga,Zona Rural
AL,Alagoas,Jaramataia
AL,Alagoas,Jaramataia,Centro
AL,Alagoas,Jardim Cordeiro
AL,Alagoas,Jardim Cordeiro,Centro
AL,Alagoas,Jequiá da Praia
AL,Alagoas,Jequiá da Praia,Centro
AL,Alagoas,Jequiá da Praia,Farol
AL,Alagoas,Jiquirí
AL,Alagoas,Jiquirí,Centro
AL,Alagoas,Joaquim Gomes
AL,Alagoas,Joaquim Gomes,Centro
AL,Alagoas,Joaquim Gomes,Farol
AL,Alagoas,Joaquim Gomes,Treze de Maio
AL,Alagoas,Jundiá
AL,Alagoas,Jundiá,Centro
AL,Alagoas,Junqueiro
AL,Alagoas,Junqueiro,Alto Cruzeiro
AL,Alagoas,Junqueiro,Centro
AL,Alagoas,Junqueiro,Joao j Pereira
AL,Alagoas,Lages - Porto de Pedras
AL,Alagoas,Lages - Porto de Pedras,Centro
AL,Alagoas,Lagoa Azeda - São Miguel dos Campos
AL,Alagoas,Lagoa Azeda - São Miguel dos Campos,Centro
AL,Alagoas,Lagoa Comprida
AL,Alagoas,Lagoa Comprida,Centro
AL,Alagoas,Lagoa da Canoa
AL,Alagoas,Lagoa da Canoa,Centro
AL,Alagoas,Lagoa da Pedra
AL,Alagoas,Lagoa da Pedra,Centro
AL,Alagoas,Lagoa do Caldeirão
AL,Alagoas,Lagoa do Caldeirão,Centro
AL,Alagoas,Lagoa do Caldeirão
AL,Alagoas,Lagoa do Canto
AL,Alagoas,Lagoa do Canto,Centro
AL,Alagoas,Lagoa do Félix
AL,Alagoas,Lagoa do Félix,Centro
AL,Alagoas,Lagoa do Mato
AL,Alagoas,Lagoa do Mato,Centro
AL,Alagoas,Lagoa do Pau
AL,Alagoas,Lagoa do Pau,Centro
AL,Alagoas,Lagoa do Rancho - Arapiraca
AL,Alagoas,Lagoa do Rancho - Arapiraca,Centro
AL,Alagoas,Lagoa do Rancho - Arapiraca,Zr Vila São José
AL,Alagoas,Lagoa Grande - Taquarana
AL,Alagoas,Lagoa Grande - Taquarana,Centro
AL,Alagoas,Lagoa Seca
AL,Alagoas,Lagoa Seca,Centro
AL,Alagoas,Lagoinha - Delmiro Gouveia
AL,Alagoas,Lagoinha - Delmiro Gouveia,Centro
AL,Alagoas,Lagoinha - Jequiá da Praia
AL,Alagoas,Lagoinha - Jequiá da Praia,Centro
AL,Alagoas,Limoeiro
AL,Alagoas,Limoeiro de Anadia
AL,Alagoas,Limoeiro de Anadia,Centro
AL,Alagoas,Limoeiro de Anadia,Zona Rural
AL,Alagoas,Loango
AL,Alagoas,Loango,Centro
AL,Alagoas,Maceió
AL,Alagoas,Maceió,Antares
AL,Alagoas,Maceió,Arnon Melo
AL,Alagoas,Maceió,Babedouro
AL,Alagoas,Maceió,Barro Duro
AL,Alagoas,Maceió,BarroDuro
AL,Alagoas,Maceió,Bela Vista
AL,Alagoas,Maceió,Benedito Bentes
AL,Alagoas,Maceió,Benedito Bentes ii
AL,Alagoas,Maceió,Bom Parto
AL,Alagoas,Maceió,Cambona
AL,Alagoas,Maceió,Campo Grande
AL,Alagoas,Maceió,Canaã
AL,Alagoas,Maceió,Centro
AL,Alagoas,Maceió,Chá de Bebedouro
AL,Alagoas,Maceió,Chã de Jaqueira
AL,Alagoas,Maceió,Cidade Universitária
AL,Alagoas,Maceió,Clima Bom
AL,Alagoas,Maceió,Clima Bom i
AL,Alagoas,Maceió,Clima Bom ii
AL,Alagoas,Maceió,Cohab
AL,Alagoas,Maceió,Conjunto Planalto Lagoa II
AL,Alagoas,Maceió,Cruz das Almas
AL,Alagoas,Maceió,Farol
AL,Alagoas,Maceió,Feitosa
AL,Alagoas,Maceió,Fernão Velho
AL,Alagoas,Maceió,Floriano Peixoto
AL,Alagoas,Maceió,Garça Torta
AL,Alagoas,Maceió,Gruta de Lourdes
AL,Alagoas,Maceió,Guaxuma
AL,Alagoas,Maceió,Honório Gurgel
AL,Alagoas,Maceió,Ilha de Paquetá
AL,Alagoas,Maceió,Ipipoca
AL,Alagoas,Maceió,Jacarecica
AL,Alagoas,Maceió,Jacarecitinho
AL,Alagoas,Maceió,Jaragua
AL,Alagoas,Maceió,Jardim Petrópolis
AL,Alagoas,Maceió,Jatiúca
AL,Alagoas,Maceió,Levada
AL,Alagoas,Maceió,Mangabeiras
AL,Alagoas,Maceió,Mata do Rolo
AL,Alagoas,Maceió,Mutange
AL,Alagoas,Maceió,Novo Mundo
AL,Alagoas,Maceió,Ouro Preto
AL,Alagoas,Maceió,Pajucara
AL,Alagoas,Maceió,Pescaria
AL,Alagoas,Maceió,Petropolils
AL,Alagoas,Maceió,Pinheiro
AL,Alagoas,Maceió,Pinheiros
AL,Alagoas,Maceió,Pitanguinha
AL,Alagoas,Maceió,Planalto
AL,Alagoas,Maceió,Poço
AL,Alagoas,Maceió,Ponta da Terra
AL,Alagoas,Maceió,Ponta Grossa
AL,Alagoas,Maceió,Ponta Verde
AL,Alagoas,Maceió,Pontal da Barra
AL,Alagoas,Maceió,Porenquanto
AL,Alagoas,Maceió,Prado
AL,Alagoas,Maceió,Praia do Francês
AL,Alagoas,Maceió,Riacho Doce
AL,Alagoas,Maceió,Rio Novo
AL,Alagoas,Maceió,Santa Amélia
AL,Alagoas,Maceió,Santa Lúcia
AL,Alagoas,Maceió,Santo Amaro
AL,Alagoas,Maceió,Santos Dumont
AL,Alagoas,Maceió,São Jorge
AL,Alagoas,Maceió,Saúde
AL,Alagoas,Maceió,Sem Bairro
AL,Alagoas,Maceió,Serraria
AL,Alagoas,Maceió,Sítio São Jorge
AL,Alagoas,Maceió,Tabuleiro
AL,Alagoas,Maceió,Tabuleiro dos Martins
AL,Alagoas,Maceió,Tabuleiro Novo
AL,Alagoas,Maceió,Tabuleiro Pinto
AL,Alagoas,Maceió,Tanque
AL,Alagoas,Maceió,Trapiche da Barra
AL,Alagoas,Maceió,Tubuleiro
AL,Alagoas,Maceió,Vergel
AL,Alagoas,Maceió,Vergel do Lago
AL,Alagoas,Maceió,Vilage Campestre
AL,Alagoas,Maceió,Vilage Campestre ii
AL,Alagoas,Machado
AL,Alagoas,Machado,Centro
AL,Alagoas,Major Isidoro
AL,Alagoas,Major Isidoro,Centro
AL,Alagoas,Major Isidoro,Cohab
AL,Alagoas,Major Isidoro,Fátima
AL,Alagoas,Mangazala
AL,Alagoas,Mangazala,Centro
AL,Alagoas,Mão de Engenho
AL,Alagoas,Mar Vermelho
AL,Alagoas,Mar Vermelho,Centro
AL,Alagoas,Marabá
AL,Alagoas,Marabá,Centro
AL,Alagoas,Maragogí
AL,Alagoas,Maragogí,Barra Grande
AL,Alagoas,Maragogí,Centro
AL,Alagoas,Maragogí,Ponta Mangue
AL,Alagoas,Maragogí,Sao Bento
AL,Alagoas,Maragogí,Sem Bairro
AL,Alagoas,Maravilha
AL,Alagoas,Maravilha,Centro
AL,Alagoas,Marcineiro
AL,Alagoas,Marcineiro,Centro
AL,Alagoas,Marechal Deodoro
AL,Alagoas,Marechal Deodoro,Barro Vermelho
AL,Alagoas,Marechal Deodoro,Carmo
AL,Alagoas,Marechal Deodoro,Centro
AL,Alagoas,Marechal Deodoro,Francês
AL,Alagoas,Marechal Deodoro,Ilha De Santa Rita
AL,Alagoas,Marechal Deodoro,Massagueira
AL,Alagoas,Marechal Deodoro,Massagueira De Baixo
AL,Alagoas,Marechal Deodoro,Pedras
AL,Alagoas,Marechal Deodoro,Poço
AL,Alagoas,Marechal Deodoro,Poeira
AL,Alagoas,Marechal Deodoro,Porto Grande
AL,Alagoas,Marechal Deodoro,Praia do Francês
AL,Alagoas,Marechal Deodoro,Praiado Frances
AL,Alagoas,Marechal Deodoro,Taperagua
AL,Alagoas,Marechal Deodoro,Tuquanduba
AL,Alagoas,Marechal Deodoro,Zona Rural
AL,Alagoas,Maribondo
AL,Alagoas,Maribondo,Centro
AL,Alagoas,Maribondo,Zona Rural
AL,Alagoas,Marituba do Peixe
AL,Alagoas,Marituba do Peixe,Centro
AL,Alagoas,Massagueira
AL,Alagoas,Massagueira,Centro
AL,Alagoas,Massapê
AL,Alagoas,Massapê,Centro
AL,Alagoas,Massaranduba
AL,Alagoas,Massaranduba,Centro
AL,Alagoas,Mata Grande
AL,Alagoas,Mata Grande,Centro
AL,Alagoas,Mata Limpa
AL,Alagoas,Mata Limpa,Centro
AL,Alagoas,Mata Verde
AL,Alagoas,Mata Verde,Centro
AL,Alagoas,Matriz de Camaragibe
AL,Alagoas,Matriz de Camaragibe,Centro
AL,Alagoas,Matriz de Camaragibe,Farol
AL,Alagoas,Matriz de Camaragibe,Rio Novo
AL,Alagoas,Messias
AL,Alagoas,Messias,Centro
AL,Alagoas,Miaí de Baixo
AL,Alagoas,Miaí de Baixo,Centro
AL,Alagoas,Miaí de Cima
AL,Alagoas,Miaí de Cima,Centro
AL,Alagoas,Minador do Lúcio
AL,Alagoas,Minador do Negrão
AL,Alagoas,Minador do Negrão,Centro
AL,Alagoas,Minador do Negrão,Zona Rural
AL,Alagoas,Monteirópolis
AL,Alagoas,Monteirópolis,Centro
AL,Alagoas,Monteirópolis,Poço
AL,Alagoas,Moxotó
AL,Alagoas,Moxotó,Centro
AL,Alagoas,Mucurí
AL,Alagoas,Mumbaca
AL,Alagoas,Mumbaca,Centro
AL,Alagoas,Munguba
AL,Alagoas,Munguba,Centro
AL,Alagoas,Murici
AL,Alagoas,Murici,Bom Parto
AL,Alagoas,Murici,Campo Grande
AL,Alagoas,Murici,Centro
AL,Alagoas,Murici,Cidade Alta
AL,Alagoas,Murici,Cidade Nova
AL,Alagoas,Murici,Farol
AL,Alagoas,Novo Lino
AL,Alagoas,Novo Lino,Centro
AL,Alagoas,Novo Rio - Igaci
AL,Alagoas,Novo Rio - Igaci,Centro
AL,Alagoas,Oití
AL,Alagoas,Oití,Centro
AL,Alagoas,Olho D'Água da Cerca
AL,Alagoas,Olho D'Água da Cerca,Centro
AL,Alagoas,Olho D'Água das Dandanhas
AL,Alagoas,Olho D'Água das Dandanhas,Centro
AL,Alagoas,Olho D'Água das Flores
AL,Alagoas,Olho D'Água das Flores,Centro
AL,Alagoas,Olho D'Água das Flores,Nova Brasília
AL,Alagoas,Olho D'Água do Casado
AL,Alagoas,Olho D'Água do Casado,Centro
AL,Alagoas,Olho D'Água Grande
AL,Alagoas,Olho D'Água Grande,Centro
AL,Alagoas,Olho D'Água Novo
AL,Alagoas,Olho D'Água Novo,Centro
AL,Alagoas,Olho Dágua
AL,Alagoas,Olho Dágua,Centro
AL,Alagoas,Olivença
AL,Alagoas,Olivença,Centro
AL,Alagoas,Ouro Branco
AL,Alagoas,Ouro Branco,Centro
AL,Alagoas,Ouro Branco,Luiz Gonzaga
AL,Alagoas,Pai Mané
AL,Alagoas,Pai Mané,Centro
AL,Alagoas,Palestina
AL,Alagoas,Palestina,Centro
AL,Alagoas,Palmeira Alta - Penedo
AL,Alagoas,Palmeira Alta - Penedo,Centro
AL,Alagoas,Palmeira dos Índios
AL,Alagoas,Palmeira dos Índios,Alto Cruzeiro
AL,Alagoas,Palmeira dos Índios,Canafistula
AL,Alagoas,Palmeira dos Índios,Centro
AL,Alagoas,Palmeira dos Índios,Eucalipto
AL,Alagoas,Palmeira dos Índios,Jardim Brasil
AL,Alagoas,Palmeira dos Índios,Jatiúca
AL,Alagoas,Palmeira dos Índios,Juca Sampaio
AL,Alagoas,Palmeira dos Índios,Maria t Cavalcante
AL,Alagoas,Palmeira dos Índios,Palmeira Fora
AL,Alagoas,Palmeira dos Índios,Paraiso
AL,Alagoas,Palmeira dos Índios,Ribeira
AL,Alagoas,Palmeira dos Índios,Santa Esmeralda
AL,Alagoas,Palmeira dos Índios,Sao Cristovao
AL,Alagoas,Palmeira dos Índios,Sao Francisco
AL,Alagoas,Palmeira dos Índios,São Luiz
AL,Alagoas,Palmeira dos Índios,Tabuleiro dos Martins
AL,Alagoas,Palmeira dos Índios,Tenorio Cavalcante
AL,Alagoas,Palmeira dos Índios,Vila Joao Xxiii
AL,Alagoas,Palmeira dos Índios,Vila Maria
AL,Alagoas,Palmeira dos Índios,Vila Nova
AL,Alagoas,Palmeira dos Índios,Xucurus
AL,Alagoas,Palmeira dos Pretos
AL,Alagoas,Palmeira dos Pretos,Centro
AL,Alagoas,Palmeirinha
AL,Alagoas,Palmeirinha,Centro
AL,Alagoas,Pão de Açúcar
AL,Alagoas,Pão de Açúcar,Centro
AL,Alagoas,Pariconha
AL,Alagoas,Pariconha,Centro
AL,Alagoas,Paripueira
AL,Alagoas,Paripueira,Centro
AL,Alagoas,Paripueira,Costa Brava
AL,Alagoas,Paripueira,Ilha Da Croa
AL,Alagoas,Paripueira,Zona Rural
AL,Alagoas,Passo de Camaragibe
AL,Alagoas,Passo de Camaragibe,Centro
AL,Alagoas,Paturas
AL,Alagoas,Paturas,Centro
AL,Alagoas,Pau D'Arco - Arapiraca
AL,Alagoas,Pau D'Arco - Arapiraca,Centro
AL,Alagoas,Pau D'Arco - Lagoa da Canoa
AL,Alagoas,Pau D'Arco - Lagoa da Canoa,Centro
AL,Alagoas,Pau do Descanso - Campo Alegre
AL,Alagoas,Pau do Descanso - Campo Alegre,Centro
AL,Alagoas,Pau Ferro - Craibas
AL,Alagoas,Pau Ferro - Craibas,Centro
AL,Alagoas,Paulo Jacinto
AL,Alagoas,Paulo Jacinto,Centro
AL,Alagoas,Pé Leve
AL,Alagoas,Pé Leve,Centro
AL,Alagoas,Pé Leve Velho
AL,Alagoas,Pé Leve Velho,Centro
AL,Alagoas,Pedrão
AL,Alagoas,Penedinho
AL,Alagoas,Penedinho,Centro
AL,Alagoas,Penedo
AL,Alagoas,Penedo,Centro
AL,Alagoas,Penedo,Cohab
AL,Alagoas,Penedo,Dom Constantino
AL,Alagoas,Penedo,Jardim Tropical
AL,Alagoas,Penedo,Poço
AL,Alagoas,Penedo,Santa Izabel
AL,Alagoas,Penedo,Santa Luzia
AL,Alagoas,Penedo,Santo Antonio
AL,Alagoas,Penedo,Senhor Bonfim
AL,Alagoas,Penedo,Tabuleiro dos Martins
AL,Alagoas,Penedo,Vila Matias
AL,Alagoas,Penedo,Vitoria
AL,Alagoas,Penedo,Zona Rural
AL,Alagoas,Periperí
AL,Alagoas,Periperí,Centro
AL,Alagoas,Peroba
AL,Alagoas,Peroba,Centro
AL,Alagoas,Perucaba
AL,Alagoas,Perucaba,Centro
AL,Alagoas,Piaçabuçu
AL,Alagoas,Piaçabuçu,Brasilia
AL,Alagoas,Piaçabuçu,Centro
AL,Alagoas,Piaçabuçu,Paciencia
AL,Alagoas,Piaçabuçu,Zona Rural
AL,Alagoas,Piau
AL,Alagoas,Piau,Centro
AL,Alagoas,Pilar
AL,Alagoas,Pilar,Centro
AL,Alagoas,Pilar,Cha Pilar
AL,Alagoas,Pilar,Zona Rural
AL,Alagoas,Pindoba
AL,Alagoas,Pindoba,Centro
AL,Alagoas,Pindoba,Poço
AL,Alagoas,Piranhas 
AL,Alagoas,Piranhas ,Centro
AL,Alagoas,Piranhas ,Vila Sergipe
AL,Alagoas,Piranhas ,Vila Xingo
AL,Alagoas,Piranhas ,Xingó
AL,Alagoas,Piranhas - Traipu
AL,Alagoas,Piranhas - Traipu,Centro
AL,Alagoas,Poço das Trincheiras
AL,Alagoas,Poço das Trincheiras,Centro
AL,Alagoas,Pólo Cloroquímico de Alagoas
AL,Alagoas,Pólo Cloroquímico de Alagoas,Centro
AL,Alagoas,Pólo Cloroquímico de Alagoas,Polo Cloroquimico
AL,Alagoas,Ponta da Serra
AL,Alagoas,Ponta do Mangue
AL,Alagoas,Ponta do Mangue,Centro
AL,Alagoas,Ponta do Mangue,Ponta Mangue
AL,Alagoas,Ponta Morfina
AL,Alagoas,Ponta Morfina,Centro
AL,Alagoas,Pontal de Coruripe
AL,Alagoas,Pontal de Coruripe,Centro
AL,Alagoas,Pontal do Peba
AL,Alagoas,Pontal do Peba,Centro
AL,Alagoas,Pontes
AL,Alagoas,Porangaba
AL,Alagoas,Porangaba,Centro
AL,Alagoas,Porto Calvo
AL,Alagoas,Porto Calvo,Centro
AL,Alagoas,Porto Calvo,Zona Rural
AL,Alagoas,Porto da Rua
AL,Alagoas,Porto da Rua,Centro
AL,Alagoas,Porto de Pedras
AL,Alagoas,Porto de Pedras,Centro
AL,Alagoas,Porto de Pedras,Salinas
AL,Alagoas,Porto Real do Colégio
AL,Alagoas,Porto Real do Colégio,Centro
AL,Alagoas,Potengi
AL,Alagoas,Potengi,Centro
AL,Alagoas,Povoado de Coité
AL,Alagoas,Povoado de Coité,Centro
AL,Alagoas,Povoado Malhadas
AL,Alagoas,Povoado Mangabeira
AL,Alagoas,Povoado Pai João
AL,Alagoas,Povoado Pai João,Centro
AL,Alagoas,Povoado Pedra
AL,Alagoas,Povoado Pedra,Centro
AL,Alagoas,Povoado Pimenteira
AL,Alagoas,Povoado Pimenteira,Centro
AL,Alagoas,Povoado Quitunde
AL,Alagoas,Povoado Quitunde,Centro
AL,Alagoas,Povoado Sítio Jacaré
AL,Alagoas,Povoado Sítio Jacaré,Centro
AL,Alagoas,Povoado Tabocal
AL,Alagoas,Povoado Tabocal,Centro
AL,Alagoas,Povoado Terra Nova
AL,Alagoas,Povoado Terra Nova,Centro
AL,Alagoas,Poxim
AL,Alagoas,Poxim,Centro
AL,Alagoas,Praia do Francês
AL,Alagoas,Praia do Francês,Centro
AL,Alagoas,Praia do Francês,Padre Miguel
AL,Alagoas,Praia do Francês,Poço
AL,Alagoas,Praia do Francês,Praia Frances
AL,Alagoas,Prata
AL,Alagoas,Prata,Centro
AL,Alagoas,Promissão
AL,Alagoas,Promissão,Centro
AL,Alagoas,Quebrângulo
AL,Alagoas,Quebrângulo,Centro
AL,Alagoas,Quebrângulo,Farol
AL,Alagoas,Quebrângulo,Ouro Preto
AL,Alagoas,Rancho Alegre
AL,Alagoas,Rancho Alegre,Centro
AL,Alagoas,Restinga
AL,Alagoas,Restinga,Centro
AL,Alagoas,Retiro - Junqueiro
AL,Alagoas,Retiro - Junqueiro,Centro
AL,Alagoas,Retiro - Piaçabuçu
AL,Alagoas,Retiro - Piaçabuçu,Centro
AL,Alagoas,Retiro - Porto Real do Colégio
AL,Alagoas,Retiro - Porto Real do Colégio,Centro
AL,Alagoas,Riachão
AL,Alagoas,Riachão - Junqueiro
AL,Alagoas,Riachão - Junqueiro,Centro
AL,Alagoas,Riacho
AL,Alagoas,Riacho,Centro
AL,Alagoas,Riacho
AL,Alagoas,Riacho da Jacobina
AL,Alagoas,Riacho da Jacobina,Centro
AL,Alagoas,Rio Largo
AL,Alagoas,Rio Largo,Alto do Ginásio
AL,Alagoas,Rio Largo,Canaã
AL,Alagoas,Rio Largo,Centro
AL,Alagoas,Rio Largo,Gustavo Paiva
AL,Alagoas,Rio Largo,Lourenco Albuquerque
AL,Alagoas,Rio Largo,Mata Rolo
AL,Alagoas,Rio Largo,Ponta Grossa
AL,Alagoas,Rio Largo,Ponta Verde
AL,Alagoas,Rio Largo,Santa Amélia
AL,Alagoas,Rio Largo,Tabuleiro dos Martins
AL,Alagoas,Rio Largo,Tabuleiro Pinto
AL,Alagoas,Rio Largo,Vila Marilia
AL,Alagoas,Rio Largo,Vila Minha Aldeia
AL,Alagoas,Rio Largo,Zona Rural
AL,Alagoas,Rocha Cavalcante
AL,Alagoas,Rocha Cavalcante,Centro
AL,Alagoas,Roteiro
AL,Alagoas,Roteiro,Centro
AL,Alagoas,Rua Nova - Quebrangulo
AL,Alagoas,Sagrada Família
AL,Alagoas,Sagrada Família,Centro
AL,Alagoas,Sampaio
AL,Alagoas,Sampaio,Centro
AL,Alagoas,Santa Cruz
AL,Alagoas,Santa Cruz do Deserto
AL,Alagoas,Santa Cruz do Deserto,Centro
AL,Alagoas,Santa Efigênia
AL,Alagoas,Santa Efigênia,Centro
AL,Alagoas,Santa Fé
AL,Alagoas,Santa Fé,Centro
AL,Alagoas,Santa Luzia
AL,Alagoas,Santa Luzia,Centro
AL,Alagoas,Santa Luzia do Norte
AL,Alagoas,Santa Luzia do Norte,Centro
AL,Alagoas,Santa Rita
AL,Alagoas,Santa Rita,Centro
AL,Alagoas,Santa Terezinha
AL,Alagoas,Santa Terezinha,Centro
AL,Alagoas,Santana do Ipanema
AL,Alagoas,Santana do Ipanema,Arthur Moraes
AL,Alagoas,Santana do Ipanema,Camuringa
AL,Alagoas,Santana do Ipanema,Camuxinga
AL,Alagoas,Santana do Ipanema,Canaã
AL,Alagoas,Santana do Ipanema,Centro
AL,Alagoas,Santana do Ipanema,Domingos Acacio
AL,Alagoas,Santana do Ipanema,Floresta
AL,Alagoas,Santana do Ipanema,Monumento
AL,Alagoas,Santana do Ipanema,Poço
AL,Alagoas,Santana do Ipanema,Sao Cristovao
AL,Alagoas,Santana do Ipanema,Sao Jose
AL,Alagoas,Santana do Ipanema,Sao Pedro
AL,Alagoas,Santana do Mundaú
AL,Alagoas,Santana do Mundaú,Centro
AL,Alagoas,Santo Antônio - Atalaia
AL,Alagoas,Santo Antônio - Atalaia,Centro
AL,Alagoas,Santo Antônio - Palmeira dos Índios
AL,Alagoas,Santo Antônio - Palmeira dos Índios,Centro
AL,Alagoas,Santo Inácio Novo
AL,Alagoas,Santo Inácio Novo,Centro
AL,Alagoas,São Benedito
AL,Alagoas,São Benedito,Centro
AL,Alagoas,São Bento
AL,Alagoas,São Bento,Centro
AL,Alagoas,São Brás
AL,Alagoas,São Brás,Alto Cemiterio
AL,Alagoas,São Brás,Centro
AL,Alagoas,São Brás,Zona Rural
AL,Alagoas,São Cristóvão
AL,Alagoas,São Cristóvão,Centro
AL,Alagoas,São Francisco - Arapiraca
AL,Alagoas,São Francisco - Arapiraca,Centro
AL,Alagoas,São José - Traipu
AL,Alagoas,São José - Traipu,Centro
AL,Alagoas,São José da Laje
AL,Alagoas,São José da Laje,Centro
AL,Alagoas,São José da Laje,Juriti
AL,Alagoas,São José da Laje,Zona Rural
AL,Alagoas,São José da Tapera
AL,Alagoas,São José da Tapera,Centro
AL,Alagoas,São José da Tapera,Zona Rural
AL,Alagoas,São Luís do Quitunde
AL,Alagoas,São Luís do Quitunde,Centro
AL,Alagoas,São Luís do Quitunde,Tabuleiro dos Martins
AL,Alagoas,São Marcos
AL,Alagoas,São Marcos,Centro
AL,Alagoas,São Miguel dos Campos
AL,Alagoas,São Miguel dos Campos,Bebedouro
AL,Alagoas,São Miguel dos Campos,Boa Vista
AL,Alagoas,São Miguel dos Campos,Centro
AL,Alagoas,São Miguel dos Campos,Fatima
AL,Alagoas,São Miguel dos Campos,Geraldo Sampaio
AL,Alagoas,São Miguel dos Campos,Humberto Alves
AL,Alagoas,São Miguel dos Campos,Paraiso
AL,Alagoas,São Miguel dos Campos,Poço
AL,Alagoas,São Miguel dos Campos,Tabuleiro dos Martins
AL,Alagoas,São Miguel dos Campos,Zona Rural
AL,Alagoas,São Miguel dos Campos,Zona Urbana
AL,Alagoas,São Miguel dos Milagres
AL,Alagoas,São Miguel dos Milagres,Centro
AL,Alagoas,São Miguel dos Milagres,Porto Rua
AL,Alagoas,São Miguel dos Milagres,Zona Rural
AL,Alagoas,São Sebastião 
AL,Alagoas,São Sebastião ,Campo
AL,Alagoas,São Sebastião ,Centro
AL,Alagoas,São Sebastião ,Rancho Alegre
AL,Alagoas,São Sebastião ,Zona Rural
AL,Alagoas,São Sebastião - Delmiro Gouveia
AL,Alagoas,São Sebastião - Delmiro Gouveia,Centro
AL,Alagoas,Sapé - Atalaia
AL,Alagoas,Sapé - Atalaia,Centro
AL,Alagoas,Sapé - Igreja Nova
AL,Alagoas,Sapé - Igreja Nova,Centro
AL,Alagoas,Sapé - São Sebastião
AL,Alagoas,Sapé - São Sebastião,Centro
AL,Alagoas,Satuba
AL,Alagoas,Satuba,Centro
AL,Alagoas,Senador Rui Palmeira
AL,Alagoas,Senador Rui Palmeira,Centro
AL,Alagoas,Serra
AL,Alagoas,Serra,Centro
AL,Alagoas,Serra,Zona Rural
AL,Alagoas,Serra do Bernardino
AL,Alagoas,Serra do Bernardino,Centro
AL,Alagoas,Serra do Cavalo
AL,Alagoas,Serra Verde I
AL,Alagoas,Sinimbu
AL,Alagoas,Sinimbu,Centro
AL,Alagoas,Sítio Bálsamo
AL,Alagoas,Sítio Bálsamo,Centro
AL,Alagoas,Sítio Batinga
AL,Alagoas,Sítio Batinga,Centro
AL,Alagoas,Sítio do Capim
AL,Alagoas,Sítio do Capim,Centro
AL,Alagoas,Sítio Laranjal
AL,Alagoas,Sítio Laranjal,Centro
AL,Alagoas,Sítio Poção
AL,Alagoas,Sítio Poção,Centro
AL,Alagoas,Sta Cândida
AL,Alagoas,Sucupira Torta
AL,Alagoas,Sucupira Torta,Centro
AL,Alagoas,Taboca
AL,Alagoas,Taboquinha
AL,Alagoas,Taboquinha,Centro
AL,Alagoas,Tabuleiro dos Negros - Igreja Nova
AL,Alagoas,Tabuleiro dos Negros - Igreja Nova,Centro
AL,Alagoas,Tabuleiro Grande
AL,Alagoas,Tabuleiro Grande,Centro
AL,Alagoas,Tanque D'Arca
AL,Alagoas,Tanque D'Arca,Centro
AL,Alagoas,Tanque D'Arca,Zona Rural
AL,Alagoas,Tapera - Igreja Nova
AL,Alagoas,Tapera - Igreja Nova,Centro
AL,Alagoas,Tapera de Itiúba
AL,Alagoas,Tapera Nova
AL,Alagoas,Tapera Nova,Centro
AL,Alagoas,Taperagua
AL,Alagoas,Taperagua,Cabreira
AL,Alagoas,Taperagua,Centro
AL,Alagoas,Taperagua,Pedras
AL,Alagoas,Taperagua,Zona Rural
AL,Alagoas,Taquarana
AL,Alagoas,Taquarana,Centro
AL,Alagoas,Taquarana,Zona Rural
AL,Alagoas,Tatuamunha
AL,Alagoas,Tatuamunha,Centro
AL,Alagoas,Teotônio Vilela
AL,Alagoas,Teotônio Vilela,Centro
AL,Alagoas,Teotônio Vilela,Mutirao
AL,Alagoas,Teotônio Vilela,Vila Operaria
AL,Alagoas,Teotônio Vilela,Zona Rural
AL,Alagoas,Terra Nova
AL,Alagoas,Terra Nova,Centro
AL,Alagoas,Tibiri
AL,Alagoas,Tibiri,Centro
AL,Alagoas,Timbó
AL,Alagoas,Tinguí - Água Branca
AL,Alagoas,Tinguí - Água Branca,Centro
AL,Alagoas,Toque
AL,Alagoas,Traipu
AL,Alagoas,Traipu,Centro
AL,Alagoas,Traipu,Sem Bairro
AL,Alagoas,Tuquanduba
AL,Alagoas,Tuquanduba,Centro
AL,Alagoas,União dos Palmares
AL,Alagoas,União dos Palmares,Abolicao
AL,Alagoas,União dos Palmares,Alto Boa Vista
AL,Alagoas,União dos Palmares,Alto Cruzeiro
AL,Alagoas,União dos Palmares,Castelo Branco
AL,Alagoas,União dos Palmares,Centro
AL,Alagoas,União dos Palmares,Cohab Velha
AL,Alagoas,União dos Palmares,Costa e Silva
AL,Alagoas,União dos Palmares,Fatima
AL,Alagoas,União dos Palmares,Jaguaribe
AL,Alagoas,União dos Palmares,Jatiúca
AL,Alagoas,União dos Palmares,Roberto c Araujo
AL,Alagoas,União dos Palmares,Vaquejada
AL,Alagoas,União dos Palmares,Zona Rural
AL,Alagoas,Usina Capricho
AL,Alagoas,Usina Capricho,Centro
AL,Alagoas,Usina Guaxuma
AL,Alagoas,Usina Guaxuma,Centro
AL,Alagoas,Usina Laginha
AL,Alagoas,Usina Ouricuri
AL,Alagoas,Usina Ouricuri,Centro
AL,Alagoas,Usina Porto Alegre
AL,Alagoas,Usina Porto Alegre,Centro
AL,Alagoas,Usina Porto Rico
AL,Alagoas,Usina Porto Rico,Centro
AL,Alagoas,Usina Rocadinha
AL,Alagoas,Usina Roçadinho
AL,Alagoas,Usina Roçadinho,Centro
AL,Alagoas,Usina Santa Clotilde
AL,Alagoas,Usina Santana
AL,Alagoas,Usina Santana,Centro
AL,Alagoas,Usina Santo Antônio
AL,Alagoas,Usina Santo Antônio,Centro
AL,Alagoas,Usina Santo Antônio,Zr Usina Sto Antônio
AL,Alagoas,Usina São Simeão
AL,Alagoas,Usina São Simeão,Centro
AL,Alagoas,Usina Serra Grande
AL,Alagoas,Usina Serra Grande,Centro
AL,Alagoas,Usina Sinimbu
AL,Alagoas,Usina Sinimbu,Centro
AL,Alagoas,Usina Utinga Leão
AL,Alagoas,Usina Utinga Leão,Centro
AL,Alagoas,Valha-Me Deus
AL,Alagoas,Várzea de Dona Joana
AL,Alagoas,Várzea de Dona Joana,Centro
AL,Alagoas,Várzea Grande
AL,Alagoas,Várzea Grande,Centro
AL,Alagoas,Varzinha
AL,Alagoas,Varzinha,Centro
AL,Alagoas,Viçosa
AL,Alagoas,Viçosa,Centro
AL,Alagoas,Viçosa,Cidade Deus
AL,Alagoas,Viçosa,Ouro Preto
AL,Alagoas,Viçosa,Zona Rural
AL,Alagoas,Vila Cangandu
AL,Alagoas,Vila Cangandu,Centro
AL,Alagoas,Vila de São Francisco - Paulo Jacinto
AL,Alagoas,Vila de São Francisco - Paulo Jacinto,Centro
AL,Alagoas,Vila Nova
AL,Alagoas,Vila Nova,Centro
AL,Alagoas,Vila Santo Antônio
AL,Alagoas,Vila Santo Antônio,Centro
AL,Alagoas,Xingó
AL,Alagoas,Xingó,Centro
AL,Alagoas,Xingó,n s Saude
