AM,Amazonas
AM,Amazonas,Manaus
AM,Amazonas,Manaus,Adianópolis
AM,Amazonas,Manaus,Adrianápolis
AM,Amazonas,Manaus,Adrianópolis
AM,Amazonas,Manaus,Aleixo
AM,Amazonas,Manaus,Alfredo Nascimento
AM,Amazonas,Manaus,Alvorada
AM,Amazonas,Manaus,Amazonino Mendes
AM,Amazonas,Manaus,Aparecida
AM,Amazonas,Manaus,Área Rural
AM,Amazonas,Manaus,Armando Mendes
AM,Amazonas,Manaus,Bairro da Paz
AM,Amazonas,Manaus,Betânia
AM,Amazonas,Manaus,Bom Jardim
AM,Amazonas,Manaus,Braga Mendes
AM,Amazonas,Manaus,Cachoeirinha
AM,Amazonas,Manaus,Campo Dourado
AM,Amazonas,Manaus,Campos Elíseos
AM,Amazonas,Manaus,Campos Elíseos  II
AM,Amazonas,Manaus,Caramuru
AM,Amazonas,Manaus,Castanheiras
AM,Amazonas,Manaus,CD Res Int P Negra
AM,Amazonas,Manaus,Centro
AM,Amazonas,Manaus,Chapada
AM,Amazonas,Manaus,Ciadade Nova
AM,Amazonas,Manaus,Cidade Alta
AM,Amazonas,Manaus,Cidade de Deus
AM,Amazonas,Manaus,Cidade Leste
AM,Amazonas,Manaus,Cidade Nova
AM,Amazonas,Manaus,Cidade Nova 1
AM,Amazonas,Manaus,Cidade Nova 5 Mutirão
AM,Amazonas,Manaus,Cidade Nova III
AM,Amazonas,Manaus,Cj 31 de Marco
AM,Amazonas,Manaus,Cj A Virgílio Fº
AM,Amazonas,Manaus,Cj Américo Medeiros
AM,Amazonas,Manaus,Cj Bancários S Jorge
AM,Amazonas,Manaus,Cj Beija Flor II
AM,Amazonas,Manaus,Cj Canaranas
AM,Amazonas,Manaus,Cj Celetramazon
AM,Amazonas,Manaus,Cj Cidadão
AM,Amazonas,Manaus,Cj Cophasa
AM,Amazonas,Manaus,Cj Fca Mendes II
AM,Amazonas,Manaus,Cj Hab Sgt Pantoja
AM,Amazonas,Manaus,Cj Ipase
AM,Amazonas,Manaus,Cj Jardim Asteca
AM,Amazonas,Manaus,Cj Jardim Eden
AM,Amazonas,Manaus,Cj Jardim Juruá
AM,Amazonas,Manaus,Cj Jardim Oriente
AM,Amazonas,Manaus,Cj Jardim Uirapuru
AM,Amazonas,Manaus,Cj Kissia
AM,Amazonas,Manaus,Cj Manauense
AM,Amazonas,Manaus,Cj Nova República II
AM,Amazonas,Manaus,Cj Osvaldo Frota II
AM,Amazonas,Manaus,Cj Parque Aripuanã
AM,Amazonas,Manaus,Cj Parque das Nações
AM,Amazonas,Manaus,Cj Parque Shangrilá II
AM,Amazonas,Manaus,Cj Parque Shangrilá III
AM,Amazonas,Manaus,Cj Parque Shangrilá VII
AM,Amazonas,Manaus,Cj Paulo Nery
AM,Amazonas,Manaus,Cj Plácido de Castro
AM,Amazonas,Manaus,Cj Renato S Pinto II
AM,Amazonas,Manaus,Cj Ribeiro Jr
AM,Amazonas,Manaus,Cj Santo Aleixo
AM,Amazonas,Manaus,Cj Sen João Bosco I
AM,Amazonas,Manaus,Cj Sérgio P Neto
AM,Amazonas,Manaus,Cj Vila Marinho
AM,Amazonas,Manaus,Cj Villa da Barra
AM,Amazonas,Manaus,Cj Villa do Rei
AM,Amazonas,Manaus,Cj Villa Real
AM,Amazonas,Manaus,Cj Villa Rica
AM,Amazonas,Manaus,Cj Villar Câmara
AM,Amazonas,Manaus,Cj. Nascente das Águas
AM,Amazonas,Manaus,Col Antônio Aleixo
AM,Amazonas,Manaus,Col Oliveira Machado
AM,Amazonas,Manaus,Col Sto Antônio
AM,Amazonas,Manaus,Col Sto Antônio Flores
AM,Amazonas,Manaus,Col Terra Nova
AM,Amazonas,Manaus,Colônia Antônio
AM,Amazonas,Manaus,Colônia Antônio Aleixo
AM,Amazonas,Manaus,Colônia Chico Mendes
AM,Amazonas,Manaus,Colônia Japonesa
AM,Amazonas,Manaus,colonia oliv machado
AM,Amazonas,Manaus,Colônia Oliveira Machado
AM,Amazonas,Manaus,Colônia Santo Antonio
AM,Amazonas,Manaus,Colônia Terra Nova
AM,Amazonas,Manaus,Com 19 de Junho
AM,Amazonas,Manaus,Com Betel
AM,Amazonas,Manaus,Com Bom Jesus
AM,Amazonas,Manaus,Com Mundo Novo
AM,Amazonas,Manaus,Com Ns P Socorro
AM,Amazonas,Manaus,Com Simão Cardoso
AM,Amazonas,Manaus,Compensa
AM,Amazonas,Manaus,Compensa 2
AM,Amazonas,Manaus,Comunidade 19 de Junho
AM,Amazonas,Manaus,Comunidade Beija Flor
AM,Amazonas,Manaus,Comunidade Betel
AM,Amazonas,Manaus,Comunidade da Sharp
AM,Amazonas,Manaus,Comunidade de Deus
AM,Amazonas,Manaus,Comunidade Mundo Novo
AM,Amazonas,Manaus,Comunidade N S P Socorro
AM,Amazonas,Manaus,Comunidade Ouro Verde
AM,Amazonas,Manaus,Comunidade Santa Luzia
AM,Amazonas,Manaus,Comunidade São Francisco
AM,Amazonas,Manaus,Comunidade Simão Cardoso
AM,Amazonas,Manaus,Condomínio Arvoredo
AM,Amazonas,Manaus,Condomínio Efigênio Salles
AM,Amazonas,Manaus,Condomínio Greenhold Park
AM,Amazonas,Manaus,Condomínio Imperial
AM,Amazonas,Manaus,Condomínio Ipanema
AM,Amazonas,Manaus,Condomínio Iurita
AM,Amazonas,Manaus,Condomínio Jardim Santorini
AM,Amazonas,Manaus,Condomínio Joaquim Ribeiro
AM,Amazonas,Manaus,Condomínio La Ville
AM,Amazonas,Manaus,Condomínio Malibu
AM,Amazonas,Manaus,Condomínio Mariua
AM,Amazonas,Manaus,Condomínio Pq do Lago
AM,Amazonas,Manaus,Condomínio Res Int P Negra
AM,Amazonas,Manaus,Condomínio Res Laranjeiras
AM,Amazonas,Manaus,Condomínio São Salvador
AM,Amazonas,Manaus,Condomínio Shalon Tower Park
AM,Amazonas,Manaus,Conj Belvedere
AM,Amazonas,Manaus,Conj Parq das Laranjeiras
AM,Amazonas,Manaus,Conjunto Abílio Nery
AM,Amazonas,Manaus,Conjunto Acariquara
AM,Amazonas,Manaus,Conjunto Advogados
AM,Amazonas,Manaus,Conjunto Agricentro
AM,Amazonas,Manaus,Conjunto Ajuribaca
AM,Amazonas,Manaus,Conjunto Ajuricaba
AM,Amazonas,Manaus,Conjunto Alphaville
AM,Amazonas,Manaus,Conjunto Álvaro Neves
AM,Amazonas,Manaus,Conjunto Amadeu Botelho
AM,Amazonas,Manaus,Conjunto Anavilhanas I
AM,Amazonas,Manaus,Conjunto Anavilhanas II
AM,Amazonas,Manaus,Conjunto Anavilhanas III
AM,Amazonas,Manaus,Conjunto Arco Íris
AM,Amazonas,Manaus,Conjunto Arco Íris III
AM,Amazonas,Manaus,Conjunto Aristocrático
AM,Amazonas,Manaus,Conjunto Arthur Reis
AM,Amazonas,Manaus,Conjunto Arthur Virgílio
AM,Amazonas,Manaus,Conjunto Asa
AM,Amazonas,Manaus,Conjunto Athilio Andreazza
AM,Amazonas,Manaus,Conjunto Augusto Montenegro
AM,Amazonas,Manaus,Conjunto Bancarios
AM,Amazonas,Manaus,Conjunto Barra Bella
AM,Amazonas,Manaus,Conjunto Beija Flor I
AM,Amazonas,Manaus,Conjunto Belo Horizonte
AM,Amazonas,Manaus,Conjunto Beverly Hills
AM,Amazonas,Manaus,Conjunto Canaã
AM,Amazonas,Manaus,Conjunto Castanheira II
AM,Amazonas,Manaus,Conjunto Castelinho
AM,Amazonas,Manaus,Conjunto Castelo Branco
AM,Amazonas,Manaus,Conjunto Chagas Aguiar
AM,Amazonas,Manaus,Conjunto Cidade Flores
AM,Amazonas,Manaus,Conjunto Cidade Nova 2
AM,Amazonas,Manaus,Conjunto Cidade Nova IV
AM,Amazonas,Manaus,Conjunto Colina do Aleixo
AM,Amazonas,Manaus,Conjunto Costa e Silva
AM,Amazonas,Manaus,Conjunto Déborah
AM,Amazonas,Manaus,Conjunto Eldorado
AM,Amazonas,Manaus,Conjunto Encontro das Água
AM,Amazonas,Manaus,Conjunto Flamanal
AM,Amazonas,Manaus,Conjunto Galiléia
AM,Amazonas,Manaus,Conjunto Grêmio Guanabara
AM,Amazonas,Manaus,Conjunto Hab Boas Novas
AM,Amazonas,Manaus,Conjunto Hab Sargento Pantoja
AM,Amazonas,Manaus,Conjunto Hileia I
AM,Amazonas,Manaus,Conjunto Hileia II
AM,Amazonas,Manaus,Conjunto Huascar Angelim
AM,Amazonas,Manaus,Conjunto Içá Paraíba
AM,Amazonas,Manaus,Conjunto Icaraí
AM,Amazonas,Manaus,Conjunto Itacolomi
AM,Amazonas,Manaus,Conjunto Itas
AM,Amazonas,Manaus,Conjunto Jardim
AM,Amazonas,Manaus,Conjunto Jardim Amazonas
AM,Amazonas,Manaus,Conjunto Jardim das Américas
AM,Amazonas,Manaus,Conjunto Jardim Espanha I
AM,Amazonas,Manaus,Conjunto Jardim Espanha II
AM,Amazonas,Manaus,Conjunto Jardim Espanha III
AM,Amazonas,Manaus,Conjunto Jardim Europa
AM,Amazonas,Manaus,Conjunto Jardim Haydea I
AM,Amazonas,Manaus,Conjunto Jardim Haydea II
AM,Amazonas,Manaus,Conjunto Jardim Haydea III
AM,Amazonas,Manaus,Conjunto Jardim Iolanda
AM,Amazonas,Manaus,Conjunto Jardim Itaóca
AM,Amazonas,Manaus,Conjunto Jardim Meridional
AM,Amazonas,Manaus,Conjunto Jardim Nova Friburgo
AM,Amazonas,Manaus,Conjunto Jardim Orquídea
AM,Amazonas,Manaus,Conjunto Jardim Paulista
AM,Amazonas,Manaus,Conjunto Jardim Petrópolis
AM,Amazonas,Manaus,Conjunto Jardim Primavera I
AM,Amazonas,Manaus,Conjunto Jardim Primavera II
AM,Amazonas,Manaus,Conjunto Jardim Versalles
AM,Amazonas,Manaus,Conjunto Jardim Versalles II
AM,Amazonas,Manaus,Conjunto João Paulo VI
AM,Amazonas,Manaus,Conjunto Manoa
AM,Amazonas,Manaus,Conjunto Manoel Nogueira
AM,Amazonas,Manaus,Conjunto Marina Tauá
AM,Amazonas,Manaus,Conjunto Monte Líbano
AM,Amazonas,Manaus,Conjunto Moto Importadora
AM,Amazonas,Manaus,Conjunto Mucuripe I
AM,Amazonas,Manaus,Conjunto Mucuripe III
AM,Amazonas,Manaus,Conjunto Murici
AM,Amazonas,Manaus,Conjunto Nasc Águas Claras
AM,Amazonas,Manaus,Conjunto Novo Mundo
AM,Amazonas,Manaus,Conjunto Osvaldo Frota I
AM,Amazonas,Manaus,Conjunto Ouro Preto
AM,Amazonas,Manaus,Conjunto Parque Aruanã
AM,Amazonas,Manaus,Conjunto Parque das Laranjeira
AM,Amazonas,Manaus,Conjunto Parque das Palmeiras
AM,Amazonas,Manaus,Conjunto Parque das Samambaias
AM,Amazonas,Manaus,Conjunto Parque das Sucupiras
AM,Amazonas,Manaus,Conjunto Parque dos Rios I
AM,Amazonas,Manaus,Conjunto Parque Jeruzalém
AM,Amazonas,Manaus,Conjunto Parque Res Ouro Negro
AM,Amazonas,Manaus,Conjunto Parque Shangrilá I
AM,Amazonas,Manaus,Conjunto Parque Shangrilá IV
AM,Amazonas,Manaus,Conjunto Parque Tropical
AM,Amazonas,Manaus,Conjunto Petro
AM,Amazonas,Manaus,Conjunto Pindorama
AM,Amazonas,Manaus,Conjunto Renascer
AM,Amazonas,Manaus,Conjunto Renato S Pinto I
AM,Amazonas,Manaus,Conjunto Res Acácias
AM,Amazonas,Manaus,Conjunto Res Ben Hur
AM,Amazonas,Manaus,Conjunto Res Cruzeiro Sul
AM,Amazonas,Manaus,Conjunto Res da Aefam
AM,Amazonas,Manaus,Conjunto Res Eduardo Gomes
AM,Amazonas,Manaus,Conjunto Res Emanuele
AM,Amazonas,Manaus,Conjunto Res Florença
AM,Amazonas,Manaus,Conjunto Res House Ville
AM,Amazonas,Manaus,Conjunto Res Jardim Friburgo
AM,Amazonas,Manaus,Conjunto Res Lago Azul
AM,Amazonas,Manaus,Conjunto Res Rio Tupana
AM,Amazonas,Manaus,Conjunto Res Santa Maria
AM,Amazonas,Manaus,Conjunto Res São Camilo
AM,Amazonas,Manaus,Conjunto Rio Maracanã
AM,Amazonas,Manaus,Conjunto Rio Xingu
AM,Amazonas,Manaus,Conjunto Rouxinol
AM,Amazonas,Manaus,Conjunto Santos Dumont
AM,Amazonas,Manaus,Conjunto São Cristóvão
AM,Amazonas,Manaus,Conjunto Sausalito
AM,Amazonas,Manaus,Conjunto Sen João Bosco II
AM,Amazonas,Manaus,Conjunto Sgt Subt Polícia
AM,Amazonas,Manaus,Conjunto Sol Morar
AM,Amazonas,Manaus,Conjunto Sol Nascente
AM,Amazonas,Manaus,Conjunto Suplanzao
AM,Amazonas,Manaus,Conjunto Tapajós
AM,Amazonas,Manaus,Conjunto Tiradentes
AM,Amazonas,Manaus,Conjunto Veneza
AM,Amazonas,Manaus,Conjunto Verdes Mares I
AM,Amazonas,Manaus,Conjunto Verdes Mares II
AM,Amazonas,Manaus,Conjunto Vila Militar Bafuru
AM,Amazonas,Manaus,Conjunto Vila Militar Guarar
AM,Amazonas,Manaus,Conjunto Vila Militar P Negrão
AM,Amazonas,Manaus,Conjunto Vila Militar S Jorge
AM,Amazonas,Manaus,Conjunto Villa Ajuricaba
AM,Amazonas,Manaus,Conjunto Villa Amazonas
AM,Amazonas,Manaus,Conjunto Villa Humaitá
AM,Amazonas,Manaus,Conjunto Villa Municipal
AM,Amazonas,Manaus,Conjunto Villa Nova
AM,Amazonas,Manaus,Conjunto Villa Verde
AM,Amazonas,Manaus,Conjunto Villa Verde II
AM,Amazonas,Manaus,Conjunto Vista Bela
AM,Amazonas,Manaus,Conjunto Vivenda do Pontal
AM,Amazonas,Manaus,Coroado
AM,Amazonas,Manaus,Crespo
AM,Amazonas,Manaus,D. Pedro
AM,Amazonas,Manaus,D. Pedro II
AM,Amazonas,Manaus,D.Pedro I
AM,Amazonas,Manaus,D.Pedro I
AM,Amazonas,Manaus,Delzedere-Planalto
AM,Amazonas,Manaus,Distrito Industrial
AM,Amazonas,Manaus,Distrito Industrial II
AM,Amazonas,Manaus,Dom Pedro
AM,Amazonas,Manaus,Educando
AM,Amazonas,Manaus,Educandos
AM,Amazonas,Manaus,Estrela do Norte
AM,Amazonas,Manaus,Flores
AM,Amazonas,Manaus,Florestal
AM,Amazonas,Manaus,Francisca Mendes
AM,Amazonas,Manaus,Francisca Mendes II
AM,Amazonas,Manaus,Galo Carijó
AM,Amazonas,Manaus,Gilberto Mestrinho
AM,Amazonas,Manaus,Glória
AM,Amazonas,Manaus,Grande Vitória
AM,Amazonas,Manaus,Guaratiba
AM,Amazonas,Manaus,Hiléia
AM,Amazonas,Manaus,Japiim
AM,Amazonas,Manaus,Japiim II
AM,Amazonas,Manaus,Japiinlândia
AM,Amazonas,Manaus,Japim I
AM,Amazonas,Manaus,Jardim Hileia
AM,Amazonas,Manaus,Jardim Mauá
AM,Amazonas,Manaus,Jardim Tropical
AM,Amazonas,Manaus,Jd Tropical Dom Pedro
AM,Amazonas,Manaus,Jeruzalém
AM,Amazonas,Manaus,João Paulo
AM,Amazonas,Manaus,Jorge Teixeira
AM,Amazonas,Manaus,Jorge Teixeira IV
AM,Amazonas,Manaus,José Bonifácio
AM,Amazonas,Manaus,Lagoa Verde
AM,Amazonas,Manaus,Lírio do Vale
AM,Amazonas,Manaus,Loteamento Agnus Dei
AM,Amazonas,Manaus,Loteamento Bairro Novo
AM,Amazonas,Manaus,Loteamento Bom Pastor
AM,Amazonas,Manaus,Loteamento Buriti
AM,Amazonas,Manaus,Loteamento Campos Sales
AM,Amazonas,Manaus,Loteamento Centenário
AM,Amazonas,Manaus,Loteamento Evangélico
AM,Amazonas,Manaus,Loteamento Fazendinha
AM,Amazonas,Manaus,Loteamento Flávio Esp Santo
AM,Amazonas,Manaus,Loteamento Industriarios
AM,Amazonas,Manaus,Loteamento Jardim Fortaleza
AM,Amazonas,Manaus,Loteamento Jardim Manaus
AM,Amazonas,Manaus,Loteamento Novo Horizonte
AM,Amazonas,Manaus,Loteamento Parque dos Tucanos
AM,Amazonas,Manaus,Loteamento Portal do Japão
AM,Amazonas,Manaus,Loteamento Pq das Mansões
AM,Amazonas,Manaus,Loteamento Pq Mauá
AM,Amazonas,Manaus,Loteamento Res América Sul
AM,Amazonas,Manaus,Loteamento Santa Rita
AM,Amazonas,Manaus,Loteamento Tapajós II
AM,Amazonas,Manaus,Loteamento Vera Cruz
AM,Amazonas,Manaus,Loteamento Vitória
AM,Amazonas,Manaus,Loteamento Waldomiro
AM,Amazonas,Manaus,Marina Rio Belo
AM,Amazonas,Manaus,Mauazinho
AM,Amazonas,Manaus,Mauazinho - CEASA
AM,Amazonas,Manaus,Monte Castelo
AM,Amazonas,Manaus,Monte Cristo
AM,Amazonas,Manaus,Monte Oliveiras
AM,Amazonas,Manaus,Monte Pascoal
AM,Amazonas,Manaus,Monte Sião
AM,Amazonas,Manaus,Monte Sinai
AM,Amazonas,Manaus,Morada do Sol
AM,Amazonas,Manaus,Morro da Liberdade
AM,Amazonas,Manaus,Mundo Novo
AM,Amazonas,Manaus,N S de Fátima
AM,Amazonas,Manaus,Neópolis
AM,Amazonas,Manaus,Nossa Senhora das Gr
AM,Amazonas,Manaus,Nossa Sra ds Graças
AM,Amazonas,Manaus,Nova Cidade
AM,Amazonas,Manaus,Nova Conquista
AM,Amazonas,Manaus,Nova Esperança
AM,Amazonas,Manaus,Nova Esperança I
AM,Amazonas,Manaus,Nova Esperança II
AM,Amazonas,Manaus,Nova Floresta
AM,Amazonas,Manaus,Novo Aleixo
AM,Amazonas,Manaus,Novo Israel
AM,Amazonas,Manaus,Novo Reino
AM,Amazonas,Manaus,Novo Reino II
AM,Amazonas,Manaus,Ns das Graças
AM,Amazonas,Manaus,Ns Fátima
AM,Amazonas,Manaus,Ns Graças
AM,Amazonas,Manaus,NSª das Graças
AM,Amazonas,Manaus,Nsa Sra das Graças
AM,Amazonas,Manaus,Oriental
AM,Amazonas,Manaus,Oswaldo Cruz
AM,Amazonas,Manaus,Ouro Verde
AM,Amazonas,Manaus,Parque 10 Novembro/Cidade
AM,Amazonas,Manaus,Parque 10 Novembro/Cidade Nova
AM,Amazonas,Manaus,PARQUE DEZ DE NOVEMBRO
AM,Amazonas,Manaus,Parque Flores
AM,Amazonas,Manaus,Parque Itapuranga III
AM,Amazonas,Manaus,Parque Res Itapuranga I
AM,Amazonas,Manaus,Parque Res Ponte Bolívia
AM,Amazonas,Manaus,Paz
AM,Amazonas,Manaus,Pça 14 de Janeiro
AM,Amazonas,Manaus,Penha
AM,Amazonas,Manaus,Petrópolis
AM,Amazonas,Manaus,Planalto
AM,Amazonas,Manaus,Planalto Campos Elíseos
AM,Amazonas,Manaus,Ponta Negra
AM,Amazonas,Manaus,Pq 10 de Novembro
AM,Amazonas,Manaus,Pq Adrianópolis
AM,Amazonas,Manaus,Pq dos Estados
AM,Amazonas,Manaus,Pq Itapuranga
AM,Amazonas,Manaus,Pq Laranjeiras
AM,Amazonas,Manaus,Pq Riachuelo
AM,Amazonas,Manaus,Praça 14 de Janeiro
AM,Amazonas,Manaus,Praça Quatorze de Janeiro
AM,Amazonas,Manaus,Presidente Vargas
AM,Amazonas,Manaus,Raiz
AM,Amazonas,Manaus,Recreio dos Bandeirantes
AM,Amazonas,Manaus,Redenção
AM,Amazonas,Manaus,Residencial Bosque Estrelas
AM,Amazonas,Manaus,Residencial Jardim Flamboyant
AM,Amazonas,Manaus,Residencial Jardim Imperial
AM,Amazonas,Manaus,Residencial Rio Rei
AM,Amazonas,Manaus,Riacho Doce
AM,Amazonas,Manaus,Riacho Doce III
AM,Amazonas,Manaus,Rio Piorini
AM,Amazonas,Manaus,Santa Cruz
AM,Amazonas,Manaus,Santa Etelvina
AM,Amazonas,Manaus,Santa Inês
AM,Amazonas,Manaus,Santa Luzia
AM,Amazonas,Manaus,Santa Tereza
AM,Amazonas,Manaus,Santa Terezinha
AM,Amazonas,Manaus,Santo Agostinho
AM,Amazonas,Manaus,Santo Antônio
AM,Amazonas,Manaus,São Francisco
AM,Amazonas,Manaus,São Geraldo
AM,Amazonas,Manaus,São Jorge
AM,Amazonas,Manaus,São José  1
AM,Amazonas,Manaus,São José 2
AM,Amazonas,Manaus,São José l
AM,Amazonas,Manaus,Sao Jose Operario
AM,Amazonas,Manaus,São Lázaro
AM,Amazonas,Manaus,São Lucas
AM,Amazonas,Manaus,São Raimundo
AM,Amazonas,Manaus,São Sebastião
AM,Amazonas,Manaus,SãoJosé I
AM,Amazonas,Manaus,Sem Bairro
AM,Amazonas,Manaus,Shangrilá IV
AM,Amazonas,Manaus,Solar Flores
AM,Amazonas,Manaus,Tancredo Neves
AM,Amazonas,Manaus,Tarumã
AM,Amazonas,Manaus,Tauá
AM,Amazonas,Manaus,Telégrafo
AM,Amazonas,Manaus,Tropical
AM,Amazonas,Manaus,União
AM,Amazonas,Manaus,União - Parque 10 
AM,Amazonas,Manaus,União Vitória
AM,Amazonas,Manaus,Val Paraíso
AM,Amazonas,Manaus,Vale do Amanhecer
AM,Amazonas,Manaus,Vale Sinai
AM,Amazonas,Manaus,Vieira Alves
AM,Amazonas,Manaus,Vila Alfredo Nascimento
AM,Amazonas,Manaus,Vila Buriti
AM,Amazonas,Manaus,Vila Felicidade
AM,Amazonas,Manaus,Vila Operaria
AM,Amazonas,Manaus,Vila Prata
AM,Amazonas,Manaus,Vila São José Rio Negro
AM,Amazonas,Manaus,Vila Versalles
AM,Amazonas,Manaus,Vivenda Verde
AM,Amazonas,Manaus,Zona Rural
AM,Amazonas,Manaus,Zumbi
AM,Amazonas,Manaus,Zumbi dos Palmares
AM,Amazonas,Manaus,Zumbi dos Palmares I
AM,Amazonas,Manaus,Zumbi dos Palmares II
AM,Amazonas,Manaus,Zumbi dos Palmares III
AM,Amazonas,Aldeia Piau
AM,Amazonas,Alvarães
AM,Amazonas,Alvarães,Centro
AM,Amazonas,Alvarães,Olaria
AM,Amazonas,Alvarães,Santa Luzia
AM,Amazonas,Alvarães,Sao Francisco
AM,Amazonas,Alvarães,Visaginha
AM,Amazonas,Amaturá
AM,Amazonas,Amaturá,Centro
AM,Amazonas,Amaturá,Cidade Nova
AM,Amazonas,Amaturá,Novo
AM,Amazonas,Amazonas
AM,Amazonas,Amazonas,Alvorada II
AM,Amazonas,Anamã
AM,Amazonas,Anamã,Centro
AM,Amazonas,Anamã,Multirão
AM,Amazonas,Anori
AM,Amazonas,Anori,Beira Mar
AM,Amazonas,Anori,Centro
AM,Amazonas,Anori,Japao
AM,Amazonas,Anori,Sao Carlos
AM,Amazonas,Anori,Sao Sebastiao
AM,Amazonas,Apuí
AM,Amazonas,Apuí,Centro
AM,Amazonas,Apuí,Liberdade
AM,Amazonas,Apuí,Morena
AM,Amazonas,Apuí,Vila Nova
AM,Amazonas,Apuí,Vila Rica
AM,Amazonas,Araras
AM,Amazonas,Araras,Centro
AM,Amazonas,Atalaia do Norte
AM,Amazonas,Atalaia do Norte,Centro
AM,Amazonas,Atalaia do Norte,Sta Luzia
AM,Amazonas,Augusto Montenegro
AM,Amazonas,Augusto Montenegro,Centro
AM,Amazonas,Autazes
AM,Amazonas,Autazes,Centro
AM,Amazonas,Autazes,Engenho
AM,Amazonas,Autazes,Multirao
AM,Amazonas,Autazes,Novo
AM,Amazonas,Autazes,Olinda
AM,Amazonas,Autazes,Pantaleao
AM,Amazonas,Autazes,Santa Luzia
AM,Amazonas,Autazes,Sao Jose
AM,Amazonas,Autazes,Taranta
AM,Amazonas,Autazes,Valdomiro Sampaio
AM,Amazonas,Auxiliadora - Humaitá
AM,Amazonas,Axinim
AM,Amazonas,Axinim,Centro
AM,Amazonas,Balbina
AM,Amazonas,Balbina,Vila Atroari
AM,Amazonas,Balbina,Vila Waimiri
AM,Amazonas,Barcelos
AM,Amazonas,Barcelos,Aparecida
AM,Amazonas,Barcelos,Centro
AM,Amazonas,Barcelos,Gruta
AM,Amazonas,Barcelos,Nazaré
AM,Amazonas,Barcelos,s Sebastiao
AM,Amazonas,Barcelos,Sao Francisco
AM,Amazonas,Barcelos,Sao Lazaro
AM,Amazonas,Barcelos,Sao Sebastiao
AM,Amazonas,Barreira do Andirá
AM,Amazonas,Barreira do Andirá,Centro
AM,Amazonas,Barreirinha
AM,Amazonas,Barreirinha,Centro
AM,Amazonas,Barreirinha,Ladislau Lucas
AM,Amazonas,Barreirinha,Raiz
AM,Amazonas,Barreirinha,Santa Luzia
AM,Amazonas,Barreirinha,Sao Geraldo
AM,Amazonas,Barreirinha,Sao Judas Tadeu
AM,Amazonas,Bela Vista - Manacapuru
AM,Amazonas,Bela Vista - Manacapuru,Centro
AM,Amazonas,Bela Vista - Manacapuru,Col Bela Vista
AM,Amazonas,Belém
AM,Amazonas,Belém,Centro
AM,Amazonas,Benjamin Constant
AM,Amazonas,Benjamin Constant,Bom Jardim
AM,Amazonas,Benjamin Constant,Centro
AM,Amazonas,Benjamin Constant,Cohab Am
AM,Amazonas,Benjamin Constant,Coimbra
AM,Amazonas,Benjamin Constant,Colonia
AM,Amazonas,Benjamin Constant,Marizal
AM,Amazonas,Beruri
AM,Amazonas,Beruri,Centro
AM,Amazonas,Beruri,Ribeirinho
AM,Amazonas,Beruri,Sao Francisco
AM,Amazonas,Beruri,São Pedro
AM,Amazonas,Betânia - Santo Antônio do Içá
AM,Amazonas,Betânia - Santo Antônio do Içá,Centro
AM,Amazonas,Bitencourt
AM,Amazonas,Bitencourt,Centro
AM,Amazonas,Boa Vista do Ramos
AM,Amazonas,Boa Vista do Ramos,Boa Esperanca
AM,Amazonas,Boa Vista do Ramos,Buiuna
AM,Amazonas,Boa Vista do Ramos,Centro
AM,Amazonas,Boa Vista do Ramos,Santa Luzia
AM,Amazonas,Boa Vista do Ramos,São Cristóvão
AM,Amazonas,Boa Vista do Ramos,Sao Sebastiao
AM,Amazonas,Boca do Acre
AM,Amazonas,Boca do Acre,Centro
AM,Amazonas,Boca do Acre,Fortaleza
AM,Amazonas,Boca do Acre,Macaxeiral
AM,Amazonas,Boca do Acre,Plato Piquia
AM,Amazonas,Boca do Acre,Praia Gado
AM,Amazonas,Boca do Acre,Rocha Miranda
AM,Amazonas,Boca do Jacaré
AM,Amazonas,Boca do Jacaré,Centro
AM,Amazonas,Borba
AM,Amazonas,Borba,Bela Vista
AM,Amazonas,Borba,Centro
AM,Amazonas,Borba,Cristo Rei
AM,Amazonas,Borba,Ipiranga
AM,Amazonas,Borba,Recreio
AM,Amazonas,Borba,Sao Sebastiao
AM,Amazonas,Borba,Sham
AM,Amazonas,Caapiranga
AM,Amazonas,Caapiranga,Centro
AM,Amazonas,Caapiranga,Liberdade
AM,Amazonas,Caapiranga,Petrópolis
AM,Amazonas,Caapiranga,Santa Luzia
AM,Amazonas,Caapiranga,Santo Antonio
AM,Amazonas,Caburí
AM,Amazonas,Caburí,Centro
AM,Amazonas,Cacau Pirêra
AM,Amazonas,Cacau Pirêra,Cacau Pirera
AM,Amazonas,Cacau Pirêra,Centro
AM,Amazonas,Cacau Pirêra,Cidade Nova
AM,Amazonas,Cacau Pirêra,Mutirao
AM,Amazonas,Cacau Pirêra,Nova Veneza
AM,Amazonas,Cacau Pirêra,Parque Caboclo
AM,Amazonas,Cacau Pirêra,Sao Jose
AM,Amazonas,Caiambé
AM,Amazonas,Caiambé,Centro
AM,Amazonas,Cametá
AM,Amazonas,Cametá,Aparecida
AM,Amazonas,Cametá,Centro
AM,Amazonas,Canoas
AM,Amazonas,Canoas,Centro
AM,Amazonas,Canumã
AM,Amazonas,Canumã,Centro
AM,Amazonas,Canutama
AM,Amazonas,Canutama,Centro
AM,Amazonas,Canutama,Sao Francisco
AM,Amazonas,Canutama,Sao Pedro
AM,Amazonas,Canutama,Terra Firme
AM,Amazonas,Carauari
AM,Amazonas,Carauari,Bairro Fatima
AM,Amazonas,Carauari,Centro
AM,Amazonas,Carauari,Fatima
AM,Amazonas,Carauari,Nova Republica
AM,Amazonas,Carauari,Samuel Amaral
AM,Amazonas,Carauari,Santo Antônio
AM,Amazonas,Careiro
AM,Amazonas,Careiro,Castanho
AM,Amazonas,Careiro,Centro
AM,Amazonas,Careiro,Novo Horizonte
AM,Amazonas,Careiro,Vista Alegre
AM,Amazonas,Careiro da Várzea
AM,Amazonas,Careiro da Várzea,Centro
AM,Amazonas,Castanhal - Urucará
AM,Amazonas,Castanhal - Urucará,Centro
AM,Amazonas,Céu do Mapia
AM,Amazonas,Céu do Mapia,Centro
AM,Amazonas,Coari
AM,Amazonas,Coari,Amazonino
AM,Amazonas,Coari,Centro
AM,Amazonas,Coari,Chagas Aguiar
AM,Amazonas,Coari,Duque Caxias
AM,Amazonas,Coari,Espirito Santo
AM,Amazonas,Coari,Itamarati
AM,Amazonas,Coari,Nair Diniz
AM,Amazonas,Coari,Parque Neide Lins Albuq
AM,Amazonas,Coari,Pera
AM,Amazonas,Coari,Samuel Amaral
AM,Amazonas,Coari,Santa Efigenia
AM,Amazonas,Coari,Santa Helena
AM,Amazonas,Coari,Sham
AM,Amazonas,Coari,Silvio Aquino
AM,Amazonas,Coari,Taua Mirim
AM,Amazonas,Coari,Uniao
AM,Amazonas,Coari,Urucu
AM,Amazonas,Codajás
AM,Amazonas,Codajás,Centro
AM,Amazonas,Codajás,Colônia
AM,Amazonas,Codajás,Colônia Major Thurry
AM,Amazonas,Codajás,Duque Caxias
AM,Amazonas,Codajás,Laguinho
AM,Amazonas,Codajás,Major Thury
AM,Amazonas,Codajás,Sao Francisco
AM,Amazonas,Codajás,Vitoria Regia
AM,Amazonas,Colônia São Sebastião - São Paulo de Olivença
AM,Amazonas,Colônia São Sebastião - São Paulo de Olivença,Centro
AM,Amazonas,Comunidade de Acanaui
AM,Amazonas,Copatana
AM,Amazonas,Copatana,Centro
AM,Amazonas,Cucui
AM,Amazonas,Cucui,Centro
AM,Amazonas,Eirunepé
AM,Amazonas,Eirunepé,Aparecida
AM,Amazonas,Eirunepé,Centro
AM,Amazonas,Eirunepé,Conjunto 31 de Marco
AM,Amazonas,Eirunepé,n s Perpetuo Socorro
AM,Amazonas,Eirunepé,Ns Aparecida
AM,Amazonas,Eirunepé,Ns Fátima
AM,Amazonas,Eirunepé,Santo Antonio
AM,Amazonas,Eirunepé,Sao Jose
AM,Amazonas,Envira
AM,Amazonas,Envira,Centro
AM,Amazonas,Envira,Concordia
AM,Amazonas,Envira,Nova Esperanca
AM,Amazonas,Envira,Rodoviario
AM,Amazonas,Envira,Santa Rita
AM,Amazonas,Envira,Sao Francisco
AM,Amazonas,Envira,Vazia
AM,Amazonas,Estirão do Equador - Atalaia do Norte
AM,Amazonas,Estirão do Equador - Atalaia do Norte,Centro
AM,Amazonas,Feijoal
AM,Amazonas,Feijoal,Centro
AM,Amazonas,Filadélfia
AM,Amazonas,Filadélfia,Centro
AM,Amazonas,Fonte Boa
AM,Amazonas,Fonte Boa,Acacu
AM,Amazonas,Fonte Boa,Ajuricaba
AM,Amazonas,Fonte Boa,Bare
AM,Amazonas,Fonte Boa,Centro
AM,Amazonas,Fonte Boa,Cidade Nova
AM,Amazonas,Fonte Boa,Rodagem
AM,Amazonas,Fonte Boa,Sao Francisco i
AM,Amazonas,Foz do Tapauá
AM,Amazonas,Foz do Tapauá,Centro
AM,Amazonas,Freguesia do Andirá
AM,Amazonas,Freguesia do Andirá,Centro
AM,Amazonas,Freguesia do Andirá,Com Freguesia
AM,Amazonas,Furo do Araçá - Careiro
AM,Amazonas,Guajará
AM,Amazonas,Guajará,Centro
AM,Amazonas,Guajará,Cj Dona Alice
AM,Amazonas,Humaitá
AM,Amazonas,Humaitá,Area Rural
AM,Amazonas,Humaitá,Centro
AM,Amazonas,Humaitá,Divino Pranto
AM,Amazonas,Humaitá,Embratel
AM,Amazonas,Humaitá,Esperanca
AM,Amazonas,Humaitá,Matinha
AM,Amazonas,Humaitá,Nova Humaitá
AM,Amazonas,Humaitá,Novo Centenario
AM,Amazonas,Humaitá,Ns Carmo
AM,Amazonas,Humaitá,Olarias
AM,Amazonas,Humaitá,Parque das Mangabeiras
AM,Amazonas,Humaitá,Pedra Negra
AM,Amazonas,Humaitá,Poupex
AM,Amazonas,Humaitá,s Domingos Savio
AM,Amazonas,Humaitá,Santo Antonio
AM,Amazonas,Humaitá,Sao Cristovao
AM,Amazonas,Humaitá,Sao Francisco
AM,Amazonas,Humaitá,Sao Jose
AM,Amazonas,Humaitá,Sao Pedro
AM,Amazonas,Humaitá,Sao Sebastiao
AM,Amazonas,Humaitá,Sucam
AM,Amazonas,Iauaretê
AM,Amazonas,Iauaretê,Aparecida
AM,Amazonas,Iauaretê,Centro
AM,Amazonas,Iauaretê,Dom Bosco
AM,Amazonas,Iauaretê,Macucu
AM,Amazonas,Iauaretê,Sao Jose Operario
AM,Amazonas,Iauaretê,Sao Miguel
AM,Amazonas,Ipiranga - Santo Antônio do Içá
AM,Amazonas,Ipiranga - Santo Antônio do Içá,Centro
AM,Amazonas,Ipixuna
AM,Amazonas,Ipixuna,Centro
AM,Amazonas,Ipixuna,Cj Mário Cordeiro
AM,Amazonas,Iranduba
AM,Amazonas,Iranduba,Altos
AM,Amazonas,Iranduba,Area Rural
AM,Amazonas,Iranduba,Centro
AM,Amazonas,Iranduba,Cidade Nova
AM,Amazonas,Iranduba,Com Sao Sebastiao
AM,Amazonas,Iranduba,Laranjal
AM,Amazonas,Iranduba,Morada Sol
AM,Amazonas,Iranduba,Mutirao Cacau
AM,Amazonas,Iranduba,Novo Amanhecer
AM,Amazonas,Iranduba,Sao Francisco
AM,Amazonas,Iranduba,Vai Quem Quer
AM,Amazonas,Iranduba,Varzea
AM,Amazonas,Itacoatiara
AM,Amazonas,Itacoatiara,Araujo Costa
AM,Amazonas,Itacoatiara,Area Rural
AM,Amazonas,Itacoatiara,Centro
AM,Amazonas,Itacoatiara,Cj Novo Horizonte
AM,Amazonas,Itacoatiara,Col Terra Nova
AM,Amazonas,Itacoatiara,Colonia
AM,Amazonas,Itacoatiara,Iracy
AM,Amazonas,Itacoatiara,Jardim Floresta
AM,Amazonas,Itacoatiara,Jardim Michele
AM,Amazonas,Itacoatiara,Jauari
AM,Amazonas,Itacoatiara,Jauari ii
AM,Amazonas,Itacoatiara,Mutirao
AM,Amazonas,Itacoatiara,Pedreira
AM,Amazonas,Itacoatiara,Prainha
AM,Amazonas,Itacoatiara,Santa Luzia
AM,Amazonas,Itacoatiara,Santo Antonio
AM,Amazonas,Itacoatiara,Sao Cristovao
AM,Amazonas,Itacoatiara,Sao Francisco
AM,Amazonas,Itacoatiara,Sao Jorge
AM,Amazonas,Itacoatiara,Sao Raimundo
AM,Amazonas,Itacoatiara,Tiradentes
AM,Amazonas,Itacoatiara,Zona Urbana
AM,Amazonas,Itamarati
AM,Amazonas,Itamarati,Centro
AM,Amazonas,Itapeacu
AM,Amazonas,Itapeacu,Centro
AM,Amazonas,Itapiranga
AM,Amazonas,Itapiranga,Cajual
AM,Amazonas,Itapiranga,Caracarai
AM,Amazonas,Itapiranga,Centro
AM,Amazonas,Itapiranga,Cidade Baixa
AM,Amazonas,Itapiranga,Gilberto Mestrinho
AM,Amazonas,Itapiranga,Jardim Primavera
AM,Amazonas,Itapiranga,Santana
AM,Amazonas,Itapiranga,Sao Thome
AM,Amazonas,Japurá
AM,Amazonas,Japurá,Centro
AM,Amazonas,Japurá,Chico Vieira
AM,Amazonas,Japurá,Novo
AM,Amazonas,Japurá,Samauma
AM,Amazonas,Jui
AM,Amazonas,Jui,Centro
AM,Amazonas,Juruá
AM,Amazonas,Juruá,Centro
AM,Amazonas,Juruá,Sao Francisco
AM,Amazonas,Juruá,Tancredo Neves
AM,Amazonas,Jutaí
AM,Amazonas,Jutaí,Centro
AM,Amazonas,Jutaí,Santo Antonio
AM,Amazonas,Jutaí,Sao Francisco
AM,Amazonas,Jutaí,Sao Jose
AM,Amazonas,Jutaí,Sao Pedro
AM,Amazonas,Lábrea
AM,Amazonas,Lábrea,Barra Limpa
AM,Amazonas,Lábrea,Centro
AM,Amazonas,Lábrea,Cj Teofolo Said
AM,Amazonas,Lábrea,Fonte
AM,Amazonas,Lábrea,n s Fatima
AM,Amazonas,Lábrea,Pantanal
AM,Amazonas,Lábrea,Ponta Negra
AM,Amazonas,Lábrea,Sao Jose
AM,Amazonas,Lábrea,Vila Falcao
AM,Amazonas,Lago do Limão
AM,Amazonas,Lago do Limão,Lago Limao
AM,Amazonas,Lauro Sodré - Coari
AM,Amazonas,Manacapuru
AM,Amazonas,Manacapuru,Adrianópólis
AM,Amazonas,Manacapuru,Aparecida
AM,Amazonas,Manacapuru,Biri Biri
AM,Amazonas,Manacapuru,Centro
AM,Amazonas,Manacapuru,Cohab Am
AM,Amazonas,Manacapuru,Conjunto Manauense
AM,Amazonas,Manacapuru,Correnteza
AM,Amazonas,Manacapuru,Figueirinha
AM,Amazonas,Manacapuru,Inconfidencia
AM,Amazonas,Manacapuru,Independencia
AM,Amazonas,Manacapuru,Lago Azul
AM,Amazonas,Manacapuru,Liberdade
AM,Amazonas,Manacapuru,Morada Sol
AM,Amazonas,Manacapuru,Multirao
AM,Amazonas,Manacapuru,Ns Nazare
AM,Amazonas,Manacapuru,Policarpo Souz
AM,Amazonas,Manacapuru,Sao Francisco
AM,Amazonas,Manacapuru,Sao Jose
AM,Amazonas,Manacapuru,Terra Preta
AM,Amazonas,Manacapuru,Uniao
AM,Amazonas,Manaquiri
AM,Amazonas,Manaquiri,Ajuricaba
AM,Amazonas,Manaquiri,Centro
AM,Amazonas,Manaquiri,Cj Novo
AM,Amazonas,Manaus
AM,Amazonas,Manaus,Adianópolis
AM,Amazonas,Manaus,Adrianápolis
AM,Amazonas,Manaus,Adrianópolis
AM,Amazonas,Manaus,Aleixo
AM,Amazonas,Manaus,Alfredo Nascimento
AM,Amazonas,Manaus,Alvorada
AM,Amazonas,Manaus,Amazonino Mendes
AM,Amazonas,Manaus,Aparecida
AM,Amazonas,Manaus,Área Rural
AM,Amazonas,Manaus,Armando Mendes
AM,Amazonas,Manaus,Bairro da Paz
AM,Amazonas,Manaus,Betânia
AM,Amazonas,Manaus,Bom Jardim
AM,Amazonas,Manaus,Braga Mendes
AM,Amazonas,Manaus,Cachoeirinha
AM,Amazonas,Manaus,Campo Dourado
AM,Amazonas,Manaus,Campos Elíseos
AM,Amazonas,Manaus,Campos Elíseos  II
AM,Amazonas,Manaus,Caramuru
AM,Amazonas,Manaus,Castanheiras
AM,Amazonas,Manaus,CD Res Int P Negra
AM,Amazonas,Manaus,Centro
AM,Amazonas,Manaus,Chapada
AM,Amazonas,Manaus,Ciadade Nova
AM,Amazonas,Manaus,Cidade Alta
AM,Amazonas,Manaus,Cidade de Deus
AM,Amazonas,Manaus,Cidade Leste
AM,Amazonas,Manaus,Cidade Nova
AM,Amazonas,Manaus,Cidade Nova 1
AM,Amazonas,Manaus,Cidade Nova 5 Mutirão
AM,Amazonas,Manaus,Cidade Nova III
AM,Amazonas,Manaus,Cj 31 de Marco
AM,Amazonas,Manaus,Cj A Virgílio Fº
AM,Amazonas,Manaus,Cj Américo Medeiros
AM,Amazonas,Manaus,Cj Bancários S Jorge
AM,Amazonas,Manaus,Cj Beija Flor II
AM,Amazonas,Manaus,Cj Canaranas
AM,Amazonas,Manaus,Cj Celetramazon
AM,Amazonas,Manaus,Cj Cidadão
AM,Amazonas,Manaus,Cj Cophasa
AM,Amazonas,Manaus,Cj Fca Mendes II
AM,Amazonas,Manaus,Cj Hab Sgt Pantoja
AM,Amazonas,Manaus,Cj Ipase
AM,Amazonas,Manaus,Cj Jardim Asteca
AM,Amazonas,Manaus,Cj Jardim Eden
AM,Amazonas,Manaus,Cj Jardim Juruá
AM,Amazonas,Manaus,Cj Jardim Oriente
AM,Amazonas,Manaus,Cj Jardim Uirapuru
AM,Amazonas,Manaus,Cj Kissia
AM,Amazonas,Manaus,Cj Manauense
AM,Amazonas,Manaus,Cj Nova República II
AM,Amazonas,Manaus,Cj Osvaldo Frota II
AM,Amazonas,Manaus,Cj Parque Aripuanã
AM,Amazonas,Manaus,Cj Parque das Nações
AM,Amazonas,Manaus,Cj Parque Shangrilá II
AM,Amazonas,Manaus,Cj Parque Shangrilá III
AM,Amazonas,Manaus,Cj Parque Shangrilá VII
AM,Amazonas,Manaus,Cj Paulo Nery
AM,Amazonas,Manaus,Cj Plácido de Castro
AM,Amazonas,Manaus,Cj Renato S Pinto II
AM,Amazonas,Manaus,Cj Ribeiro Jr
AM,Amazonas,Manaus,Cj Santo Aleixo
AM,Amazonas,Manaus,Cj Sen João Bosco I
AM,Amazonas,Manaus,Cj Sérgio P Neto
AM,Amazonas,Manaus,Cj Vila Marinho
AM,Amazonas,Manaus,Cj Villa da Barra
AM,Amazonas,Manaus,Cj Villa do Rei
AM,Amazonas,Manaus,Cj Villa Real
AM,Amazonas,Manaus,Cj Villa Rica
AM,Amazonas,Manaus,Cj Villar Câmara
AM,Amazonas,Manaus,Cj. Nascente das Águas
AM,Amazonas,Manaus,Col Antônio Aleixo
AM,Amazonas,Manaus,Col Oliveira Machado
AM,Amazonas,Manaus,Col Sto Antônio
AM,Amazonas,Manaus,Col Sto Antônio Flores
AM,Amazonas,Manaus,Col Terra Nova
AM,Amazonas,Manaus,Colônia Antônio
AM,Amazonas,Manaus,Colônia Antônio Aleixo
AM,Amazonas,Manaus,Colônia Chico Mendes
AM,Amazonas,Manaus,Colônia Japonesa
AM,Amazonas,Manaus,colonia oliv machado
AM,Amazonas,Manaus,Colônia Oliveira Machado
AM,Amazonas,Manaus,Colônia Santo Antonio
AM,Amazonas,Manaus,Colônia Terra Nova
AM,Amazonas,Manaus,Com 19 de Junho
AM,Amazonas,Manaus,Com Betel
AM,Amazonas,Manaus,Com Bom Jesus
AM,Amazonas,Manaus,Com Mundo Novo
AM,Amazonas,Manaus,Com Ns P Socorro
AM,Amazonas,Manaus,Com Simão Cardoso
AM,Amazonas,Manaus,Compensa
AM,Amazonas,Manaus,Compensa 2
AM,Amazonas,Manaus,Comunidade 19 de Junho
AM,Amazonas,Manaus,Comunidade Beija Flor
AM,Amazonas,Manaus,Comunidade Betel
AM,Amazonas,Manaus,Comunidade da Sharp
AM,Amazonas,Manaus,Comunidade de Deus
AM,Amazonas,Manaus,Comunidade Mundo Novo
AM,Amazonas,Manaus,Comunidade N S P Socorro
AM,Amazonas,Manaus,Comunidade Ouro Verde
AM,Amazonas,Manaus,Comunidade Santa Luzia
AM,Amazonas,Manaus,Comunidade São Francisco
AM,Amazonas,Manaus,Comunidade Simão Cardoso
AM,Amazonas,Manaus,Condomínio Arvoredo
AM,Amazonas,Manaus,Condomínio Efigênio Salles
AM,Amazonas,Manaus,Condomínio Greenhold Park
AM,Amazonas,Manaus,Condomínio Imperial
AM,Amazonas,Manaus,Condomínio Ipanema
AM,Amazonas,Manaus,Condomínio Iurita
AM,Amazonas,Manaus,Condomínio Jardim Santorini
AM,Amazonas,Manaus,Condomínio Joaquim Ribeiro
AM,Amazonas,Manaus,Condomínio La Ville
AM,Amazonas,Manaus,Condomínio Malibu
AM,Amazonas,Manaus,Condomínio Mariua
AM,Amazonas,Manaus,Condomínio Pq do Lago
AM,Amazonas,Manaus,Condomínio Res Int P Negra
AM,Amazonas,Manaus,Condomínio Res Laranjeiras
AM,Amazonas,Manaus,Condomínio São Salvador
AM,Amazonas,Manaus,Condomínio Shalon Tower Park
AM,Amazonas,Manaus,Conj Belvedere
AM,Amazonas,Manaus,Conj Parq das Laranjeiras
AM,Amazonas,Manaus,Conjunto Abílio Nery
AM,Amazonas,Manaus,Conjunto Acariquara
AM,Amazonas,Manaus,Conjunto Advogados
AM,Amazonas,Manaus,Conjunto Agricentro
AM,Amazonas,Manaus,Conjunto Ajuribaca
AM,Amazonas,Manaus,Conjunto Ajuricaba
AM,Amazonas,Manaus,Conjunto Alphaville
AM,Amazonas,Manaus,Conjunto Álvaro Neves
AM,Amazonas,Manaus,Conjunto Amadeu Botelho
AM,Amazonas,Manaus,Conjunto Anavilhanas I
AM,Amazonas,Manaus,Conjunto Anavilhanas II
AM,Amazonas,Manaus,Conjunto Anavilhanas III
AM,Amazonas,Manaus,Conjunto Arco Íris
AM,Amazonas,Manaus,Conjunto Arco Íris III
AM,Amazonas,Manaus,Conjunto Aristocrático
AM,Amazonas,Manaus,Conjunto Arthur Reis
AM,Amazonas,Manaus,Conjunto Arthur Virgílio
AM,Amazonas,Manaus,Conjunto Asa
AM,Amazonas,Manaus,Conjunto Athilio Andreazza
AM,Amazonas,Manaus,Conjunto Augusto Montenegro
AM,Amazonas,Manaus,Conjunto Bancarios
AM,Amazonas,Manaus,Conjunto Barra Bella
AM,Amazonas,Manaus,Conjunto Beija Flor I
AM,Amazonas,Manaus,Conjunto Belo Horizonte
AM,Amazonas,Manaus,Conjunto Beverly Hills
AM,Amazonas,Manaus,Conjunto Canaã
AM,Amazonas,Manaus,Conjunto Castanheira II
AM,Amazonas,Manaus,Conjunto Castelinho
AM,Amazonas,Manaus,Conjunto Castelo Branco
AM,Amazonas,Manaus,Conjunto Chagas Aguiar
AM,Amazonas,Manaus,Conjunto Cidade Flores
AM,Amazonas,Manaus,Conjunto Cidade Nova 2
AM,Amazonas,Manaus,Conjunto Cidade Nova IV
AM,Amazonas,Manaus,Conjunto Colina do Aleixo
AM,Amazonas,Manaus,Conjunto Costa e Silva
AM,Amazonas,Manaus,Conjunto Déborah
AM,Amazonas,Manaus,Conjunto Eldorado
AM,Amazonas,Manaus,Conjunto Encontro das Água
AM,Amazonas,Manaus,Conjunto Flamanal
AM,Amazonas,Manaus,Conjunto Galiléia
AM,Amazonas,Manaus,Conjunto Grêmio Guanabara
AM,Amazonas,Manaus,Conjunto Hab Boas Novas
AM,Amazonas,Manaus,Conjunto Hab Sargento Pantoja
AM,Amazonas,Manaus,Conjunto Hileia I
AM,Amazonas,Manaus,Conjunto Hileia II
AM,Amazonas,Manaus,Conjunto Huascar Angelim
AM,Amazonas,Manaus,Conjunto Içá Paraíba
AM,Amazonas,Manaus,Conjunto Icaraí
AM,Amazonas,Manaus,Conjunto Itacolomi
AM,Amazonas,Manaus,Conjunto Itas
AM,Amazonas,Manaus,Conjunto Jardim
AM,Amazonas,Manaus,Conjunto Jardim Amazonas
AM,Amazonas,Manaus,Conjunto Jardim das Américas
AM,Amazonas,Manaus,Conjunto Jardim Espanha I
AM,Amazonas,Manaus,Conjunto Jardim Espanha II
AM,Amazonas,Manaus,Conjunto Jardim Espanha III
AM,Amazonas,Manaus,Conjunto Jardim Europa
AM,Amazonas,Manaus,Conjunto Jardim Haydea I
AM,Amazonas,Manaus,Conjunto Jardim Haydea II
AM,Amazonas,Manaus,Conjunto Jardim Haydea III
AM,Amazonas,Manaus,Conjunto Jardim Iolanda
AM,Amazonas,Manaus,Conjunto Jardim Itaóca
AM,Amazonas,Manaus,Conjunto Jardim Meridional
AM,Amazonas,Manaus,Conjunto Jardim Nova Friburgo
AM,Amazonas,Manaus,Conjunto Jardim Orquídea
AM,Amazonas,Manaus,Conjunto Jardim Paulista
AM,Amazonas,Manaus,Conjunto Jardim Petrópolis
AM,Amazonas,Manaus,Conjunto Jardim Primavera I
AM,Amazonas,Manaus,Conjunto Jardim Primavera II
AM,Amazonas,Manaus,Conjunto Jardim Versalles
AM,Amazonas,Manaus,Conjunto Jardim Versalles II
AM,Amazonas,Manaus,Conjunto João Paulo VI
AM,Amazonas,Manaus,Conjunto Manoa
AM,Amazonas,Manaus,Conjunto Manoel Nogueira
AM,Amazonas,Manaus,Conjunto Marina Tauá
AM,Amazonas,Manaus,Conjunto Monte Líbano
AM,Amazonas,Manaus,Conjunto Moto Importadora
AM,Amazonas,Manaus,Conjunto Mucuripe I
AM,Amazonas,Manaus,Conjunto Mucuripe III
AM,Amazonas,Manaus,Conjunto Murici
AM,Amazonas,Manaus,Conjunto Nasc Águas Claras
AM,Amazonas,Manaus,Conjunto Novo Mundo
AM,Amazonas,Manaus,Conjunto Osvaldo Frota I
AM,Amazonas,Manaus,Conjunto Ouro Preto
AM,Amazonas,Manaus,Conjunto Parque Aruanã
AM,Amazonas,Manaus,Conjunto Parque das Laranjeira
AM,Amazonas,Manaus,Conjunto Parque das Palmeiras
AM,Amazonas,Manaus,Conjunto Parque das Samambaias
AM,Amazonas,Manaus,Conjunto Parque das Sucupiras
AM,Amazonas,Manaus,Conjunto Parque dos Rios I
AM,Amazonas,Manaus,Conjunto Parque Jeruzalém
AM,Amazonas,Manaus,Conjunto Parque Res Ouro Negro
AM,Amazonas,Manaus,Conjunto Parque Shangrilá I
AM,Amazonas,Manaus,Conjunto Parque Shangrilá IV
AM,Amazonas,Manaus,Conjunto Parque Tropical
AM,Amazonas,Manaus,Conjunto Petro
AM,Amazonas,Manaus,Conjunto Pindorama
AM,Amazonas,Manaus,Conjunto Renascer
AM,Amazonas,Manaus,Conjunto Renato S Pinto I
AM,Amazonas,Manaus,Conjunto Res Acácias
AM,Amazonas,Manaus,Conjunto Res Ben Hur
AM,Amazonas,Manaus,Conjunto Res Cruzeiro Sul
AM,Amazonas,Manaus,Conjunto Res da Aefam
AM,Amazonas,Manaus,Conjunto Res Eduardo Gomes
AM,Amazonas,Manaus,Conjunto Res Emanuele
AM,Amazonas,Manaus,Conjunto Res Florença
AM,Amazonas,Manaus,Conjunto Res House Ville
AM,Amazonas,Manaus,Conjunto Res Jardim Friburgo
AM,Amazonas,Manaus,Conjunto Res Lago Azul
AM,Amazonas,Manaus,Conjunto Res Rio Tupana
AM,Amazonas,Manaus,Conjunto Res Santa Maria
AM,Amazonas,Manaus,Conjunto Res São Camilo
AM,Amazonas,Manaus,Conjunto Rio Maracanã
AM,Amazonas,Manaus,Conjunto Rio Xingu
AM,Amazonas,Manaus,Conjunto Rouxinol
AM,Amazonas,Manaus,Conjunto Santos Dumont
AM,Amazonas,Manaus,Conjunto São Cristóvão
AM,Amazonas,Manaus,Conjunto Sausalito
AM,Amazonas,Manaus,Conjunto Sen João Bosco II
AM,Amazonas,Manaus,Conjunto Sgt Subt Polícia
AM,Amazonas,Manaus,Conjunto Sol Morar
AM,Amazonas,Manaus,Conjunto Sol Nascente
AM,Amazonas,Manaus,Conjunto Suplanzao
AM,Amazonas,Manaus,Conjunto Tapajós
AM,Amazonas,Manaus,Conjunto Tiradentes
AM,Amazonas,Manaus,Conjunto Veneza
AM,Amazonas,Manaus,Conjunto Verdes Mares I
AM,Amazonas,Manaus,Conjunto Verdes Mares II
AM,Amazonas,Manaus,Conjunto Vila Militar Bafuru
AM,Amazonas,Manaus,Conjunto Vila Militar Guarar
AM,Amazonas,Manaus,Conjunto Vila Militar P Negrão
AM,Amazonas,Manaus,Conjunto Vila Militar S Jorge
AM,Amazonas,Manaus,Conjunto Villa Ajuricaba
AM,Amazonas,Manaus,Conjunto Villa Amazonas
AM,Amazonas,Manaus,Conjunto Villa Humaitá
AM,Amazonas,Manaus,Conjunto Villa Municipal
AM,Amazonas,Manaus,Conjunto Villa Nova
AM,Amazonas,Manaus,Conjunto Villa Verde
AM,Amazonas,Manaus,Conjunto Villa Verde II
AM,Amazonas,Manaus,Conjunto Vista Bela
AM,Amazonas,Manaus,Conjunto Vivenda do Pontal
AM,Amazonas,Manaus,Coroado
AM,Amazonas,Manaus,Crespo
AM,Amazonas,Manaus,D. Pedro
AM,Amazonas,Manaus,D. Pedro II
AM,Amazonas,Manaus,D.Pedro I
AM,Amazonas,Manaus,D.Pedro I
AM,Amazonas,Manaus,Delzedere-Planalto
AM,Amazonas,Manaus,Distrito Industrial
AM,Amazonas,Manaus,Distrito Industrial II
AM,Amazonas,Manaus,Dom Pedro
AM,Amazonas,Manaus,Educando
AM,Amazonas,Manaus,Educandos
AM,Amazonas,Manaus,Estrela do Norte
AM,Amazonas,Manaus,Flores
AM,Amazonas,Manaus,Florestal
AM,Amazonas,Manaus,Francisca Mendes
AM,Amazonas,Manaus,Francisca Mendes II
AM,Amazonas,Manaus,Galo Carijó
AM,Amazonas,Manaus,Gilberto Mestrinho
AM,Amazonas,Manaus,Glória
AM,Amazonas,Manaus,Grande Vitória
AM,Amazonas,Manaus,Guaratiba
AM,Amazonas,Manaus,Hiléia
AM,Amazonas,Manaus,Japiim
AM,Amazonas,Manaus,Japiim II
AM,Amazonas,Manaus,Japiinlândia
AM,Amazonas,Manaus,Japim I
AM,Amazonas,Manaus,Jardim Hileia
AM,Amazonas,Manaus,Jardim Mauá
AM,Amazonas,Manaus,Jardim Tropical
AM,Amazonas,Manaus,Jd Tropical Dom Pedro
AM,Amazonas,Manaus,Jeruzalém
AM,Amazonas,Manaus,João Paulo
AM,Amazonas,Manaus,Jorge Teixeira
AM,Amazonas,Manaus,Jorge Teixeira IV
AM,Amazonas,Manaus,José Bonifácio
AM,Amazonas,Manaus,Lagoa Verde
AM,Amazonas,Manaus,Lírio do Vale
AM,Amazonas,Manaus,Loteamento Agnus Dei
AM,Amazonas,Manaus,Loteamento Bairro Novo
AM,Amazonas,Manaus,Loteamento Bom Pastor
AM,Amazonas,Manaus,Loteamento Buriti
AM,Amazonas,Manaus,Loteamento Campos Sales
AM,Amazonas,Manaus,Loteamento Centenário
AM,Amazonas,Manaus,Loteamento Evangélico
AM,Amazonas,Manaus,Loteamento Fazendinha
AM,Amazonas,Manaus,Loteamento Flávio Esp Santo
AM,Amazonas,Manaus,Loteamento Industriarios
AM,Amazonas,Manaus,Loteamento Jardim Fortaleza
AM,Amazonas,Manaus,Loteamento Jardim Manaus
AM,Amazonas,Manaus,Loteamento Novo Horizonte
AM,Amazonas,Manaus,Loteamento Parque dos Tucanos
AM,Amazonas,Manaus,Loteamento Portal do Japão
AM,Amazonas,Manaus,Loteamento Pq das Mansões
AM,Amazonas,Manaus,Loteamento Pq Mauá
AM,Amazonas,Manaus,Loteamento Res América Sul
AM,Amazonas,Manaus,Loteamento Santa Rita
AM,Amazonas,Manaus,Loteamento Tapajós II
AM,Amazonas,Manaus,Loteamento Vera Cruz
AM,Amazonas,Manaus,Loteamento Vitória
AM,Amazonas,Manaus,Loteamento Waldomiro
AM,Amazonas,Manaus,Marina Rio Belo
AM,Amazonas,Manaus,Mauazinho
AM,Amazonas,Manaus,Mauazinho - CEASA
AM,Amazonas,Manaus,Monte Castelo
AM,Amazonas,Manaus,Monte Cristo
AM,Amazonas,Manaus,Monte Oliveiras
AM,Amazonas,Manaus,Monte Pascoal
AM,Amazonas,Manaus,Monte Sião
AM,Amazonas,Manaus,Monte Sinai
AM,Amazonas,Manaus,Morada do Sol
AM,Amazonas,Manaus,Morro da Liberdade
AM,Amazonas,Manaus,Mundo Novo
AM,Amazonas,Manaus,N S de Fátima
AM,Amazonas,Manaus,Neópolis
AM,Amazonas,Manaus,Nossa Senhora das Gr
AM,Amazonas,Manaus,Nossa Sra ds Graças
AM,Amazonas,Manaus,Nova Cidade
AM,Amazonas,Manaus,Nova Conquista
AM,Amazonas,Manaus,Nova Esperança
AM,Amazonas,Manaus,Nova Esperança I
AM,Amazonas,Manaus,Nova Esperança II
AM,Amazonas,Manaus,Nova Floresta
AM,Amazonas,Manaus,Novo Aleixo
AM,Amazonas,Manaus,Novo Israel
AM,Amazonas,Manaus,Novo Reino
AM,Amazonas,Manaus,Novo Reino II
AM,Amazonas,Manaus,Ns das Graças
AM,Amazonas,Manaus,Ns Fátima
AM,Amazonas,Manaus,Ns Graças
AM,Amazonas,Manaus,NSª das Graças
AM,Amazonas,Manaus,Nsa Sra das Graças
AM,Amazonas,Manaus,Oriental
AM,Amazonas,Manaus,Oswaldo Cruz
AM,Amazonas,Manaus,Ouro Verde
AM,Amazonas,Manaus,Parque 10 Novembro/Cidade
AM,Amazonas,Manaus,Parque 10 Novembro/Cidade Nova
AM,Amazonas,Manaus,PARQUE DEZ DE NOVEMBRO
AM,Amazonas,Manaus,Parque Flores
AM,Amazonas,Manaus,Parque Itapuranga III
AM,Amazonas,Manaus,Parque Res Itapuranga I
AM,Amazonas,Manaus,Parque Res Ponte Bolívia
AM,Amazonas,Manaus,Paz
AM,Amazonas,Manaus,Pça 14 de Janeiro
AM,Amazonas,Manaus,Penha
AM,Amazonas,Manaus,Petrópolis
AM,Amazonas,Manaus,Planalto
AM,Amazonas,Manaus,Planalto Campos Elíseos
AM,Amazonas,Manaus,Ponta Negra
AM,Amazonas,Manaus,Pq 10 de Novembro
AM,Amazonas,Manaus,Pq Adrianópolis
AM,Amazonas,Manaus,Pq dos Estados
AM,Amazonas,Manaus,Pq Itapuranga
AM,Amazonas,Manaus,Pq Laranjeiras
AM,Amazonas,Manaus,Pq Riachuelo
AM,Amazonas,Manaus,Praça 14 de Janeiro
AM,Amazonas,Manaus,Praça Quatorze de Janeiro
AM,Amazonas,Manaus,Presidente Vargas
AM,Amazonas,Manaus,Raiz
AM,Amazonas,Manaus,Recreio dos Bandeirantes
AM,Amazonas,Manaus,Redenção
AM,Amazonas,Manaus,Residencial Bosque Estrelas
AM,Amazonas,Manaus,Residencial Jardim Flamboyant
AM,Amazonas,Manaus,Residencial Jardim Imperial
AM,Amazonas,Manaus,Residencial Rio Rei
AM,Amazonas,Manaus,Riacho Doce
AM,Amazonas,Manaus,Riacho Doce III
AM,Amazonas,Manaus,Rio Piorini
AM,Amazonas,Manaus,Santa Cruz
AM,Amazonas,Manaus,Santa Etelvina
AM,Amazonas,Manaus,Santa Inês
AM,Amazonas,Manaus,Santa Luzia
AM,Amazonas,Manaus,Santa Tereza
AM,Amazonas,Manaus,Santa Terezinha
AM,Amazonas,Manaus,Santo Agostinho
AM,Amazonas,Manaus,Santo Antônio
AM,Amazonas,Manaus,São Francisco
AM,Amazonas,Manaus,São Geraldo
AM,Amazonas,Manaus,São Jorge
AM,Amazonas,Manaus,São José  1
AM,Amazonas,Manaus,São José 2
AM,Amazonas,Manaus,São José l
AM,Amazonas,Manaus,Sao Jose Operario
AM,Amazonas,Manaus,São Lázaro
AM,Amazonas,Manaus,São Lucas
AM,Amazonas,Manaus,São Raimundo
AM,Amazonas,Manaus,São Sebastião
AM,Amazonas,Manaus,SãoJosé I
AM,Amazonas,Manaus,Sem Bairro
AM,Amazonas,Manaus,Shangrilá IV
AM,Amazonas,Manaus,Solar Flores
AM,Amazonas,Manaus,Tancredo Neves
AM,Amazonas,Manaus,Tarumã
AM,Amazonas,Manaus,Tauá
AM,Amazonas,Manaus,Telégrafo
AM,Amazonas,Manaus,Tropical
AM,Amazonas,Manaus,União
AM,Amazonas,Manaus,União - Parque 10 
AM,Amazonas,Manaus,União Vitória
AM,Amazonas,Manaus,Val Paraíso
AM,Amazonas,Manaus,Vale do Amanhecer
AM,Amazonas,Manaus,Vale Sinai
AM,Amazonas,Manaus,Vieira Alves
AM,Amazonas,Manaus,Vila Alfredo Nascimento
AM,Amazonas,Manaus,Vila Buriti
AM,Amazonas,Manaus,Vila Felicidade
AM,Amazonas,Manaus,Vila Operaria
AM,Amazonas,Manaus,Vila Prata
AM,Amazonas,Manaus,Vila São José Rio Negro
AM,Amazonas,Manaus,Vila Versalles
AM,Amazonas,Manaus,Vivenda Verde
AM,Amazonas,Manaus,Zona Rural
AM,Amazonas,Manaus,Zumbi
AM,Amazonas,Manaus,Zumbi dos Palmares
AM,Amazonas,Manaus,Zumbi dos Palmares I
AM,Amazonas,Manaus,Zumbi dos Palmares II
AM,Amazonas,Manaus,Zumbi dos Palmares III
AM,Amazonas,Manicoré
AM,Amazonas,Manicoré,Aeroporto
AM,Amazonas,Manicoré,Areal
AM,Amazonas,Manicoré,Auxiliadora
AM,Amazonas,Manicoré,Centro
AM,Amazonas,Manicoré,Cj Ipasea
AM,Amazonas,Manicoré,Embratel
AM,Amazonas,Manicoré,Manicorezinho
AM,Amazonas,Manicoré,Miralar
AM,Amazonas,Manicoré,Newton Cabral
AM,Amazonas,Manicoré,Ns Aparecida
AM,Amazonas,Manicoré,Rocinha
AM,Amazonas,Manicoré,Rosario
AM,Amazonas,Manicoré,Santa Luzia
AM,Amazonas,Manicoré,Santa Maria Mazarello
AM,Amazonas,Manicoré,Santa Maria Mazzarel
AM,Amazonas,Manicoré,Sao Domingos Savio
AM,Amazonas,Manicoré,Sham
AM,Amazonas,Maraã
AM,Amazonas,Maraã,Benedito Ramos
AM,Amazonas,Maraã,Centro
AM,Amazonas,Maraã,Odorico Bezerra
AM,Amazonas,Maturacá
AM,Amazonas,Maturacá,Centro
AM,Amazonas,Maués
AM,Amazonas,Maués,Antonio Negreiros
AM,Amazonas,Maués,Centro
AM,Amazonas,Maués,Conjunto Manauense
AM,Amazonas,Maués,Coronel Negreiros
AM,Amazonas,Maués,Dunga Micheles
AM,Amazonas,Maués,Eden
AM,Amazonas,Maués,Maresia
AM,Amazonas,Maués,Mario Fonseca
AM,Amazonas,Maués,Mirante Eden
AM,Amazonas,Maués,Mundurucania
AM,Amazonas,Maués,Ramalho Jr
AM,Amazonas,Maués,Santa Tereza
AM,Amazonas,Maués,Suhab
AM,Amazonas,Mocambo
AM,Amazonas,Mocambo,Centro
AM,Amazonas,Moura - Barcelos
AM,Amazonas,Murutinga
AM,Amazonas,Murutinga,Centro
AM,Amazonas,Nhamundá
AM,Amazonas,Nhamundá,Centro
AM,Amazonas,Nhamundá,Gilberto Mestrinho
AM,Amazonas,Nhamundá,Liberdade
AM,Amazonas,Nhamundá,Novo
AM,Amazonas,Nhamundá,Santo Antonio
AM,Amazonas,Nhamundá,Sham
AM,Amazonas,Nossa Senhora de Fátima - Manaus
AM,Amazonas,Nossa Senhora de Fátima - Manaus,Centro
AM,Amazonas,Nossa Senhora do Livramento
AM,Amazonas,Nossa Senhora do Livramento,Centro
AM,Amazonas,Nossa Senhora do Livramento do Tarumã
AM,Amazonas,Nossa Senhora do Livramento do Tarumã,Centro
AM,Amazonas,Nossa Senhora do Perpétuo Socorro
AM,Amazonas,Nossa Senhora do Perpétuo Socorro,Centro
AM,Amazonas,Nova Itália
AM,Amazonas,Nova Itália,Centro
AM,Amazonas,Nova Olinda do Norte
AM,Amazonas,Nova Olinda do Norte,Aerolandia
AM,Amazonas,Nova Olinda do Norte,Centro
AM,Amazonas,Nova Olinda do Norte,Chicolandia
AM,Amazonas,Nova Olinda do Norte,Nova Aerolandia
AM,Amazonas,Nova Olinda do Norte,Ns Fatima
AM,Amazonas,Nova Olinda do Norte,Santa Luzia
AM,Amazonas,Nova Olinda do Norte,Sarapolandia
AM,Amazonas,Nova Olinda do Norte,Vale Sol
AM,Amazonas,Novo Airão
AM,Amazonas,Novo Airão,Anavilhanas
AM,Amazonas,Novo Airão,Bandeirante
AM,Amazonas,Novo Airão,Centro
AM,Amazonas,Novo Airão,Eduardo Braga
AM,Amazonas,Novo Airão,Jardim Wilton
AM,Amazonas,Novo Airão,Murici
AM,Amazonas,Novo Airão,Nova Esperanca
AM,Amazonas,Novo Airão,Ns Auxiliadora
AM,Amazonas,Novo Airão,Olaria
AM,Amazonas,Novo Airão,Remanso
AM,Amazonas,Novo Airão,São Sebastião
AM,Amazonas,Novo Aripuanã
AM,Amazonas,Novo Aripuanã,Bolivia
AM,Amazonas,Novo Aripuanã,Centro
AM,Amazonas,Novo Aripuanã,Japiim
AM,Amazonas,Novo Aripuanã,Ns Conceição
AM,Amazonas,Novo Aripuanã,Tucuma
AM,Amazonas,Novo Aripuanã,Tv
AM,Amazonas,Novo Remanso
AM,Amazonas,Novo Remanso,Canaa
AM,Amazonas,Novo Remanso,Centro
AM,Amazonas,Palmeira do Javari - Atalaia do Norte
AM,Amazonas,Pari Cachoeira
AM,Amazonas,Pari Cachoeira,Aparecida
AM,Amazonas,Pari Cachoeira,Centro
AM,Amazonas,Paricatuba - Iranduba
AM,Amazonas,Paricatuba - Iranduba,Centro
AM,Amazonas,Parintins
AM,Amazonas,Parintins,Castanheira
AM,Amazonas,Parintins,Centro
AM,Amazonas,Parintins,Distrito Industrial
AM,Amazonas,Parintins,Djard Vieira
AM,Amazonas,Parintins,Emilio Moreira
AM,Amazonas,Parintins,Francesa
AM,Amazonas,Parintins,Itaúna
AM,Amazonas,Parintins,Itauna 2
AM,Amazonas,Parintins,Itaúna I
AM,Amazonas,Parintins,Joao Novo
AM,Amazonas,Parintins,Joao Ribeiro
AM,Amazonas,Parintins,Jose Esteves
AM,Amazonas,Parintins,Macucaua
AM,Amazonas,Parintins,Macurany
AM,Amazonas,Parintins,n Senhora Fatima
AM,Amazonas,Parintins,Palmares
AM,Amazonas,Parintins,Paulo Correa
AM,Amazonas,Parintins,Pqe Ileana
AM,Amazonas,Parintins,Santa Clara
AM,Amazonas,Parintins,Santa r Cassia
AM,Amazonas,Parintins,Sao Benedito
AM,Amazonas,Parintins,Sao Francisco Ass
AM,Amazonas,Parintins,Sao Jose
AM,Amazonas,Parintins,Sao Jose Operario
AM,Amazonas,Parintins,Sao Vicente Paula
AM,Amazonas,Parintins,Vitoria Regia
AM,Amazonas,Pauini
AM,Amazonas,Pauini,Centro
AM,Amazonas,Pauini,Cidade Alta
AM,Amazonas,Pauini,Fortaleza
AM,Amazonas,Pauini,Pantanal
AM,Amazonas,Pedras
AM,Amazonas,Pedras,Centro
AM,Amazonas,Pitinga
AM,Amazonas,Pitinga,Area Rural
AM,Amazonas,Pitinga,Sem Bairro
AM,Amazonas,Pitinga,Vila a
AM,Amazonas,Pitinga,Vila b
AM,Amazonas,Pitinga,Vila C1
AM,Amazonas,Pitinga,Vila C2
AM,Amazonas,Platô de Piquiá
AM,Amazonas,Platô de Piquiá,Plato Piquia
AM,Amazonas,Porto da Balsa do Careiro
AM,Amazonas,Porto da Balsa do Careiro,Centro
AM,Amazonas,Presidente Figueiredo
AM,Amazonas,Presidente Figueiredo,Centro
AM,Amazonas,Presidente Figueiredo,Curupira
AM,Amazonas,Presidente Figueiredo,Honório Roldão
AM,Amazonas,Presidente Figueiredo,Jose Dutra
AM,Amazonas,Presidente Figueiredo,Morada Sol
AM,Amazonas,Presidente Figueiredo,Multirao
AM,Amazonas,Presidente Figueiredo,Sapolandia
AM,Amazonas,Presidente Figueiredo,Sol Nascente
AM,Amazonas,Presidente Figueiredo,Tancredo Neves
AM,Amazonas,Puraquequara
AM,Amazonas,Puraquequara,Centro
AM,Amazonas,Puraquequara,Vila Puraquequara
AM,Amazonas,Repartimento do Tuiué
AM,Amazonas,Repartimento do Tuiué,Centro
AM,Amazonas,Rio Ariaú
AM,Amazonas,Rio Ariaú,Centro
AM,Amazonas,Rio Ariaú,Com Rio Ariau
AM,Amazonas,Rio Preto da Eva
AM,Amazonas,Rio Preto da Eva,31 Marco
AM,Amazonas,Rio Preto da Eva,Area Rural
AM,Amazonas,Rio Preto da Eva,Centro
AM,Amazonas,Rio Preto da Eva,Cj Loteam Monte Cast
AM,Amazonas,Rio Preto da Eva,Monte Castelo
AM,Amazonas,Rio Preto da Eva,Monte Castelo i
AM,Amazonas,Rio Preto da Eva,Monte Castelo II
AM,Amazonas,Rio Preto da Eva,Paz
AM,Amazonas,Rio Preto da Eva,São Benedito
AM,Amazonas,Rio Preto da Eva,Uniao
AM,Amazonas,Rio Preto da Eva,Zona Rural
AM,Amazonas,Rio Urubu II
AM,Amazonas,Rio Urubu II,Centro
AM,Amazonas,Rio Urubu II,Nova Esperanca
AM,Amazonas,Rumo Certo
AM,Amazonas,Rumo Certo,Centro
AM,Amazonas,Santa Isabel do Rio Negro
AM,Amazonas,Santa Isabel do Rio Negro,Alvaro Maia
AM,Amazonas,Santa Isabel do Rio Negro,Aparecida
AM,Amazonas,Santa Isabel do Rio Negro,Centro
AM,Amazonas,Santa Isabel do Rio Negro,Santa Ines
AM,Amazonas,Santa Isabel do Rio Negro,Santa Isabel
AM,Amazonas,Santa Isabel do Rio Negro,Santana
AM,Amazonas,Santa Isabel do Rio Negro,Sao Jose Operario
AM,Amazonas,Santa Isabel do Rio Negro,Sao Judas Tadeu
AM,Amazonas,Santo Antônio do Içá
AM,Amazonas,Santo Antônio do Içá,Campina
AM,Amazonas,Santo Antônio do Içá,Centro
AM,Amazonas,Santo Antônio do Içá,Cosama
AM,Amazonas,Santo Antônio do Içá,Independencia
AM,Amazonas,Santo Antônio do Içá,Pres Vargas
AM,Amazonas,Santo Antônio do Içá,Santa Etelvina
AM,Amazonas,Santo Antônio do Içá,Sao Francisco
AM,Amazonas,Santo Antônio do Içá,Taboca
AM,Amazonas,Santo Antônio do Matupi
AM,Amazonas,São Francisco do Tonantins
AM,Amazonas,São Francisco do Tonantins,Centro
AM,Amazonas,São Francisco do Tonantins,Com Sao f Tonantins
AM,Amazonas,São Gabriel da Cachoeira
AM,Amazonas,São Gabriel da Cachoeira,Areal
AM,Amazonas,São Gabriel da Cachoeira,Boa Esperanca
AM,Amazonas,São Gabriel da Cachoeira,Cachoeirinha
AM,Amazonas,São Gabriel da Cachoeira,Centro
AM,Amazonas,São Gabriel da Cachoeira,Dabaru
AM,Amazonas,São Gabriel da Cachoeira,Fortaleza
AM,Amazonas,São Gabriel da Cachoeira,Graciliano Goncalves
AM,Amazonas,São Gabriel da Cachoeira,Nova Esperanca
AM,Amazonas,São Gabriel da Cachoeira,Padre Cicero
AM,Amazonas,São Gabriel da Cachoeira,Paz
AM,Amazonas,São Gabriel da Cachoeira,Praia
AM,Amazonas,São Gabriel da Cachoeira,Sao Joao
AM,Amazonas,São Gabriel da Cachoeira,Sao Sebastiao
AM,Amazonas,São Gabriel da Cachoeira,Vila Mecanizacao
AM,Amazonas,São Gabriel da Cachoeira,Vila Militar
AM,Amazonas,São Gabriel da Cachoeira,Vila Oficiais
AM,Amazonas,São João - Manaus
AM,Amazonas,São João - Manaus,Centro
AM,Amazonas,São José do Amparo
AM,Amazonas,São José do Amparo,Centro
AM,Amazonas,São Paulo - Boca do Acre
AM,Amazonas,São Paulo - Boca do Acre,Centro
AM,Amazonas,São Paulo de Olivença
AM,Amazonas,São Paulo de Olivença,Benjamin Constant
AM,Amazonas,São Paulo de Olivença,Bonfim
AM,Amazonas,São Paulo de Olivença,Campinas
AM,Amazonas,São Paulo de Olivença,Centro
AM,Amazonas,São Paulo de Olivença,Col Sao Sebastiao
AM,Amazonas,São Paulo de Olivença,Jose c Mestrinho
AM,Amazonas,São Paulo de Olivença,Santa Terezinha
AM,Amazonas,São Paulo de Olivença,Sao Joao
AM,Amazonas,São Paulo de Olivença,Vila Militar
AM,Amazonas,São Sebastião do Uatumã
AM,Amazonas,São Sebastião do Uatumã,Centro
AM,Amazonas,São Sebastião do Uatumã,Santa Maria
AM,Amazonas,São Sebastião do Uatumã,Sao Francisco
AM,Amazonas,São Sebastião do Uatumã,Trindade
AM,Amazonas,Silves
AM,Amazonas,Silves,Centro
AM,Amazonas,Silves,Mocajatuba
AM,Amazonas,Silves,Panorama
AM,Amazonas,Silves,Vila Costa
AM,Amazonas,Sucunduri
AM,Amazonas,Sucunduri,Centro
AM,Amazonas,Tabatinga
AM,Amazonas,Tabatinga,Brilhante
AM,Amazonas,Tabatinga,Centro
AM,Amazonas,Tabatinga,Comara
AM,Amazonas,Tabatinga,Comunicacao
AM,Amazonas,Tabatinga,Comunidade Bom Jesus
AM,Amazonas,Tabatinga,d Pedro i
AM,Amazonas,Tabatinga,Fronteira
AM,Amazonas,Tabatinga,Gm 3
AM,Amazonas,Tabatinga,Ibirapuera
AM,Amazonas,Tabatinga,Marco
AM,Amazonas,Tabatinga,Nova Esperanca
AM,Amazonas,Tabatinga,Portobras
AM,Amazonas,Tabatinga,Rui Barbosa
AM,Amazonas,Tabatinga,Santa Rosa
AM,Amazonas,Tabatinga,Santos Dumont
AM,Amazonas,Tabatinga,Sao Francisco
AM,Amazonas,Tabatinga,Tancredo Neves
AM,Amazonas,Tabatinga,Umariacu ii
AM,Amazonas,Tabatinga,Vila Militar
AM,Amazonas,Tapauá
AM,Amazonas,Tapauá,Acai
AM,Amazonas,Tapauá,Centro
AM,Amazonas,Tapauá,Manoel Costa
AM,Amazonas,Tapauá,Mutirao
AM,Amazonas,Tapauá,Sao Joao
AM,Amazonas,Tefé
AM,Amazonas,Tefé,Abial
AM,Amazonas,Tefé,Aeroporto
AM,Amazonas,Tefé,Boa Sorte
AM,Amazonas,Tefé,Centro
AM,Amazonas,Tefé,Cj dos Oficiais
AM,Amazonas,Tefé,Conjunto 31 de Marco
AM,Amazonas,Tefé,Fonte Boa
AM,Amazonas,Tefé,Jerusalem
AM,Amazonas,Tefé,Jurua
AM,Amazonas,Tefé,Monte Castelo
AM,Amazonas,Tefé,Mutirao
AM,Amazonas,Tefé,Ns Fátima
AM,Amazonas,Tefé,Olaria
AM,Amazonas,Tefé,Prainha
AM,Amazonas,Tefé,Santa Luzia
AM,Amazonas,Tefé,Santa Rosa
AM,Amazonas,Tefé,Santa Tereza
AM,Amazonas,Tefé,Santo Antonio
AM,Amazonas,Tefé,Sao Francisco
AM,Amazonas,Tefé,Sao Joao
AM,Amazonas,Tefé,São José
AM,Amazonas,Tefé,Sao Raimundo
AM,Amazonas,Tefé,Vila Batalha
AM,Amazonas,Tefé,Vila Militar
AM,Amazonas,Terra Preta do Limão
AM,Amazonas,Terra Preta do Limão,Centro
AM,Amazonas,Tonantins
AM,Amazonas,Tonantins,Centro
AM,Amazonas,Tonantins,Com Sao f Tonantins
AM,Amazonas,Tonantins,Missoes
AM,Amazonas,Tonantins,Santo Antonio
AM,Amazonas,Tonantins,Sao Cristovao
AM,Amazonas,Uarini
AM,Amazonas,Uarini,Centro
AM,Amazonas,Urucará
AM,Amazonas,Urucará,Amarany
AM,Amazonas,Urucará,Aparecida
AM,Amazonas,Urucará,Castanhal
AM,Amazonas,Urucará,Centro
AM,Amazonas,Urucará,Cetru
AM,Amazonas,Urucará,Santa Luzia
AM,Amazonas,Urucará,Sao Jorge
AM,Amazonas,Urucará,Sao Jose
AM,Amazonas,Urucará,Sao Pedro
AM,Amazonas,Urucurituba
AM,Amazonas,Urucurituba,Aparecida
AM,Amazonas,Urucurituba,Centro
AM,Amazonas,Urucurituba,Lindo Amanhecer
AM,Amazonas,Urucurituba,Livramento
AM,Amazonas,Urucurituba,Pedreiras
AM,Amazonas,Urucurituba,Sao Lazaro
AM,Amazonas,Urucurituba II
AM,Amazonas,Urucurituba II,Centro
AM,Amazonas,Vila Amazônia
AM,Amazonas,Vila Amazônia,Centro
AM,Amazonas,Vila Bittencourt - Japurá
AM,Amazonas,Vila Campinas
AM,Amazonas,Vila Campinas,Centro
AM,Amazonas,Vila do Samaúma
AM,Amazonas,Vila do Samaúma,Centro
AM,Amazonas,Vila Rica de Caviana
AM,Amazonas,Vila Rica de Caviana,Centro
AM,Amazonas,Zé Açú
AM,Amazonas,Zé Açú,Centro
