PA,Pará
PA,Pará,Belém
PA,Pará,Belém,40 Horas
PA,Pará,Belém,Abelardo Conduru
PA,Pará,Belém,Aerolândia
PA,Pará,Belém,Aeroporto
PA,Pará,Belém,Água Boa Outeiro
PA,Pará,Belém,Águas Brancas
PA,Pará,Belém,Águas Claras
PA,Pará,Belém,Águas Lindas
PA,Pará,Belém,Agulha
PA,Pará,Belém,Agulha (Icoaraci)
PA,Pará,Belém,Agulha(Icoaraci)
PA,Pará,Belém,Agulha(Icoaraci)
PA,Pará,Belém,Ananindeua
PA,Pará,Belém,Angola
PA,Pará,Belém,Ariri
PA,Pará,Belém,Ariri Bolonha
PA,Pará,Belém,Atalaia
PA,Pará,Belém,Aura
PA,Pará,Belém,B Campos
PA,Pará,Belém,Barreiro
PA,Pará,Belém,Batista Campo
PA,Pará,Belém,Batista Campos
PA,Pará,Belém,Batista Campus
PA,Pará,Belém,Batistas
PA,Pará,Belém,Beira Mar
PA,Pará,Belém,Beira Rio
PA,Pará,Belém,Bela Vista
PA,Pará,Belém,Belém
PA,Pará,Belém,Bengui
PA,Pará,Belém,Boa Vista
PA,Pará,Belém,Boa Vista Mtub
PA,Pará,Belém,Bonfim
PA,Pará,Belém,Brasília Outeiro
PA,Pará,Belém,Cabanagem
PA,Pará,Belém,Cais do Porto
PA,Pará,Belém,Campina
PA,Pará,Belém,Campina de Icoaraci (Icoa
PA,Pará,Belém,Campina de Icoaraci (Icoaraci)
PA,Pará,Belém,Campina Icoaraci
PA,Pará,Belém,Campinas
PA,Pará,Belém,Canudos
PA,Pará,Belém,Carneirinho
PA,Pará,Belém,Castanheira
PA,Pará,Belém,Castanheiras
PA,Pará,Belém,Catalina
PA,Pará,Belém,Cecon
PA,Pará,Belém,Cecon Mtub
PA,Pará,Belém,Centro
PA,Pará,Belém,Chapéu Virado
PA,Pará,Belém,Che Guevara
PA,Pará,Belém,Cidade Jardim
PA,Pará,Belém,Cidade Nova
PA,Pará,Belém,Cidade Nova i
PA,Pará,Belém,Cidade Nova ii
PA,Pará,Belém,Cidade Nova iii
PA,Pará,Belém,Cidade Nova iv
PA,Pará,Belém,Cidade Nova Ix
PA,Pará,Belém,Cidade Nova v
PA,Pará,Belém,Cidade Nova vi
PA,Pará,Belém,Cidade Nova vii
PA,Pará,Belém,Cidade Nova viii
PA,Pará,Belém,Cidade Velha
PA,Pará,Belém,Cohab Anil I
PA,Pará,Belém,Comercial
PA,Pará,Belém,Comércio
PA,Pará,Belém,Condor
PA,Pará,Belém,Congos
PA,Pará,Belém,Conj. Cidade Nova II
PA,Pará,Belém,Conjunto Cohab Gleba 1
PA,Pará,Belém,Conjunto Orlando Lobato
PA,Pará,Belém,Coqueiro
PA,Pará,Belém,Coqueiro Ananindeua
PA,Pará,Belém,Coqueiros
PA,Pará,Belém,Cordeiro Farias
PA,Pará,Belém,Cremação
PA,Pará,Belém,Cristo Redentor
PA,Pará,Belém,Cruzeiro
PA,Pará,Belém,Cruzeiro (Icoaraci)
PA,Pará,Belém,Cruzeiro Icoaraci
PA,Pará,Belém,Cruzeiro(Icoaraci)
PA,Pará,Belém,Curió
PA,Pará,Belém,Curió Utinga
PA,Pará,Belém,Curiotinga
PA,Pará,Belém,Curucamba
PA,Pará,Belém,Decouville
PA,Pará,Belém,Decoville
PA,Pará,Belém,Distrito de Murucupi
PA,Pará,Belém,Distrito Industrial
PA,Pará,Belém,Dom Aristides
PA,Pará,Belém,Educandos
PA,Pará,Belém,Entroncamento
PA,Pará,Belém,Estrela
PA,Pará,Belém,Fama Outeiro
PA,Pará,Belém,Farol (Mosqueiro)
PA,Pará,Belém,Fátima
PA,Pará,Belém,Fernando Correa
PA,Pará,Belém,Francisquinho
PA,Pará,Belém,Gama
PA,Pará,Belém,Guajará i
PA,Pará,Belém,Guajará ii
PA,Pará,Belém,Guama
PA,Pará,Belém,Guamar
PA,Pará,Belém,Guanabara
PA,Pará,Belém,Havaí
PA,Pará,Belém,Ianetama
PA,Pará,Belém,Icoaraci
PA,Pará,Belém,Icoraci
PA,Pará,Belém,Icui Guajará
PA,Pará,Belém,Icuí Guarajá
PA,Pará,Belém,Icui Laranjeiro
PA,Pará,Belém,Independente II
PA,Pará,Belém,Irajá
PA,Pará,Belém,Jaderlândia
PA,Pará,Belém,Jaderlândia i
PA,Pará,Belém,Japão
PA,Pará,Belém,Jardim Estados
PA,Pará,Belém,Jardim Felicidade
PA,Pará,Belém,Jardim Primavera
PA,Pará,Belém,Jardim Providência
PA,Pará,Belém,Jardim Sideral
PA,Pará,Belém,Julia Seffer
PA,Pará,Belém,Julião Ramos
PA,Pará,Belém,Jurunas
PA,Pará,Belém,Levilândia
PA,Pará,Belém,Maguari
PA,Pará,Belém,Mangueirão
PA,Pará,Belém,Marabaia
PA,Pará,Belém,Maracacuera-Icoaraci
PA,Pará,Belém,Maracangalha
PA,Pará,Belém,Maracuera
PA,Pará,Belém,Marambaia
PA,Pará,Belém,Marco
PA,Pará,Belém,Marituba
PA,Pará,Belém,Marizal
PA,Pará,Belém,Mecejana
PA,Pará,Belém,Miramar
PA,Pará,Belém,Mirizal
PA,Pará,Belém,Montese
PA,Pará,Belém,Montesi
PA,Pará,Belém,Mosqueiro
PA,Pará,Belém,Nazaré
PA,Pará,Belém,Nazeré
PA,Pará,Belém,Nova Decouville
PA,Pará,Belém,Nova Esperança
PA,Pará,Belém,Nova Marabá
PA,Pará,Belém,Nova Marambaia
PA,Pará,Belém,Nova Olinda
PA,Pará,Belém,Nova República
PA,Pará,Belém,Novo Mtub
PA,Pará,Belém,Núcleo Urbano
PA,Pará,Belém,Outeiro
PA,Pará,Belém,Paar
PA,Pará,Belém,Pacacurí 
PA,Pará,Belém,Paracurí
PA,Pará,Belém,Paracuri (Icoaraci)
PA,Pará,Belém,Paracuri (Icoroaci)
PA,Pará,Belém,Paracurí I
PA,Pará,Belém,Paracurú I
PA,Pará,Belém,Paraíso Passáros
PA,Pará,Belém,Parque Guajará
PA,Pará,Belém,Parque Guajará (Icoaraci)
PA,Pará,Belém,Parque Guajará (Icoaraci)
PA,Pará,Belém,Pass São Jorge
PA,Pará,Belém,Pato Macho
PA,Pará,Belém,Paz
PA,Pará,Belém,Pedreira
PA,Pará,Belém,Pedreiras
PA,Pará,Belém,Ponta D' agulha
PA,Pará,Belém,Ponta Grossa
PA,Pará,Belém,Ponta Grossa (Icoaraci)
PA,Pará,Belém,Ponta Grossa Icoaraci
PA,Pará,Belém,Pq Guajará Icoaraci
PA,Pará,Belém,Pq Imperial
PA,Pará,Belém,Pq Palmeiras
PA,Pará,Belém,Pq Verde
PA,Pará,Belém,Praia do Bispo
PA,Pará,Belém,Pratinha
PA,Pará,Belém,Pratinha (Icoaraci)
PA,Pará,Belém,Pratinha (Icoaraci)
PA,Pará,Belém,Pratinha ii
PA,Pará,Belém,Reduto
PA,Pará,Belém,Roraima Amapá i
PA,Pará,Belém,Roraima Amapá ii
PA,Pará,Belém,Sacramenta
PA,Pará,Belém,Sacranebta
PA,Pará,Belém,Salgadinho
PA,Pará,Belém,Salinópolis
PA,Pará,Belém,Santa Clara
PA,Pará,Belém,Santa Cruz
PA,Pará,Belém,Santa Lucia i
PA,Pará,Belém,Santa Rita
PA,Pará,Belém,Santana Aura
PA,Pará,Belém,Santarenzinho
PA,Pará,Belém,São Brás
PA,Pará,Belém,São Clemente
PA,Pará,Belém,São Francisco
PA,Pará,Belém,São João
PA,Pará,Belém,São João do Outeiro (Oute
PA,Pará,Belém,São João do Outeiro (Outeiro)
PA,Pará,Belém,São João Outeiro
PA,Pará,Belém,São José
PA,Pará,Belém,São Pedro
PA,Pará,Belém,Sem Bairro
PA,Pará,Belém,Sepetiba
PA,Pará,Belém,Souza
PA,Pará,Belém,Stelio Maroja
PA,Pará,Belém,Tapajós
PA,Pará,Belém,Tapana
PA,Pará,Belém,Tapanã (Icoaraci)
PA,Pará,Belém,Tapanã (Icoaraci)
PA,Pará,Belém,Telégrafo
PA,Pará,Belém,Telégrafos
PA,Pará,Belém,Tenone
PA,Pará,Belém,Tereza D'ávila
PA,Pará,Belém,Terra Firme
PA,Pará,Belém,Terra Santa
PA,Pará,Belém,Umarizal
PA,Pará,Belém,Umarizol
PA,Pará,Belém,Umaziral
PA,Pará,Belém,Una
PA,Pará,Belém,Universitário
PA,Pará,Belém,Uruará
PA,Pará,Belém,Val-de-cans
PA,Pará,Belém,Vila
PA,Pará,Belém,Vila (Mosqueiro)
PA,Pará,Belém,Vila (Mosqueiro)
PA,Pará,Belém,Vila Itupanema
PA,Pará,Belém,Vl Aibi Miranda - Guama
PA,Pará,Belém,Yamada
PA,Pará,Abaetetuba
PA,Pará,Abaetetuba,Águas Lindas
PA,Pará,Abaetetuba,Algodoal
PA,Pará,Abaetetuba,Angelica
PA,Pará,Abaetetuba,Aviacao
PA,Pará,Abaetetuba,Centro
PA,Pará,Abaetetuba,Cristo Redentor
PA,Pará,Abaetetuba,Francilandia
PA,Pará,Abaetetuba,Mutirao
PA,Pará,Abaetetuba,Santa Rosa
PA,Pará,Abaetetuba,Sao Joao
PA,Pará,Abaetetuba,Sao Jose
PA,Pará,Abaetetuba,Sao Lourenco
PA,Pará,Abaetetuba,Sao Sebastiao
PA,Pará,Abaetetuba,Sem Bairro
PA,Pará,Abel Figueiredo
PA,Pará,Abel Figueiredo,Bela Vista
PA,Pará,Abel Figueiredo,Centro
PA,Pará,Abel Figueiredo,Goiabeira
PA,Pará,Abel Figueiredo,Novo Horizonte
PA,Pará,Acaiaca
PA,Pará,Acaiaca,Centro
PA,Pará,Açaiteua
PA,Pará,Açaiteua,Centro
PA,Pará,Açaiteua - Capitão Poço
PA,Pará,Acará
PA,Pará,Acará,Alegria
PA,Pará,Acará,Cacoal
PA,Pará,Acará,Centro
PA,Pará,Acará,Cidade Nova
PA,Pará,Acará,Interior
PA,Pará,Acará,Pantanal
PA,Pará,Acará,Sao Judas Tadeu
PA,Pará,Acará,Tutuba
PA,Pará,Afuá
PA,Pará,Afuá,Capim Marim
PA,Pará,Afuá,Central
PA,Pará,Agrovila do Km 190
PA,Pará,Agrovila do Km 190,Central
PA,Pará,Agrovila Mata Geral
PA,Pará,Agrovila Mata Geral,Mata Geral
PA,Pará,Agrovila Monte Sinai do Km 201
PA,Pará,Agrovila Monte Sinai do Km 201,Centro
PA,Pará,Agrovila Nazaré
PA,Pará,Agrovila Nazaré,Centro
PA,Pará,Agrovila Novo Horizonte
PA,Pará,Agrovila Novo Horizonte,Centro
PA,Pará,Agrovila Progresso do Km 140
PA,Pará,Agrovila Progresso do Km 140,Central
PA,Pará,Água Azul do Norte
PA,Pará,Água Azul do Norte,Água Azul do Norte
PA,Pará,Água Branca - Tomé-Açú
PA,Pará,Água Branca - Tomé-Açú,Centro
PA,Pará,Água Branca - Ulianópolis
PA,Pará,Água Branca - Ulianópolis,Água Branca
PA,Pará,Alacilândia
PA,Pará,Alacilândia,Centro
PA,Pará,Aldeia Mapuera
PA,Pará,Alenquer
PA,Pará,Alenquer,Aeroporto
PA,Pará,Alenquer,Alenquer
PA,Pará,Alenquer,Aningal
PA,Pará,Alenquer,b Vista
PA,Pará,Alenquer,Bela Vista
PA,Pará,Alenquer,Centro
PA,Pará,Alenquer,Esperança
PA,Pará,Alenquer,Liberdade
PA,Pará,Alenquer,Luanda
PA,Pará,Alenquer,Nova Esperanca
PA,Pará,Alenquer,Planalto
PA,Pará,Alenquer,Sao Cristovao
PA,Pará,Alenquer,Sao Francisco
PA,Pará,Algodoal
PA,Pará,Algodoal,Centro
PA,Pará,Almeirim
PA,Pará,Almeirim,Aeroporto
PA,Pará,Almeirim,Buritizal
PA,Pará,Almeirim,Centro
PA,Pará,Almeirim,Comercial
PA,Pará,Almeirim,Lotm Martolandia
PA,Pará,Almeirim,Lotm Sao Gabriel
PA,Pará,Almeirim,Matinha
PA,Pará,Almeirim,Nova Vida
PA,Pará,Almeirim,Palhal
PA,Pará,Altamira
PA,Pará,Altamira,Açaizal
PA,Pará,Altamira,Aparecida
PA,Pará,Altamira,Baixao Tufi
PA,Pará,Altamira,Batista Campos
PA,Pará,Altamira,Bela Vista
PA,Pará,Altamira,Boa Esperanca
PA,Pará,Altamira,Brasilia
PA,Pará,Altamira,Capuava II
PA,Pará,Altamira,Caranazal
PA,Pará,Altamira,Catedral
PA,Pará,Altamira,Centro
PA,Pará,Altamira,Colinas
PA,Pará,Altamira,Cooperfron
PA,Pará,Altamira,Cremação
PA,Pará,Altamira,Dner
PA,Pará,Altamira,Esplanada Do Xingu
PA,Pará,Altamira,Igarapé Altamira
PA,Pará,Altamira,Independente
PA,Pará,Altamira,Independente I
PA,Pará,Altamira,Independente II
PA,Pará,Altamira,Industrial
PA,Pará,Altamira,Interior
PA,Pará,Altamira,Jardim Altamira
PA,Pará,Altamira,Jardim Copacabana
PA,Pará,Altamira,Jardim Esplanada Do Xingu
PA,Pará,Altamira,Jardim Esplanada Xin
PA,Pará,Altamira,Jardim Estados
PA,Pará,Altamira,Jardim Independente i
PA,Pará,Altamira,Jardim Lindo Altamir
PA,Pará,Altamira,Jardim Novo Altamira
PA,Pará,Altamira,Jardim Oriente
PA,Pará,Altamira,Jardim Primavera
PA,Pará,Altamira,Jardim Sol
PA,Pará,Altamira,Jd Independente II
PA,Pará,Altamira,Jd Independente III
PA,Pará,Altamira,Jurunas
PA,Pará,Altamira,Liberdade
PA,Pará,Altamira,Mangueirão
PA,Pará,Altamira,Multirão
PA,Pará,Altamira,Mutirão
PA,Pará,Altamira,Pds
PA,Pará,Altamira,Perpetuo Socorro
PA,Pará,Altamira,Premem
PA,Pará,Altamira,Recreio
PA,Pará,Altamira,São Braz
PA,Pará,Altamira,Sao Sebastiao
PA,Pará,Altamira,Sudam i
PA,Pará,Altamira,Sudam ii
PA,Pará,Altamira,Uirapuru
PA,Pará,Altamira,Uruará
PA,Pará,Alter do Chão
PA,Pará,Alter do Chão,Alter do Chão
PA,Pará,Alter do Chão,Centro
PA,Pará,Alto Bonito
PA,Pará,Alto Bonito,Centro
PA,Pará,Alto Pereru
PA,Pará,Alto Pereru,Centro
PA,Pará,Alto Pindorama
PA,Pará,Alto Pindorama,Alto Pindorama
PA,Pará,Alto Pindorama,Centro
PA,Pará,Alvorada da Amazônia
PA,Pará,Alvorada da Amazônia,Alvorada
PA,Pará,Alvorada da Amazônia,Central
PA,Pará,Amapá
PA,Pará,Americano
PA,Pará,Americano,Americano
PA,Pará,Americano,Centro
PA,Pará,Americano,Interior
PA,Pará,Anajás
PA,Pará,Anajás,Acaizal
PA,Pará,Anajás,Centro
PA,Pará,Anajás,Cidade Nova
PA,Pará,Anajás,Escolandia
PA,Pará,Anajás,Prainha
PA,Pará,Ananim
PA,Pará,Ananim,Centro
PA,Pará,Ananindeua
PA,Pará,Ananindeua,40 Horas
PA,Pará,Ananindeua,Água Lindas
PA,Pará,Ananindeua,Aguas Brancas
PA,Pará,Ananindeua,Águas Lindas
PA,Pará,Ananindeua,Agulha
PA,Pará,Ananindeua,Ananindeua
PA,Pará,Ananindeua,Atalaia
PA,Pará,Ananindeua,Campina
PA,Pará,Ananindeua,Canudos
PA,Pará,Ananindeua,Castanheira
PA,Pará,Ananindeua,Centro
PA,Pará,Ananindeua,Cidade Nova
PA,Pará,Ananindeua,Cidade Nova 8
PA,Pará,Ananindeua,Cidade Nova vi
PA,Pará,Ananindeua,Cidade Nova VII
PA,Pará,Ananindeua,Cj Júlia Seffer
PA,Pará,Ananindeua,Coaqueiro
PA,Pará,Ananindeua,Coqueiro
PA,Pará,Ananindeua,Coqueiros
PA,Pará,Ananindeua,Correios
PA,Pará,Ananindeua,Cruzeiro
PA,Pará,Ananindeua,Curió-Utinga
PA,Pará,Ananindeua,Dist. Industrial
PA,Pará,Ananindeua,Distrito
PA,Pará,Ananindeua,Distrito Industrial
PA,Pará,Ananindeua,Guanabara
PA,Pará,Ananindeua,Icui Guajará
PA,Pará,Ananindeua,Icui Laranjeiras
PA,Pará,Ananindeua,Levilandia
PA,Pará,Ananindeua,Maguari
PA,Pará,Ananindeua,Mangueirão
PA,Pará,Ananindeua,Maracacuera (Icoaraci)
PA,Pará,Ananindeua,Marambaia
PA,Pará,Ananindeua,Marco
PA,Pará,Ananindeua,Nazaré
PA,Pará,Ananindeua,Parauapebas
PA,Pará,Ananindeua,Pato Macho
PA,Pará,Ananindeua,Quarenta Horas (Coqueiro)
PA,Pará,Ananindeua,Quarenta Horas (Coqueiro)
PA,Pará,Ananindeua,São João do Outeiro (Outeiro)
PA,Pará,Ananindeua,Sem Bairro
PA,Pará,Ananindeua,Val de Cans
PA,Pará,Ananindeua,Vale dos Cães
PA,Pará,Anapú
PA,Pará,Anapú,Brasil Novo
PA,Pará,Anapú,Centro
PA,Pará,Anapú,Cibrazem
PA,Pará,Anapú,Novo Panorama
PA,Pará,Anapú,Novo Progresso
PA,Pará,Angelim Km 50
PA,Pará,Aparecida
PA,Pará,Apeú
PA,Pará,Apeú,Americano
PA,Pará,Apeú,Betania
PA,Pará,Apeú,Centro
PA,Pará,Apeú,Interior
PA,Pará,Apeú,Titanlandia
PA,Pará,Apeú,Triângulo
PA,Pará,Apinagés
PA,Pará,Apinagés,Apinajes
PA,Pará,Apinagés,Centro
PA,Pará,Apolinário
PA,Pará,Apolinário,Apolinário
PA,Pará,Araci
PA,Pará,Araci,Centro
PA,Pará,Arai
PA,Pará,Arai,Centro
PA,Pará,Aramanai
PA,Pará,Aramanai,Aramanai
PA,Pará,Arapari
PA,Pará,Arapari,Centro
PA,Pará,Arapixi
PA,Pará,Arapixuna
PA,Pará,Arapixuna,Arapixuna
PA,Pará,Arapixuna,Centro
PA,Pará,Araquaim
PA,Pará,Araquaim,Centro
PA,Pará,Araticumirim
PA,Pará,Araticumirim,Centro
PA,Pará,Arauai
PA,Pará,Arauai,Arauai
PA,Pará,Arauai,Centro
PA,Pará,Arco Íris
PA,Pará,Arco Íris,Arco Íris
PA,Pará,Areão
PA,Pará,Areão,Centro
PA,Pará,Ariri
PA,Pará,Ariri,Centro
PA,Pará,Arraial do Caeté
PA,Pará,Arraial do Caeté,Arraial do Caeté
PA,Pará,Arraial do Caeté,Centro
PA,Pará,Assentamento Primavera
PA,Pará,Assentamento Primeiro de Março
PA,Pará,Assentamento Primeiro de Março,Centro
PA,Pará,Atalaia
PA,Pará,Atalaia,Atalaia
PA,Pará,Atalaia,Conjunto Manauense
PA,Pará,Atalaia,Farol Velho
PA,Pará,Aturiai
PA,Pará,Aturiai,Centro
PA,Pará,Aturiai,Vila Aturiai
PA,Pará,Augusto Corrêa
PA,Pará,Augusto Corrêa,Augusto Correa
PA,Pará,Augusto Corrêa,Centro
PA,Pará,Augusto Corrêa,Cidade Nova
PA,Pará,Augusto Corrêa,Espirito Santo
PA,Pará,Augusto Corrêa,Lírio Dos Vales
PA,Pará,Augusto Corrêa,Nazaré
PA,Pará,Augusto Corrêa,Santa Ana
PA,Pará,Augusto Corrêa,Santa Cruz
PA,Pará,Augusto Corrêa,Sao Benedito
PA,Pará,Augusto Corrêa,Sao Miguel
PA,Pará,Aurélio do Carmo
PA,Pará,Aurélio do Carmo,Centro
PA,Pará,Aurora do Pará
PA,Pará,Aurora do Pará,Aurora Para
PA,Pará,Aurora do Pará,Centro
PA,Pará,Aveiro
PA,Pará,Aveiro,Aveiro
PA,Pará,Aveiro,Centro
PA,Pará,Bacaba
PA,Pará,Bacabalzinho
PA,Pará,Bacabeira
PA,Pará,Bacabeira,Centro
PA,Pará,Bacuriteua
PA,Pará,Bacuriteua,Centro
PA,Pará,Bagre
PA,Pará,Bagre,Centro
PA,Pará,Baía do Sol
PA,Pará,Baía do Sol,Ariramba
PA,Pará,Baía do Sol,Baia Sol
PA,Pará,Baía do Sol,Ipixuna
PA,Pará,Baião
PA,Pará,Baião,Brasilia
PA,Pará,Baião,Centro
PA,Pará,Baião,Cidade Nova
PA,Pará,Baião,Comércio
PA,Pará,Baião,Limao
PA,Pará,Baião,Maracana
PA,Pará,Baião,Mutirao
PA,Pará,Baião,Sao Francisco
PA,Pará,Bannach
PA,Pará,Bannach,Centro
PA,Pará,Barcarena
PA,Pará,Barcarena,Betania
PA,Pará,Barcarena,Centro
PA,Pará,Barcarena,Comercial
PA,Pará,Barcarena,Interior
PA,Pará,Barcarena,Nazaré
PA,Pará,Barcarena,Novo
PA,Pará,Barcarena,Novo ii
PA,Pará,Barcarena,Núcleo Urbano
PA,Pará,Barcarena,Pedreira
PA,Pará,Barcarena,Vila dos Cabanos
PA,Pará,Barreira dos Campos
PA,Pará,Barreira dos Campos,Centro
PA,Pará,Barreiras
PA,Pará,Barreiras,Barreiras
PA,Pará,Barreiras,Centro
PA,Pará,Barreiras - Almeirim
PA,Pará,Basília
PA,Pará,Basília,Centro
PA,Pará,Beja
PA,Pará,Beja,Centro
PA,Pará,Bela Vista
PA,Pará,Bela Vista,Centro
PA,Pará,Bela Vista - Placas
PA,Pará,Bela Vista do Caracol
PA,Pará,Bela Vista do Caracol,Central
PA,Pará,Bela Vista do Caracol,Marco
PA,Pará,Belém
PA,Pará,Belém,40 Horas
PA,Pará,Belém,Abelardo Conduru
PA,Pará,Belém,Aerolândia
PA,Pará,Belém,Aeroporto
PA,Pará,Belém,Água Boa Outeiro
PA,Pará,Belém,Águas Brancas
PA,Pará,Belém,Águas Claras
PA,Pará,Belém,Águas Lindas
PA,Pará,Belém,Agulha
PA,Pará,Belém,Agulha (Icoaraci)
PA,Pará,Belém,Agulha(Icoaraci)
PA,Pará,Belém,Agulha(Icoaraci)
PA,Pará,Belém,Ananindeua
PA,Pará,Belém,Angola
PA,Pará,Belém,Ariri
PA,Pará,Belém,Ariri Bolonha
PA,Pará,Belém,Atalaia
PA,Pará,Belém,Aura
PA,Pará,Belém,B Campos
PA,Pará,Belém,Barreiro
PA,Pará,Belém,Batista Campo
PA,Pará,Belém,Batista Campos
PA,Pará,Belém,Batista Campus
PA,Pará,Belém,Batistas
PA,Pará,Belém,Beira Mar
PA,Pará,Belém,Beira Rio
PA,Pará,Belém,Bela Vista
PA,Pará,Belém,Belém
PA,Pará,Belém,Bengui
PA,Pará,Belém,Boa Vista
PA,Pará,Belém,Boa Vista Mtub
PA,Pará,Belém,Bonfim
PA,Pará,Belém,Brasília Outeiro
PA,Pará,Belém,Cabanagem
PA,Pará,Belém,Cais do Porto
PA,Pará,Belém,Campina
PA,Pará,Belém,Campina de Icoaraci (Icoa
PA,Pará,Belém,Campina de Icoaraci (Icoaraci)
PA,Pará,Belém,Campina Icoaraci
PA,Pará,Belém,Campinas
PA,Pará,Belém,Canudos
PA,Pará,Belém,Carneirinho
PA,Pará,Belém,Castanheira
PA,Pará,Belém,Castanheiras
PA,Pará,Belém,Catalina
PA,Pará,Belém,Cecon
PA,Pará,Belém,Cecon Mtub
PA,Pará,Belém,Centro
PA,Pará,Belém,Chapéu Virado
PA,Pará,Belém,Che Guevara
PA,Pará,Belém,Cidade Jardim
PA,Pará,Belém,Cidade Nova
PA,Pará,Belém,Cidade Nova i
PA,Pará,Belém,Cidade Nova ii
PA,Pará,Belém,Cidade Nova iii
PA,Pará,Belém,Cidade Nova iv
PA,Pará,Belém,Cidade Nova Ix
PA,Pará,Belém,Cidade Nova v
PA,Pará,Belém,Cidade Nova vi
PA,Pará,Belém,Cidade Nova vii
PA,Pará,Belém,Cidade Nova viii
PA,Pará,Belém,Cidade Velha
PA,Pará,Belém,Cohab Anil I
PA,Pará,Belém,Comercial
PA,Pará,Belém,Comércio
PA,Pará,Belém,Condor
PA,Pará,Belém,Congos
PA,Pará,Belém,Conj. Cidade Nova II
PA,Pará,Belém,Conjunto Cohab Gleba 1
PA,Pará,Belém,Conjunto Orlando Lobato
PA,Pará,Belém,Coqueiro
PA,Pará,Belém,Coqueiro Ananindeua
PA,Pará,Belém,Coqueiros
PA,Pará,Belém,Cordeiro Farias
PA,Pará,Belém,Cremação
PA,Pará,Belém,Cristo Redentor
PA,Pará,Belém,Cruzeiro
PA,Pará,Belém,Cruzeiro (Icoaraci)
PA,Pará,Belém,Cruzeiro Icoaraci
PA,Pará,Belém,Cruzeiro(Icoaraci)
PA,Pará,Belém,Curió
PA,Pará,Belém,Curió Utinga
PA,Pará,Belém,Curiotinga
PA,Pará,Belém,Curucamba
PA,Pará,Belém,Decouville
PA,Pará,Belém,Decoville
PA,Pará,Belém,Distrito de Murucupi
PA,Pará,Belém,Distrito Industrial
PA,Pará,Belém,Dom Aristides
PA,Pará,Belém,Educandos
PA,Pará,Belém,Entroncamento
PA,Pará,Belém,Estrela
PA,Pará,Belém,Fama Outeiro
PA,Pará,Belém,Farol (Mosqueiro)
PA,Pará,Belém,Fátima
PA,Pará,Belém,Fernando Correa
PA,Pará,Belém,Francisquinho
PA,Pará,Belém,Gama
PA,Pará,Belém,Guajará i
PA,Pará,Belém,Guajará ii
PA,Pará,Belém,Guama
PA,Pará,Belém,Guamar
PA,Pará,Belém,Guanabara
PA,Pará,Belém,Havaí
PA,Pará,Belém,Ianetama
PA,Pará,Belém,Icoaraci
PA,Pará,Belém,Icoraci
PA,Pará,Belém,Icui Guajará
PA,Pará,Belém,Icuí Guarajá
PA,Pará,Belém,Icui Laranjeiro
PA,Pará,Belém,Independente II
PA,Pará,Belém,Irajá
PA,Pará,Belém,Jaderlândia
PA,Pará,Belém,Jaderlândia i
PA,Pará,Belém,Japão
PA,Pará,Belém,Jardim Estados
PA,Pará,Belém,Jardim Felicidade
PA,Pará,Belém,Jardim Primavera
PA,Pará,Belém,Jardim Providência
PA,Pará,Belém,Jardim Sideral
PA,Pará,Belém,Julia Seffer
PA,Pará,Belém,Julião Ramos
PA,Pará,Belém,Jurunas
PA,Pará,Belém,Levilândia
PA,Pará,Belém,Maguari
PA,Pará,Belém,Mangueirão
PA,Pará,Belém,Marabaia
PA,Pará,Belém,Maracacuera-Icoaraci
PA,Pará,Belém,Maracangalha
PA,Pará,Belém,Maracuera
PA,Pará,Belém,Marambaia
PA,Pará,Belém,Marco
PA,Pará,Belém,Marituba
PA,Pará,Belém,Marizal
PA,Pará,Belém,Mecejana
PA,Pará,Belém,Miramar
PA,Pará,Belém,Mirizal
PA,Pará,Belém,Montese
PA,Pará,Belém,Montesi
PA,Pará,Belém,Mosqueiro
PA,Pará,Belém,Nazaré
PA,Pará,Belém,Nazeré
PA,Pará,Belém,Nova Decouville
PA,Pará,Belém,Nova Esperança
PA,Pará,Belém,Nova Marabá
PA,Pará,Belém,Nova Marambaia
PA,Pará,Belém,Nova Olinda
PA,Pará,Belém,Nova República
PA,Pará,Belém,Novo Mtub
PA,Pará,Belém,Núcleo Urbano
PA,Pará,Belém,Outeiro
PA,Pará,Belém,Paar
PA,Pará,Belém,Pacacurí 
PA,Pará,Belém,Paracurí
PA,Pará,Belém,Paracuri (Icoaraci)
PA,Pará,Belém,Paracuri (Icoroaci)
PA,Pará,Belém,Paracurí I
PA,Pará,Belém,Paracurú I
PA,Pará,Belém,Paraíso Passáros
PA,Pará,Belém,Parque Guajará
PA,Pará,Belém,Parque Guajará (Icoaraci)
PA,Pará,Belém,Parque Guajará (Icoaraci)
PA,Pará,Belém,Pass São Jorge
PA,Pará,Belém,Pato Macho
PA,Pará,Belém,Paz
PA,Pará,Belém,Pedreira
PA,Pará,Belém,Pedreiras
PA,Pará,Belém,Ponta D' agulha
PA,Pará,Belém,Ponta Grossa
PA,Pará,Belém,Ponta Grossa (Icoaraci)
PA,Pará,Belém,Ponta Grossa Icoaraci
PA,Pará,Belém,Pq Guajará Icoaraci
PA,Pará,Belém,Pq Imperial
PA,Pará,Belém,Pq Palmeiras
PA,Pará,Belém,Pq Verde
PA,Pará,Belém,Praia do Bispo
PA,Pará,Belém,Pratinha
PA,Pará,Belém,Pratinha (Icoaraci)
PA,Pará,Belém,Pratinha (Icoaraci)
PA,Pará,Belém,Pratinha ii
PA,Pará,Belém,Reduto
PA,Pará,Belém,Roraima Amapá i
PA,Pará,Belém,Roraima Amapá ii
PA,Pará,Belém,Sacramenta
PA,Pará,Belém,Sacranebta
PA,Pará,Belém,Salgadinho
PA,Pará,Belém,Salinópolis
PA,Pará,Belém,Santa Clara
PA,Pará,Belém,Santa Cruz
PA,Pará,Belém,Santa Lucia i
PA,Pará,Belém,Santa Rita
PA,Pará,Belém,Santana Aura
PA,Pará,Belém,Santarenzinho
PA,Pará,Belém,São Brás
PA,Pará,Belém,São Clemente
PA,Pará,Belém,São Francisco
PA,Pará,Belém,São João
PA,Pará,Belém,São João do Outeiro (Oute
PA,Pará,Belém,São João do Outeiro (Outeiro)
PA,Pará,Belém,São João Outeiro
PA,Pará,Belém,São José
PA,Pará,Belém,São Pedro
PA,Pará,Belém,Sem Bairro
PA,Pará,Belém,Sepetiba
PA,Pará,Belém,Souza
PA,Pará,Belém,Stelio Maroja
PA,Pará,Belém,Tapajós
PA,Pará,Belém,Tapana
PA,Pará,Belém,Tapanã (Icoaraci)
PA,Pará,Belém,Tapanã (Icoaraci)
PA,Pará,Belém,Telégrafo
PA,Pará,Belém,Telégrafos
PA,Pará,Belém,Tenone
PA,Pará,Belém,Tereza D'ávila
PA,Pará,Belém,Terra Firme
PA,Pará,Belém,Terra Santa
PA,Pará,Belém,Umarizal
PA,Pará,Belém,Umarizol
PA,Pará,Belém,Umaziral
PA,Pará,Belém,Una
PA,Pará,Belém,Universitário
PA,Pará,Belém,Uruará
PA,Pará,Belém,Val-de-cans
PA,Pará,Belém,Vila
PA,Pará,Belém,Vila (Mosqueiro)
PA,Pará,Belém,Vila (Mosqueiro)
PA,Pará,Belém,Vila Itupanema
PA,Pará,Belém,Vl Aibi Miranda - Guama
PA,Pará,Belém,Yamada
PA,Pará,Belo Monte
PA,Pará,Belo Monte do Pontal
PA,Pará,Belterra
PA,Pará,Belterra,Belterra
PA,Pará,Belterra,Campina
PA,Pará,Belterra,Centro
PA,Pará,Belterra,Piquiá
PA,Pará,Belterra,Prainha
PA,Pará,Benevides
PA,Pará,Benevides,Begolandia
PA,Pará,Benevides,Cajueiro
PA,Pará,Benevides,Canutama
PA,Pará,Benevides,Centro
PA,Pará,Benevides,Duque Caxias
PA,Pará,Benevides,Flores
PA,Pará,Benevides,Independente
PA,Pará,Benevides,Interior
PA,Pará,Benevides,Jardim Paris
PA,Pará,Benevides,Liberdade
PA,Pará,Benevides,Liberdade ii
PA,Pará,Benevides,Maguari
PA,Pará,Benevides,Paricatuba
PA,Pará,Benevides,Pres Medice
PA,Pará,Benevides,Santa Rosa
PA,Pará,Benevides,Santos Dumont
PA,Pará,Benfica
PA,Pará,Benfica,Centro
PA,Pará,Benfica,Interior
PA,Pará,Benfica,Invasao Sapolandia
PA,Pará,Benfica,Ituquara
PA,Pará,Benfica,Murinim
PA,Pará,Benfica,Novo
PA,Pará,Benfica,Picarreira
PA,Pará,Boa Esperança - Mojú
PA,Pará,Boa Esperança - Mojú,Centro
PA,Pará,Boa Esperança - Santarém
PA,Pará,Boa Esperança - Santarém,Boa Esperança
PA,Pará,Boa Esperança - Santarém,Centro
PA,Pará,Boa Fé
PA,Pará,Boa Vista
PA,Pará,Boa Vista - Quatipuru
PA,Pará,Boa Vista - Quatipuru,Centro
PA,Pará,Boa Vista do Araguaia
PA,Pará,Boa Vista do Araguaia,Centro
PA,Pará,Boa Vista do Iririteua
PA,Pará,Boa Vista do Iririteua,Centro
PA,Pará,Boca Nova
PA,Pará,Boca Nova,Centro
PA,Pará,Boim
PA,Pará,Boim,Boim
PA,Pará,Bom Jardim - Cameta
PA,Pará,Bom Jardim - Cameta,Centro
PA,Pará,Bom Jesus
PA,Pará,Bom Jesus
PA,Pará,Bom Jesus da Taperinha
PA,Pará,Bom Jesus do Tocantins
PA,Pará,Bom Jesus do Tocantins,Bom Jesus do Tocanti
PA,Pará,Bom Jesus do Tocantins,Centro
PA,Pará,Bonito
PA,Pará,Bonito,Bonito
PA,Pará,Bonito,Centro
PA,Pará,Braço
PA,Pará,Braço Verde
PA,Pará,Braço Verde,Centro
PA,Pará,Bragança
PA,Pará,Bragança,Aldeia
PA,Pará,Bragança,Alegre
PA,Pará,Bragança,Alto Paraiso
PA,Pará,Bragança,Auto Paraiso
PA,Pará,Bragança,Campina
PA,Pará,Bragança,Celpa
PA,Pará,Bragança,Centro
PA,Pará,Bragança,Cereja
PA,Pará,Bragança,CIDADE VELHA
PA,Pará,Bragança,Giquiri
PA,Pará,Bragança,Morro
PA,Pará,Bragança,Padre Luis
PA,Pará,Bragança,Perpetuo Socorro
PA,Pará,Bragança,Pimental
PA,Pará,Bragança,Riozinho
PA,Pará,Bragança,Sapucaia
PA,Pará,Bragança,Taira
PA,Pará,Bragança,Terra Firme
PA,Pará,Bragança,Trevo
PA,Pará,Bragança,Umarizal
PA,Pará,Bragança,Vila Nova
PA,Pará,Bragança,Vila Sinha
PA,Pará,Brasil Novo
PA,Pará,Brasil Novo,Brasil Novo
PA,Pará,Brasil Novo,Centro
PA,Pará,Brasil Novo,Cidade Alta
PA,Pará,Brasil Novo,Cidade Nova
PA,Pará,Brasil Novo,Cidade Velha
PA,Pará,Brasília Legal
PA,Pará,Brasília Legal,Brasília Legal
PA,Pará,Brasília Legal,Centro
PA,Pará,Brejo do Meio
PA,Pará,Brejo do Meio,Centro
PA,Pará,Brejo Grande do Araguaia
PA,Pará,Brejo Grande do Araguaia,Centro
PA,Pará,Brejo Grande do Araguaia,Interior
PA,Pará,Breu Branco
PA,Pará,Breu Branco,Bela Vista
PA,Pará,Breu Branco,Centro
PA,Pará,Breu Branco,Continental
PA,Pará,Breu Branco,Industrial
PA,Pará,Breu Branco,Japonês
PA,Pará,Breu Branco,Liberdade
PA,Pará,Breu Branco,Nova Conquista
PA,Pará,Breu Branco,Novo Horizonte
PA,Pará,Breu Branco,Setor Industrial
PA,Pará,Breves
PA,Pará,Breves,Aeroporto
PA,Pará,Breves,Castanheira
PA,Pará,Breves,Centro
PA,Pará,Breves,Cidade Nova
PA,Pará,Breves,Interior
PA,Pará,Breves,Santa Cruz
PA,Pará,Broca
PA,Pará,Bujaru
PA,Pará,Bujaru,Centro
PA,Pará,Bujaru,Sao Jose
PA,Pará,Cachoeira da Serra 1 de 2
PA,Pará,Cachoeira do Arari
PA,Pará,Cachoeira do Arari,Aeroporto
PA,Pará,Cachoeira do Arari,Centro
PA,Pará,Cachoeira do Arari,Choque
PA,Pará,Cachoeira do Arari,Interior
PA,Pará,Cachoeira do Arari,Petropolis
PA,Pará,Cachoeira do Arua - Rio Arapiuns
PA,Pará,Cachoeira do Piriá
PA,Pará,Cachoeira do Piriá,Cachoeira
PA,Pará,Cachoeira do Piriá,Cachoeiro Velho
PA,Pará,Cachoeira do Piriá,Centro
PA,Pará,Cachoeira Porteira
PA,Pará,Cachoeira Porteira,Centro
PA,Pará,Cafezal
PA,Pará,Cafezal,Cafezal
PA,Pará,Cafezal,Centro
PA,Pará,Caiçava
PA,Pará,Caiçava,Caicava
PA,Pará,Cajazeiras
PA,Pará,Cajazeiras,Centro
PA,Pará,Calados
PA,Pará,Calados,Centro
PA,Pará,Caldeirão
PA,Pará,Calheira
PA,Pará,Calucia
PA,Pará,Calucia,Centro
PA,Pará,Câmara
PA,Pará,Câmara,Centro
PA,Pará,Câmara do Marajó
PA,Pará,Câmara do Marajó,Centro
PA,Pará,Camburão
PA,Pará,Camburão,Camburao
PA,Pará,Cametá
PA,Pará,Cametá,Aldeia Parijos
PA,Pará,Cametá,Baixa Verde
PA,Pará,Cametá,Beira Mar
PA,Pará,Cametá,Brasilia
PA,Pará,Cametá,Central
PA,Pará,Cametá,Centro
PA,Pará,Cametá,Cidade Nova
PA,Pará,Cametá,Marambaia
PA,Pará,Cametá,Matinha
PA,Pará,Cametá,Nova Cameta
PA,Pará,Cametá,Novo
PA,Pará,Cametá,Santa Maria
PA,Pará,Cametá,Sao Benedito
PA,Pará,Cametá,Trigueiro
PA,Pará,Cametá - Aveiro
PA,Pará,Campos Belos
PA,Pará,Campos Belos,Centro
PA,Pará,Canaã dos Carajás
PA,Pará,Canaã dos Carajás,Amapá
PA,Pará,Canaã dos Carajás,Canaã de Carajás
PA,Pará,Canaã dos Carajás,Centro
PA,Pará,Canaã dos Carajás,Nova Canaã
PA,Pará,Canaã dos Carajás,Núcleo Urbano
PA,Pará,Canaã dos Carajás,Sem Bairro
PA,Pará,Canaã dos Carajás,Setor Shalon
PA,Pará,Canutama
PA,Pará,Canutama,Centro
PA,Pará,Capanema
PA,Pará,Capanema,3 Maio
PA,Pará,Capanema,Aparecida
PA,Pará,Capanema,Areia Branca
PA,Pará,Capanema,Caixa D'agua
PA,Pará,Capanema,Campina
PA,Pará,Capanema,Campinho
PA,Pará,Capanema,Centro
PA,Pará,Capanema,Dom Joao vi
PA,Pará,Capanema,Fatima
PA,Pará,Capanema,Garrafao
PA,Pará,Capanema,i
PA,Pará,Capanema,Igrejinha
PA,Pará,Capanema,Inussun
PA,Pará,Capanema,Motocross
PA,Pará,Capanema,Nazaré
PA,Pará,Capanema,Oliveira Brito
PA,Pará,Capanema,Pedreira
PA,Pará,Capanema,Salinópolis
PA,Pará,Capanema,Samambaia
PA,Pará,Capanema,Santa Cruz
PA,Pará,Capanema,Santa Luzia
PA,Pará,Capanema,Sao Cristovao
PA,Pará,Capanema,Sao Domingos
PA,Pará,Capanema,Sao Jose
PA,Pará,Capanema,Sao Pio x
PA,Pará,Capanema,Tancredo Neves
PA,Pará,Capanema,Tapanã (Icoaraci)
PA,Pará,Capistrano de Abreu
PA,Pará,Capistrano de Abreu,Centro
PA,Pará,Capitão Pocinho
PA,Pará,Capitão Pocinho,Centro
PA,Pará,Capitão Poço
PA,Pará,Capitão Poço,Capitão Poço
PA,Pará,Capitão Poço,Centro
PA,Pará,Capitão Poço,Prainha
PA,Pará,Capitão Poço,Recreio
PA,Pará,Carajás
PA,Pará,Carajás,Carajás
PA,Pará,Carajás,Interior
PA,Pará,Carapajó
PA,Pará,Carapajó,Central
PA,Pará,Carapajó,Interior
PA,Pará,Caraparu
PA,Pará,Caraparu,Caraparu
PA,Pará,Caraparu,Centro
PA,Pará,Carariaca
PA,Pará,Carariaca,Central
PA,Pará,Caratateua - Bragança
PA,Pará,Caratateua - Bragança,Centro
PA,Pará,Caratateua - Curuçá
PA,Pará,Caratateua - Curuçá,Centro
PA,Pará,Caratateua - Curuçá,Marambaia
PA,Pará,Caratateua - Curuçá,Umarizal
PA,Pará,Caripi
PA,Pará,Caripi,Centro
PA,Pará,Carlos Pena
PA,Pará,Carlos Pena,Centro
PA,Pará,Casa de Tábua
PA,Pará,Casa de Tábua,Centro
PA,Pará,Castanhal
PA,Pará,Castanhal,Belem
PA,Pará,Castanhal,Betânia
PA,Pará,Castanhal,Caicara
PA,Pará,Castanhal,Cariri
PA,Pará,Castanhal,Castanhal
PA,Pará,Castanhal,Centro
PA,Pará,Castanhal,Cristo
PA,Pará,Castanhal,Cristo Redentor
PA,Pará,Castanhal,Distrito Industrial
PA,Pará,Castanhal,Estrela
PA,Pará,Castanhal,Florestal
PA,Pará,Castanhal,Fonte Boa
PA,Pará,Castanhal,Ianetama
PA,Pará,Castanhal,Igrejinha
PA,Pará,Castanhal,Imperador
PA,Pará,Castanhal,Industrial
PA,Pará,Castanhal,Interior
PA,Pará,Castanhal,Jaderlandia
PA,Pará,Castanhal,Milagre
PA,Pará,Castanhal,Nazaré
PA,Pará,Castanhal,Nova Estrela
PA,Pará,Castanhal,Nova Olinda
PA,Pará,Castanhal,Novo
PA,Pará,Castanhal,Novo Estrela
PA,Pará,Castanhal,Pantanal
PA,Pará,Castanhal,Pirapora
PA,Pará,Castanhal,Salgadinho
PA,Pará,Castanhal,Santa Catarina
PA,Pará,Castanhal,Santa Helena
PA,Pará,Castanhal,Santa Lidia
PA,Pará,Castanhal,Sao Jose
PA,Pará,Castanhal,Saudade
PA,Pará,Castanhal,Saudade i
PA,Pará,Castanhal,Saudade ii
PA,Pará,Castanhal,Sem Bairro
PA,Pará,Castanhal,Titanlandia
PA,Pará,Castanhal,Vila Americano
PA,Pará,Castanhandeua
PA,Pará,Castelo Branco
PA,Pará,Castelo Branco,Centro
PA,Pará,Castelo dos Sonhos
PA,Pará,Castelo dos Sonhos,Castelo Sonhos
PA,Pará,Castelo dos Sonhos,Centro
PA,Pará,Castelo dos Sonhos,Jardim Vitória
PA,Pará,Castelo dos Sonhos,Leão Fº
PA,Pará,Castelo dos Sonhos,São Miguel
PA,Pará,Cedere I
PA,Pará,Cedere I,Centro
PA,Pará,Centro Alegre
PA,Pará,Chaves
PA,Pará,Chaves,Chaves
PA,Pará,Chaves,Comercial
PA,Pará,Cipoal - Santarém
PA,Pará,Cipoal - Santarém,Centro
PA,Pará,Cipoal - Santarém,Cipoal
PA,Pará,Colares
PA,Pará,Colares,Bacuri
PA,Pará,Colares,Centro
PA,Pará,Colares,Maranhense
PA,Pará,Colares,São Francisco
PA,Pará,Colônia do Prata
PA,Pará,Colônia do Prata,Centro
PA,Pará,Colônia do Prata,Colônia do Prata
PA,Pará,Colônia Jacamin
PA,Pará,Colônia Jacamin,Jacamim
PA,Pará,Colônia Paes de Carvalho
PA,Pará,Colônia Paes de Carvalho,Centro
PA,Pará,Colônia Uraim
PA,Pará,Colônia Uraim,Centro
PA,Pará,Colônia Velha
PA,Pará,Colônia Velha,Zona Rural
PA,Pará,Comunidade de São José
PA,Pará,Conceição
PA,Pará,Conceição,Centro
PA,Pará,Conceição do Araguaia
PA,Pará,Conceição do Araguaia,Canudinho
PA,Pará,Conceição do Araguaia,Capelinha
PA,Pará,Conceição do Araguaia,Centro
PA,Pará,Conceição do Araguaia,Cidade Velha
PA,Pará,Conceição do Araguaia,Cruzeiro
PA,Pará,Conceição do Araguaia,Emerencio
PA,Pará,Conceição do Araguaia,Interior
PA,Pará,Conceição do Araguaia,Jardim Cumaru
PA,Pará,Conceição do Araguaia,Jardim Petrópolis
PA,Pará,Conceição do Araguaia,Marajoara
PA,Pará,Conceição do Araguaia,Mereço
PA,Pará,Conceição do Araguaia,Morada Do Sol
PA,Pará,Conceição do Araguaia,Novo Araguaia
PA,Pará,Conceição do Araguaia,Padre Eustáquio
PA,Pará,Conceição do Araguaia,Pescadores
PA,Pará,Conceição do Araguaia,Sao Luis i
PA,Pará,Conceição do Araguaia,Sao Luis ii
PA,Pará,Conceição do Araguaia,Setor Universitario
PA,Pará,Conceição do Araguaia,Tancredo Neves
PA,Pará,Conceição do Araguaia,Tucumã
PA,Pará,Conceição do Araguaia,Universitário
PA,Pará,Conceição do Araguaia,Vila Amizade
PA,Pará,Conceição do Araguaia,Vila Cruzeiro
PA,Pará,Conceição do Araguaia,Vila Nova
PA,Pará,Conceição do Araguaia,Vila Peixe
PA,Pará,Conceição do Araguaia,Vila Real
PA,Pará,Conceição do Ita
PA,Pará,Conceição do Ita,Centro
PA,Pará,Concórdia do Pará
PA,Pará,Concórdia do Pará,Centro
PA,Pará,Concórdia do Pará,Cristo Libertador
PA,Pará,Concórdia do Pará,Guadalupe
PA,Pará,Concórdia do Pará,Sao Pedro
PA,Pará,Concórdia do Pará,Vila Nova
PA,Pará,Condeixa
PA,Pará,Condeixa,Centro
PA,Pará,Condomínio Denpasa
PA,Pará,Condomínio Denpasa,Centro
PA,Pará,Corema
PA,Pará,Corema,Centro
PA,Pará,Cotijuba
PA,Pará,Cotijuba,Centro
PA,Pará,Creporizão
PA,Pará,Creporizão,Central
PA,Pará,Creporizinho
PA,Pará,Creporizinho,Central
PA,Pará,Cristal
PA,Pará,Cristal,Centro
PA,Pará,Cristo Alves
PA,Pará,Cristo Alves,Centro
PA,Pará,Cristo Alves,Cristo Alves
PA,Pará,Cruzador
PA,Pará,Cruzador,Centro
PA,Pará,Cuca
PA,Pará,Cuca,Agrovila Cuca
PA,Pará,Cuca,Centro
PA,Pará,Cuçari
PA,Pará,Cuçari,Cucari
PA,Pará,Cuiarana
PA,Pará,Cuiarana,Centro
PA,Pará,Cuiarana,Cuiarana
PA,Pará,Cuiu Cuiu
PA,Pará,Cuiu Cuiu,Cuiu Cuiu
PA,Pará,Cumarú
PA,Pará,Cumarú,Setor Centro
PA,Pará,Cumarú do Norte
PA,Pará,Cumarú do Norte,Cumaru Norte
PA,Pará,Cumarú do Norte,Setor Aeroporto
PA,Pará,Cumarú do Norte,Setor Centro
PA,Pará,Cumarú do Norte,Setor Colegial
PA,Pará,Cumarú do Norte,Setor Industrial
PA,Pará,Cupin
PA,Pará,Curi
PA,Pará,Curi,Centro
PA,Pará,Curionópolis
PA,Pará,Curionópolis,Aparecida
PA,Pará,Curionópolis,Belo Horizonte
PA,Pará,Curionópolis,Centro
PA,Pará,Curionópolis,Cremação
PA,Pará,Curionópolis,Interior
PA,Pará,Curionópolis,Jardim Panorama
PA,Pará,Curionópolis,Mangabeira
PA,Pará,Curionópolis,Rio Verde
PA,Pará,Curionópolis,Setor Planalto
PA,Pará,Curralinho
PA,Pará,Curralinho,Cafezal
PA,Pará,Curralinho,Centro
PA,Pará,Curuá
PA,Pará,Curuá,Centro
PA,Pará,Curuá,Curua
PA,Pará,Curuá,Planalto
PA,Pará,Curuai
PA,Pará,Curuai,Curuai
PA,Pará,Curuçá
PA,Pará,Curuçá,Abade
PA,Pará,Curuçá,Alto
PA,Pará,Curuçá,Centro
PA,Pará,Curuçá,Interior
PA,Pará,Curuçá,Marambaia
PA,Pará,Curuçá,Piaui
PA,Pará,Curuçá,Rodoviario
PA,Pará,Curuçá,Umarizal
PA,Pará,Curuçambaba
PA,Pará,Curuçambaba,Centro
PA,Pará,Curupati
PA,Pará,Curupati,Centro
PA,Pará,Curupati,Curupati
PA,Pará,Curuperê
PA,Pará,Curuperê,Centro
PA,Pará,Distrito de Canaã
PA,Pará,Divinópolis
PA,Pará,Divinópolis,Central
PA,Pará,Dom Eliseu
PA,Pará,Dom Eliseu,Alvorada
PA,Pará,Dom Eliseu,Boa Esperança
PA,Pará,Dom Eliseu,Bom Jardim
PA,Pará,Dom Eliseu,Bom Jesus
PA,Pará,Dom Eliseu,Centro
PA,Pará,Dom Eliseu,Dom Elizeu
PA,Pará,Dom Eliseu,Esplanada
PA,Pará,Dom Eliseu,Flor Do Ipe
PA,Pará,Dom Eliseu,Industrial
PA,Pará,Dom Eliseu,Jardim America
PA,Pará,Dom Eliseu,Liberdade
PA,Pará,Dom Eliseu,Pds
PA,Pará,Dom Eliseu,Planalto
PA,Pará,Dom Eliseu,Prq Amazonas
PA,Pará,Eldorado dos Carajás
PA,Pará,Eldorado dos Carajás,Abaete
PA,Pará,Eldorado dos Carajás,Bela Vista
PA,Pará,Eldorado dos Carajás,Centro
PA,Pará,Eldorado dos Carajás,Kilômetro 100
PA,Pará,Enche Concha
PA,Pará,Enche Concha,Centro
PA,Pará,Enche Concha,Enche Concha
PA,Pará,Engenho
PA,Pará,Engenho,Centro
PA,Pará,Espírito Santo do Tauá
PA,Pará,Espírito Santo do Tauá,Centro
PA,Pará,Estiva Km 22
PA,Pará,Estiva Km 22,Centro
PA,Pará,Fama
PA,Pará,Fama,Fama
PA,Pará,Faro
PA,Pará,Faro,Aparecida
PA,Pará,Faro,Campina
PA,Pará,Faro,Centro
PA,Pará,Faro,Morumbi
PA,Pará,Faro,Porto Cima
PA,Pará,Fazenda - Colares
PA,Pará,Fazenda - Colares,Centro
PA,Pará,Fazenda Caip
PA,Pará,Fazenda Caip,Centro
PA,Pará,Fazenda Cristalino
PA,Pará,Fazenda Real
PA,Pará,Fazendinha
PA,Pará,Fazendinha,Centro
PA,Pará,Fernandes Belo
PA,Pará,Fernandes Belo,Centro
PA,Pará,Fidélis
PA,Pará,Fidélis,Fidelis
PA,Pará,Fidélis,Pato Macho
PA,Pará,Flexal
PA,Pará,Flexal,Flexal
PA,Pará,Floresta do Araguaia
PA,Pará,Floresta do Araguaia,Centro
PA,Pará,Floresta do Araguaia,Setor Bananal
PA,Pará,Floresta do Araguaia,Vila Nova
PA,Pará,Fordlândia
PA,Pará,Fordlândia,Fordlandia
PA,Pará,Forquilha
PA,Pará,Forquilha,Centro
PA,Pará,Furo das Marinhas
PA,Pará,Garimpo Alto Bonito
PA,Pará,Garimpo da Ressaca
PA,Pará,Garrafão do Norte
PA,Pará,Garrafão do Norte,Garrafão do Norte
PA,Pará,Genipaúba
PA,Pará,Genipaúba,Centro
PA,Pará,Genipaúba da Laura
PA,Pará,Genipaúba da Laura,Centro
PA,Pará,Getúlio Vargas
PA,Pará,Getúlio Vargas,Centro
PA,Pará,Goianésia do Pará
PA,Pará,Goianésia do Pará,Centro
PA,Pará,Goianésia do Pará,Colegial
PA,Pará,Goianésia do Pará,Floresta
PA,Pará,Goianésia do Pará,Industrial
PA,Pará,Goianésia do Pará,Interior
PA,Pará,Goianésia do Pará,Novo Horizonte
PA,Pará,Goianésia do Pará,Santa Luzia
PA,Pará,Goianésia do Pará,São Luiz
PA,Pará,Goianésia do Pará,Vila Tucuruí
PA,Pará,Grande Esperança - Brasil Novo
PA,Pará,Grande Esperança - Brasil Novo,Central
PA,Pará,Granja Marathon
PA,Pará,Granja Marathon,Centro
PA,Pará,Grota Guarapará Nova
PA,Pará,Grota Guarapará Nova,Centro
PA,Pará,Guajará-Miri
PA,Pará,Guajará-Miri,Centro
PA,Pará,Guarumã
PA,Pará,Guarumã,Guaruma
PA,Pará,Gurupá
PA,Pará,Gurupá,Centro
PA,Pará,Herculino Bentes
PA,Pará,Herculino Bentes,Centro
PA,Pará,Icoaraci
PA,Pará,Icoaraci,Cruzeiro
PA,Pará,Igarapé-Açu
PA,Pará,Igarapé-Açu,Centro
PA,Pará,Igarapé-Açu,Colina
PA,Pará,Igarapé-Açu,Igarapé Acu
PA,Pará,Igarapé-Açu,Interior
PA,Pará,Igarapé-Açu,Jaderlandia
PA,Pará,Igarapé-Açu,São Cristóvão
PA,Pará,Igarapé-Açu - Capitão Poço
PA,Pará,Igarapé-Açu - Capitão Poço,Centro
PA,Pará,Igarapé-Miri
PA,Pará,Igarapé-Miri,Boa Esperanca
PA,Pará,Igarapé-Miri,Centro
PA,Pará,Igarapé-Miri,Cidade Nova
PA,Pará,Igarapé-Miri,Interior
PA,Pará,Igarapé-Miri,Matinha
PA,Pará,Igarapé-Miri,Perpetuo Socorro
PA,Pará,Igarapeaçu
PA,Pará,Igarapeaçu,Central
PA,Pará,Igarapeapara
PA,Pará,Ilha da Fazenda
PA,Pará,Ilha Grande
PA,Pará,Inhangapi
PA,Pará,Inhangapi,Castanhalzinho
PA,Pará,Inhangapi,Centro
PA,Pará,Inhangapi,Industrial
PA,Pará,Inhangapi,Vila Nova
PA,Pará,Ipanema
PA,Pará,Ipanema,Ipanema
PA,Pará,Ipixuna do Pará
PA,Pará,Ipixuna do Pará,Centro
PA,Pará,Ipixuna do Pará,Fazenda
PA,Pará,Ipixuna do Pará,Ipixuna do Para
PA,Pará,Iracema
PA,Pará,Iracema,Centro
PA,Pará,Irituia
PA,Pará,Irituia,Irituia
PA,Pará,Irituia,Sacramenta
PA,Pará,Irituia,Vila Palha
PA,Pará,Irmão Serafim
PA,Pará,Itainópolis
PA,Pará,Itainópolis,Centro
PA,Pará,Itaituba
PA,Pará,Itaituba,Aeroporto
PA,Pará,Itaituba,Aeroporto Velho
PA,Pará,Itaituba,Aldeia
PA,Pará,Itaituba,Batista Campos
PA,Pará,Itaituba,Bela Vista
PA,Pará,Itaituba,Boa Esperanca
PA,Pará,Itaituba,Bom Jardim
PA,Pará,Itaituba,Bom Remedio
PA,Pará,Itaituba,Central
PA,Pará,Itaituba,Centro
PA,Pará,Itaituba,Cidade Alta
PA,Pará,Itaituba,Comercial
PA,Pará,Itaituba,Comércio
PA,Pará,Itaituba,Floresta
PA,Pará,Itaituba,Jardim Aeroporto
PA,Pará,Itaituba,Jardim Araras
PA,Pará,Itaituba,Jardim Tapajós
PA,Pará,Itaituba,Jd Planalto
PA,Pará,Itaituba,Liberdade
PA,Pará,Itaituba,Miritituba
PA,Pará,Itaituba,Pedreira
PA,Pará,Itaituba,Perpetuo Socorro
PA,Pará,Itaituba,Piracana
PA,Pará,Itaituba,Prainha
PA,Pará,Itaituba,s Francisco
PA,Pará,Itaituba,Santo Antonio
PA,Pará,Itaituba,Sao Francisco
PA,Pará,Itaituba,Sao Jose
PA,Pará,Itaituba,São Tomé
PA,Pará,Itaituba,VL Militar
PA,Pará,Itapixuna
PA,Pará,Itapixuna,Centro
PA,Pará,Itapuã
PA,Pará,Itapuã,Centro
PA,Pará,Itinga do Para
PA,Pará,Itupanema
PA,Pará,Itupanema,Centro
PA,Pará,Itupanema,Vila Itupanema
PA,Pará,Itupiranga
PA,Pará,Itupiranga,Amapá
PA,Pará,Itupiranga,Bairro Novo
PA,Pará,Itupiranga,Centro
PA,Pará,Itupiranga,Mutirão
PA,Pará,Itupiranga,Vila Santa Tereza
PA,Pará,Jabaroca
PA,Pará,Jabaroca,Centro
PA,Pará,Jaburu
PA,Pará,Jaburu,Centro
PA,Pará,Jacaré Capa
PA,Pará,Jacaré Capa,Jacaré Capa
PA,Pará,Jacareacanga
PA,Pará,Jacareacanga,Bela Vista
PA,Pará,Jacareacanga,Central
PA,Pará,Jacareacanga,Centro
PA,Pará,Jacareacanga,Liberdade
PA,Pará,Jacundá
PA,Pará,Jacundá,Alto Paraiso
PA,Pará,Jacundá,Bela Vista
PA,Pará,Jacundá,Boa Esperanca
PA,Pará,Jacundá,Centro
PA,Pará,Jacundá,Cidade Nova
PA,Pará,Jacundá,Eletronorte
PA,Pará,Jacundá,Gleba Pitinga
PA,Pará,Jacundá,Industrial
PA,Pará,Jacundá,Interior
PA,Pará,Jacundá,Jose Rasteiro
PA,Pará,Jacundá,Juscelino Kubitschek
PA,Pará,Jacundá,Nossa S Aparecida
PA,Pará,Jacundá,Nova Ipixuna
PA,Pará,Jacundá,Palmares
PA,Pará,Jacundá,Santa Helena
PA,Pará,Jacundá,Santa Rita
PA,Pará,Jacundá,Sao Francisco
PA,Pará,Jacundá,Setor Industrial
PA,Pará,Jacundá,Zona Rural
PA,Pará,Jamanchizinho
PA,Pará,Jambuaçu
PA,Pará,Jambuaçu,Centro
PA,Pará,Japerica
PA,Pará,Japerica,Centro
PA,Pará,Japerica,Japerica
PA,Pará,Japiim
PA,Pará,Japiim,Centro
PA,Pará,Jardim do Ouro
PA,Pará,Jatuarana
PA,Pará,Jatuarana,Jatuarana
PA,Pará,Jenipapo
PA,Pará,Jenipapo,Centro
PA,Pará,Jibóia
PA,Pará,Joanes
PA,Pará,Joanes,Centro
PA,Pará,Jorge Bueno da Silva
PA,Pará,Juaba
PA,Pará,Juaba,Centro
PA,Pará,Jubim
PA,Pará,Jubim,Centro
PA,Pará,Jucarateua do Pereira
PA,Pará,Jucarateua do Pereira,Centro
PA,Pará,Juruti
PA,Pará,Juruti,Bom Pastor
PA,Pará,Juruti,Centro
PA,Pará,Juruti,Maracana
PA,Pará,Juruti,Palmeiras
PA,Pará,Juruti,Prainha
PA,Pará,Juruti,Santa Rita
PA,Pará,Juruti,São Francisco
PA,Pará,Juruti Velho
PA,Pará,Juruti Velho,Juruti Velho
PA,Pará,Jutaizinho
PA,Pará,Jutaizinho,Centro
PA,Pará,Km 11 Pa 254
PA,Pará,Km 12
PA,Pará,Km 12,Andradina
PA,Pará,Km 12,Centro
PA,Pará,Km 12,Inocencio Oliveira
PA,Pará,Km 12,Nagibao
PA,Pará,Km 12,Promissão I
PA,Pará,Km 12,Rosa Madeireira
PA,Pará,Km 12,Transul
PA,Pará,Km 120 - BR 230
PA,Pará,Km 120 - BR 230,Centro
PA,Pará,Km 18
PA,Pará,Km 18,Centro
PA,Pará,Km 19
PA,Pará,Km 19,Centro
PA,Pará,Km 28 - BR 163
PA,Pará,Km 28 - BR 163,Central
PA,Pará,Km 30
PA,Pará,Km 30,Central
PA,Pará,Km 38
PA,Pará,Km 40 - BR 230
PA,Pará,Km 40 - BR 230,Centro
PA,Pará,Km 40 - PA 70
PA,Pará,Km 40 - PA 70,Centro
PA,Pará,Km 40 - PA 70,Quilômetro 40
PA,Pará,Km 42
PA,Pará,Km 42,Centro
PA,Pará,Km 56
PA,Pará,Km 56,Centro
PA,Pará,Km 58
PA,Pará,Km 74 - BR 316
PA,Pará,Km 74 - BR 316,Centro
PA,Pará,Km 74 - BR 316,Km 74
PA,Pará,Km Zero - PA 275
PA,Pará,Km Zero - PA 275,Kilômetro 100
PA,Pará,Ladeira
PA,Pará,Ladeira,Centro
PA,Pará,Leonardo da Vinci
PA,Pará,Leonardo da Vinci,Centro
PA,Pará,Leonardo da Vinci,Leonardo da Vinci
PA,Pará,Ligação do Pará
PA,Pará,Ligação do Pará,Centro
PA,Pará,Ligação do Pará,Ligação do Para
PA,Pará,Limão - Monte Alegre
PA,Pará,Limão - Monte Alegre,Central
PA,Pará,Limão - Ourém
PA,Pará,Limão - Ourém,Centro
PA,Pará,Limoeiro do Ajuru
PA,Pará,Limoeiro do Ajuru,Centro
PA,Pará,Limondeua
PA,Pará,Limondeua,Centro
PA,Pará,Lindoeste
PA,Pará,Livramento
PA,Pará,Livramento - Garrafão do Norte
PA,Pará,Livramento - Garrafão do Norte,Centro
PA,Pará,Livramento - Santa Bárbara do Pará
PA,Pará,Livramento - Santa Bárbara do Pará,Centro
PA,Pará,Louro
PA,Pará,Macana
PA,Pará,Macapazinho
PA,Pará,Macapazinho,Centro
PA,Pará,Mãe do Rio
PA,Pará,Mãe do Rio,Batista Campos
PA,Pará,Mãe do Rio,Bom Jesus
PA,Pará,Mãe do Rio,Centro
PA,Pará,Mãe do Rio,Cidade Velha
PA,Pará,Mãe do Rio,Fátima
PA,Pará,Mãe do Rio,Mãe do Rio
PA,Pará,Mãe do Rio,N Sra Conceição
PA,Pará,Mãe do Rio,Sao Francisco
PA,Pará,Mãe do Rio,Turbilandia
PA,Pará,Mãe do Rio,Vila Nova
PA,Pará,Magalhães Barata
PA,Pará,Magalhães Barata,Centro
PA,Pará,Magalhães Barata,Magalhães Barata
PA,Pará,Maiauatá
PA,Pará,Maiauatá,Centro
PA,Pará,Mamia
PA,Pará,Mamia,Mamia
PA,Pará,Mamorana
PA,Pará,Mamorana,Centro
PA,Pará,Mangabeira
PA,Pará,Mangabeira,Centro
PA,Pará,Manoel dos Santos
PA,Pará,Manoel dos Santos,Centro
PA,Pará,Marabá
PA,Pará,Marabá,Aeroporto
PA,Pará,Marabá,Aeroporto Velho
PA,Pará,Marabá,Alto Paraná
PA,Pará,Marabá,Amapa
PA,Pará,Marabá,Bela Vista
PA,Pará,Marabá,Belo Horizonte
PA,Pará,Marabá,Bom Planalto
PA,Pará,Marabá,Campina
PA,Pará,Marabá,Campina de Icoaraci
PA,Pará,Marabá,Centro
PA,Pará,Marabá,Cidade Nova
PA,Pará,Marabá,Cidade Pioneira
PA,Pará,Marabá,Cidade Velha
PA,Pará,Marabá,Cj Cidade Nova II
PA,Pará,Marabá,Cruzeiro
PA,Pará,Marabá,Entroncamento
PA,Pará,Marabá,Guamá
PA,Pará,Marabá,Icoaraci
PA,Pará,Marabá,Independencia
PA,Pará,Marabá,Interior
PA,Pará,Marabá,Itainopoles
PA,Pará,Marabá,Jardim Uniao
PA,Pará,Marabá,Jardim União II
PA,Pará,Marabá,Jardim Vitoria
PA,Pará,Marabá,Laranjeira
PA,Pará,Marabá,Liberdade
PA,Pará,Marabá,Maranhão
PA,Pará,Marabá,Morada Nova
PA,Pará,Marabá,Nova Ipixuna
PA,Pará,Marabá,Nova Maraba
PA,Pará,Marabá,Nova Marambá
PA,Pará,Marabá,Nova Vida Km 1
PA,Pará,Marabá,Novo Horizonte
PA,Pará,Marabá,Novo Planalto
PA,Pará,Marabá,Núcleo Urbano
PA,Pará,Marabá,Palmares
PA,Pará,Marabá,Prainha
PA,Pará,Marabá,Realengo
PA,Pará,Marabá,Santa Rita
PA,Pará,Marabá,Santa Rosa
PA,Pará,Marabá,Sao Felix
PA,Pará,Marabá,Sao Joao
PA,Pará,Marabá,São José
PA,Pará,Marabá,Setor Presidiario
PA,Pará,Marabá,Sit Picapau Amarelo
PA,Pará,Marabá,Uirapuru
PA,Pará,Marabá,Vale do Aeroporto
PA,Pará,Marabá,Vale Itacaiunas
PA,Pará,Marabá,Velha Marabá
PA,Pará,Marabá,Vila Piquia
PA,Pará,Marabá,Vila Poupex
PA,Pará,Marabá,Vila Santa Fe
PA,Pará,Maracajá - Novo Repartimento
PA,Pará,Maracajá - Novo Repartimento,Centro
PA,Pará,Maracajo
PA,Pará,Maracajo,Centro
PA,Pará,Maracajo,Maracajo
PA,Pará,Maracanã
PA,Pará,Maracanã,Jurunas
PA,Pará,Maracanã,Maracanã
PA,Pará,Maracanã - Faro
PA,Pará,Maracanã - Faro,Maracanã
PA,Pará,Marajoara
PA,Pará,Marajoara,Centro
PA,Pará,Maranhãozinho
PA,Pará,Maranhãozinho,Centro
PA,Pará,Marapanim
PA,Pará,Marapanim,Aterro
PA,Pará,Marapanim,Barraca
PA,Pará,Marapanim,Central
PA,Pará,Marapanim,Centro
PA,Pará,Marapanim,Interior
PA,Pará,Marapanim,Novo
PA,Pará,Marapinima - Garrafão do Norte
PA,Pará,Maratauna
PA,Pará,Maratauna,Centro
PA,Pará,Maraú
PA,Pará,Maraú,Centro
PA,Pará,Maraua
PA,Pará,Maraua,Centro
PA,Pará,Marechal Castelo Branco
PA,Pará,Marechal Castelo Branco,Centro
PA,Pará,Mariana
PA,Pará,Mariana,Centro
PA,Pará,Marituba
PA,Pará,Marituba,Aguas Brancas
PA,Pará,Marituba,Almir Gabriel
PA,Pará,Marituba,Bela Vista
PA,Pará,Marituba,Central
PA,Pará,Marituba,Centro
PA,Pará,Marituba,Cheguevara
PA,Pará,Marituba,Decouville
PA,Pará,Marituba,Decoville
PA,Pará,Marituba,Marituba
PA,Pará,Marituba,Mirizal
PA,Pará,Marituba,Novo
PA,Pará,Marituba,Parque Verde
PA,Pará,Marituba,Pato Macho
PA,Pará,Marituba,Sao Joao
PA,Pará,Marituba,São José
PA,Pará,Marituba,União
PA,Pará,Marituba,Uriboca
PA,Pará,Marudá
PA,Pará,Marudá,Alegre
PA,Pará,Marudá,Bom Jesus
PA,Pará,Marudá,Caixa D'agua
PA,Pará,Marudá,Centro
PA,Pará,Marudá,Reduto
PA,Pará,Marudá,São Luís
PA,Pará,Marudá,Sossego
PA,Pará,Marudá,Telégrafo Sem Fio
PA,Pará,Marudá,Vila Nova
PA,Pará,Marudazinho
PA,Pará,Marudazinho,Centro
PA,Pará,Matapiquara
PA,Pará,Matapiquara,Centro
PA,Pará,Maurícia
PA,Pará,Maurícia,Centro
PA,Pará,Medicilândia
PA,Pará,Medicilândia,Alto Boa Vista
PA,Pará,Medicilândia,Cacoal
PA,Pará,Medicilândia,Centro
PA,Pará,Medicilândia,Independente
PA,Pará,Medicilândia,Loteamento Novo
PA,Pará,Medicilândia,Medicilândia
PA,Pará,Medicilândia,Uruará
PA,Pará,Medicilândia,Vila Pacal
PA,Pará,Melgaço
PA,Pará,Melgaço,Centro
PA,Pará,Mendonça
PA,Pará,Minerasul
PA,Pará,Minerasul,Centro
PA,Pará,Mirasselvas
PA,Pará,Mirasselvas,Centro
PA,Pará,Mirasselvas,Mirasselvas
PA,Pará,Miritituba
PA,Pará,Miritituba,Centro
PA,Pará,Miritituba,Miritituba
PA,Pará,Mocajatuba
PA,Pará,Mocajatuba,Centro
PA,Pará,Mocajatuba,Vila Jucarateua
PA,Pará,Mocajatuba,Vila Mocajatuba
PA,Pará,Mocajuba
PA,Pará,Mocajuba,Arraial
PA,Pará,Mocajuba,Caixa D'agua
PA,Pará,Mocajuba,Campina
PA,Pará,Mocajuba,Central
PA,Pará,Mocajuba,Cidade Nova
PA,Pará,Mocajuba,Fazenda
PA,Pará,Mocajuba,Novo
PA,Pará,Mocajuba,Pedreira
PA,Pará,Mocajuba,Pranchinha
PA,Pará,Mocajuba,Uxipocu
PA,Pará,Mocajuba,Vila Monte Alegre
PA,Pará,Moiraba
PA,Pará,Moiraba,Centro
PA,Pará,Mojú
PA,Pará,Mojú,Alto
PA,Pará,Mojú,Aviacao
PA,Pará,Mojú,Caixa D'agua
PA,Pará,Mojú,Centro
PA,Pará,Mojú,Interior
PA,Pará,Mojú,Lideranca
PA,Pará,Mojú,Novo Horizonte
PA,Pará,Mojú,Paraiso
PA,Pará,Mojú,Parolandia
PA,Pará,Mojú,Pedreira
PA,Pará,Mojú,Picarreira
PA,Pará,Mojú,Sarapoi
PA,Pará,Monsaras
PA,Pará,Monsaras,Centro
PA,Pará,Monte Alegre
PA,Pará,Monte Alegre,Aparecida
PA,Pará,Monte Alegre,Camarazinho
PA,Pará,Monte Alegre,Central
PA,Pará,Monte Alegre,Centro
PA,Pará,Monte Alegre,Cidade Alta
PA,Pará,Monte Alegre,Cidade Baixa
PA,Pará,Monte Alegre,Cidade Velha
PA,Pará,Monte Alegre,Curaxi
PA,Pará,Monte Alegre,Curintanfan
PA,Pará,Monte Alegre,Monte Alegre
PA,Pará,Monte Alegre,Pajucara
PA,Pará,Monte Alegre,Pedreira
PA,Pará,Monte Alegre,Rodagem
PA,Pará,Monte Alegre,Serra Ocidental
PA,Pará,Monte Alegre,Serra Oriental
PA,Pará,Monte Alegre,Surubiju
PA,Pará,Monte Alegre,Terra Amarela
PA,Pará,Monte Alegre,Turu
PA,Pará,Monte Alegre do Maú
PA,Pará,Monte Alegre do Maú,Centro
PA,Pará,Monte Dourado
PA,Pará,Monte Dourado,Area Industrial
PA,Pará,Monte Dourado,Centro
PA,Pará,Monte Dourado,Porto De Monte Dourado
PA,Pará,Monte Dourado,Rabo Gata
PA,Pará,Monte Dourado,s 37
PA,Pará,Monte Dourado,s 40
PA,Pará,Monte Dourado,Vila Cadam Stafao
PA,Pará,Monte Dourado,Vila Facel
PA,Pará,Monte Dourado,Vila Intermediaria
PA,Pará,Monte Dourado,Vila Nacional
PA,Pará,Monte Dourado,Vila Stafao
PA,Pará,Monte Dourado,Vila Staff
PA,Pará,Morada Nova - Marabá
PA,Pará,Morada Nova - Marabá,Belo Horizonte
PA,Pará,Morada Nova - Marabá,Morada Nova
PA,Pará,Morada Nova - Santa Bárbara do Pará
PA,Pará,Morada Nova - Santa Bárbara do Pará,Centro
PA,Pará,Moraes Almeida
PA,Pará,Moraes Almeida,Centro
PA,Pará,Moraes Almeida,Moraes Almeida
PA,Pará,Mosqueiro
PA,Pará,Mosqueiro,Aeroporto
PA,Pará,Mosqueiro,Ariramba
PA,Pará,Mosqueiro,Baía do Sol
PA,Pará,Mosqueiro,Carananduba
PA,Pará,Mosqueiro,Chapeu Virado
PA,Pará,Mosqueiro,Farol
PA,Pará,Mosqueiro,Maracaja
PA,Pará,Mosqueiro,Marau
PA,Pará,Mosqueiro,Marco
PA,Pará,Mosqueiro,Murubira
PA,Pará,Mosqueiro,Natal Murubira
PA,Pará,Mosqueiro,Porto Arthur
PA,Pará,Mosqueiro,Praia Areiao
PA,Pará,Mosqueiro,Praia Bispo
PA,Pará,Mosqueiro,Praia Grande
PA,Pará,Mosqueiro,Prainha
PA,Pará,Mosqueiro,Sao Francisco
PA,Pará,Mosqueiro,Sucurijuquara
PA,Pará,Mosqueiro,Vila
PA,Pará,Muaná
PA,Pará,Muaná,Bacabal
PA,Pará,Muaná,Centro
PA,Pará,Muaná,Interior
PA,Pará,Muaná,Sao Benedito
PA,Pará,Mujuí dos Campos
PA,Pará,Mujuí dos Campos,Alto Alegre
PA,Pará,Mujuí dos Campos,Centro
PA,Pará,Mujuí dos Campos,Cidade Alta
PA,Pará,Mujuí dos Campos,Esperanca
PA,Pará,Mujuí dos Campos,Nova República
PA,Pará,Mujuí dos Campos,VL Nova
PA,Pará,Mulata
PA,Pará,Munguba
PA,Pará,Munguba,Area Portuaria
PA,Pará,Munguba,Campina
PA,Pará,Munguba,Centro
PA,Pará,Munguba,Comercial
PA,Pará,Munguba,Rabo da Gata
PA,Pará,Munguba,Residencial
PA,Pará,Murajá
PA,Pará,Murajá,Centro
PA,Pará,Muru
PA,Pará,Muru,Centro
PA,Pará,Murucupi
PA,Pará,Murucupi,Centro
PA,Pará,Murucupi,Distrito Murucupi
PA,Pará,Murumuru
PA,Pará,Murumuru,Centro
PA,Pará,Muruteva
PA,Pará,Muruteva,Centro
PA,Pará,Mutucal
PA,Pará,Mutucal,Centro
PA,Pará,Nazaré
PA,Pará,Nazaré,Centro
PA,Pará,Nazaré,Nazaré
PA,Pará,Nazaré do Fugido
PA,Pará,Nazaré do Fugido,Centro
PA,Pará,Nazaré dos Patos
PA,Pará,Nazaré dos Patos,Centro
PA,Pará,Neteolândia
PA,Pará,Neteolândia,Centro
PA,Pará,Nossa Senhora de Fátima Km 40
PA,Pará,Nossa Senhora de Fátima Km 40,Centro
PA,Pará,Nova Barreira do Campo
PA,Pará,Nova Barreira do Campo,Centro
PA,Pará,Nova Barreira do Campo,Nova Barreira
PA,Pará,Nova Barreira do Campo,Nova Barreira dos Ca
PA,Pará,Nova Colônia
PA,Pará,Nova Colônia,Centro
PA,Pará,Nova Esperança
PA,Pará,Nova Esperança - Medicilândia
PA,Pará,Nova Esperança - Santa Maria das Barreiras
PA,Pará,Nova Esperança - Santa Maria das Barreiras,Centro
PA,Pará,Nova Esperança do Piriá
PA,Pará,Nova Esperança do Piriá,Centro
PA,Pará,Nova Esperança do Piriá,Nova Esperança do Pi
PA,Pará,Nova Esperança do Piriá,Zona Rural
PA,Pará,Nova Fronteira
PA,Pará,Nova Ipixuna
PA,Pará,Nova Ipixuna,Centro
PA,Pará,Nova Ipixuna,Nova Canaa
PA,Pará,Nova Ipixuna,Nova Ipixuna
PA,Pará,Nova Ipixuna,São Félix do Xingu
PA,Pará,Nova Jutaí
PA,Pará,Nova Jutaí,Centro
PA,Pará,Nova Mocajuba
PA,Pará,Nova Olinda - Augusto Corrêa
PA,Pará,Nova Olinda - Augusto Corrêa,Centro
PA,Pará,Nova Timbotéua
PA,Pará,Nova Timbotéua,Nova Timbotéua
PA,Pará,Nova Timbotéua,Pedreira
PA,Pará,Nova Vida
PA,Pará,Nova Vida,Centro
PA,Pará,Novo Progresso
PA,Pará,Novo Progresso,Aldeia
PA,Pará,Novo Progresso,Área Industrial I
PA,Pará,Novo Progresso,Área Industrial II
PA,Pará,Novo Progresso,Bela Vista
PA,Pará,Novo Progresso,Centro
PA,Pará,Novo Progresso,Comércio
PA,Pará,Novo Progresso,Cristo Rei
PA,Pará,Novo Progresso,Jardim America ii
PA,Pará,Novo Progresso,Jardim Bela Vista
PA,Pará,Novo Progresso,Jardim Das Araras
PA,Pará,Novo Progresso,Jardim Europa
PA,Pará,Novo Progresso,Jardim Magalhães
PA,Pará,Novo Progresso,Jardim Paraíso
PA,Pará,Novo Progresso,Jardim Planalto
PA,Pará,Novo Progresso,Jd Planlto
PA,Pará,Novo Progresso,Loteamento Ivo
PA,Pará,Novo Progresso,Otávio Oneda
PA,Pará,Novo Progresso,Otávio Onetta
PA,Pará,Novo Progresso,Rui p Lima
PA,Pará,Novo Progresso,Santa Luzia
PA,Pará,Novo Progresso,São Marcos
PA,Pará,Novo Progresso,Serrão Azul
PA,Pará,Novo Progresso,Setor Industrial I
PA,Pará,Novo Progresso,Vista Alegre
PA,Pará,Novo Progresso - Itupiranga
PA,Pará,Novo Progresso - Itupiranga,Centro
PA,Pará,Novo Repartimento
PA,Pará,Novo Repartimento,Ampliacao
PA,Pará,Novo Repartimento,Centro
PA,Pará,Novo Repartimento,Gospel
PA,Pará,Novo Repartimento,Interior
PA,Pará,Novo Repartimento,Morumbi
PA,Pará,Novo Repartimento,Novo Horizonte
PA,Pará,Novo Repartimento,Parque Espigao
PA,Pará,Novo Repartimento,Parque Marajo
PA,Pará,Novo Repartimento,Parque Uirapuru
PA,Pará,Novo Repartimento,Uirapuru
PA,Pará,Novo Repartimento,Vale Sol
PA,Pará,Novo Repartimento,Vila Maraba
PA,Pará,Novo Repartimento,Vila Nova
PA,Pará,Novo Repartimento,Vila Tucurui
PA,Pará,Núcleo Carajás
PA,Pará,Núcleo Carajás,Amapá
PA,Pará,Núcleo Carajás,Centro
PA,Pará,Núcleo Carajás,Núcleo Carajás
PA,Pará,Núcleo Carajás,Rio Verde
PA,Pará,Óbidos
PA,Pará,Óbidos,Bela Vista
PA,Pará,Óbidos,Centro
PA,Pará,Óbidos,Cidade Nova
PA,Pará,Óbidos,Fatima
PA,Pará,Óbidos,Liberdade
PA,Pará,Óbidos,Lourdes
PA,Pará,Óbidos,Obidos
PA,Pará,Óbidos,Perpétuo Socorro
PA,Pará,Óbidos,Santa Terezinha
PA,Pará,Óbidos,Sao Francisco
PA,Pará,Óbidos,Titanlandia
PA,Pará,Oeiras do Pará
PA,Pará,Oeiras do Pará,Centro
PA,Pará,Olho D'Água - Mojú
PA,Pará,Olho D'Água - Mojú,Centro
PA,Pará,Oriximiná
PA,Pará,Oriximiná,Aldeia
PA,Pará,Oriximiná,Central
PA,Pará,Oriximiná,Centro
PA,Pará,Oriximiná,Cidade Nova
PA,Pará,Oriximiná,Cidade Velha
PA,Pará,Oriximiná,Fatima
PA,Pará,Oriximiná,n s Gracas
PA,Pará,Oriximiná,n s Perpetuo Soco
PA,Pará,Oriximiná,Oriximina
PA,Pará,Oriximiná,Pastoral
PA,Pará,Oriximiná,Santa Luzia
PA,Pará,Oriximiná,Santa Terezinha
PA,Pará,Oriximiná,Santíssima
PA,Pará,Oriximiná,Santissimo
PA,Pará,Oriximiná,Sao Jose
PA,Pará,Oriximiná,São José Operário
PA,Pará,Oriximiná,Sao Pedro
PA,Pará,Oriximiná,Telégrafo Sem Fio
PA,Pará,Oriximiná,Uruará
PA,Pará,Ourém
PA,Pará,Ourém,Aldeia
PA,Pará,Ourém,Capitão Poço
PA,Pará,Ourém,Centro
PA,Pará,Ourém,Ourém
PA,Pará,Ourém,Salinópolis
PA,Pará,Ourilândia do Norte
PA,Pará,Ourilândia do Norte,3 Poderes
PA,Pará,Ourilândia do Norte,Azevec
PA,Pará,Ourilândia do Norte,Bela Vista
PA,Pará,Ourilândia do Norte,Centro
PA,Pará,Ourilândia do Norte,Cooperiandia
PA,Pará,Ourilândia do Norte,Machado Assis
PA,Pará,Ourilândia do Norte,Novo Horizonte
PA,Pará,Ourilândia do Norte,Ourilândia do Norte
PA,Pará,Ourilândia do Norte,Paulista
PA,Pará,Ourilândia do Norte,Tucumã
PA,Pará,Oziel Pereira
PA,Pará,Oziel Pereira,Centro
PA,Pará,Pacajá
PA,Pará,Pacajá,Centro
PA,Pará,Pacajá,Novo Horizonte
PA,Pará,Pacajá,Tozzeti
PA,Pará,Pacoval
PA,Pará,Pacoval,Pacoval
PA,Pará,Pacoval
PA,Pará,Palestina
PA,Pará,Palestina do Pará
PA,Pará,Palestina do Pará,Centro
PA,Pará,Palestina do Pará,Cidade Nova
PA,Pará,Palestina do Pará,Galileia
PA,Pará,Palestina do Pará,Palestina
PA,Pará,Palmares
PA,Pará,Palmares,Centro
PA,Pará,Palmares I
PA,Pará,Palmares I,Centro
PA,Pará,Palmares II
PA,Pará,Palmares II,Centro
PA,Pará,Palmares II,Novo Horizonte
PA,Pará,Parada Bom Jesus
PA,Pará,Paragominas
PA,Pará,Paragominas,Angelim
PA,Pará,Paragominas,Aragão
PA,Pará,Paragominas,Bela Vista
PA,Pará,Paragominas,Camboatan
PA,Pará,Paragominas,Camboatan I
PA,Pará,Paragominas,Camboatan ii
PA,Pará,Paragominas,Centro
PA,Pará,Paragominas,Cidade Nova
PA,Pará,Paragominas,Cj Olga Moreira
PA,Pará,Paragominas,Guanabara
PA,Pará,Paragominas,Jaderlandia
PA,Pará,Paragominas,Jardim Atlantico
PA,Pará,Paragominas,Jardim Cambuatan
PA,Pará,Paragominas,Jk
PA,Pará,Paragominas,Laércio Capeline
PA,Pará,Paragominas,Módulo II
PA,Pará,Paragominas,N Sra Conceição
PA,Pará,Paragominas,Nova Conquista
PA,Pará,Paragominas,o Moreira
PA,Pará,Paragominas,Parque iv
PA,Pará,Paragominas,Promissao i
PA,Pará,Paragominas,Promissao ii
PA,Pará,Paragominas,Promissao iii
PA,Pará,Paragominas,Promissão IV
PA,Pará,Paragominas,Sem Bairro
PA,Pará,Paragominas,Setor Industrial
PA,Pará,Paragominas,Taboatam II
PA,Pará,Paragominas,Trecho Seco
PA,Pará,Paragominas,Uraim
PA,Pará,Paragominas,Uraim ii
PA,Pará,Paragominas,Vila Rica
PA,Pará,Paragominas,Zona Rural
PA,Pará,Paragonorte
PA,Pará,Paraíso
PA,Pará,Paraíso,Centro
PA,Pará,Paraíso,Paraíso
PA,Pará,Parauá
PA,Pará,Parauá,Centro
PA,Pará,Parauapebas
PA,Pará,Parauapebas,Altamira
PA,Pará,Parauapebas,Beira Rio
PA,Pará,Parauapebas,Bela Vista
PA,Pará,Parauapebas,Caetanopolis
PA,Pará,Parauapebas,Cedere I
PA,Pará,Parauapebas,Centro
PA,Pará,Parauapebas,Chacara Estrelas
PA,Pará,Parauapebas,Chacara Lua
PA,Pará,Parauapebas,Chacara Sol
PA,Pará,Parauapebas,Cidade Nova
PA,Pará,Parauapebas,Cidade Velha
PA,Pará,Parauapebas,Guanabara
PA,Pará,Parauapebas,Interior
PA,Pará,Parauapebas,Jardim Novo Horizont
PA,Pará,Parauapebas,Karajas Sul
PA,Pará,Parauapebas,Liberdade
PA,Pará,Parauapebas,Maranhao
PA,Pará,Parauapebas,Novo Brasil
PA,Pará,Parauapebas,Novo Horizonte
PA,Pará,Parauapebas,Núcleo Carajás
PA,Pará,Parauapebas,Paz
PA,Pará,Parauapebas,Primavera
PA,Pará,Parauapebas,Riacho Doce
PA,Pará,Parauapebas,Rio Verde
PA,Pará,Parauapebas,Uniao
PA,Pará,Parauapebas,Vale do Sereno
PA,Pará,Parauapebas,Vila Rica
PA,Pará,Parico
PA,Pará,Parico,Parico
PA,Pará,Passagem Grande
PA,Pará,Passagem Grande,Centro
PA,Pará,Pataua
PA,Pará,Pataua,Centro
PA,Pará,Patauateua
PA,Pará,Patauateua,Centro
PA,Pará,Pau D'Arco
PA,Pará,Pau D'Arco,Centro
PA,Pará,Pau D'Arco,Paraíso
PA,Pará,Pau D'Arco,Setor Paraiso
PA,Pará,Pau D'Arco - Santa Bárbara do Pará
PA,Pará,Pau D'Arco - Santa Bárbara do Pará,Centro
PA,Pará,Pau D'Arco - Santa Bárbara do Pará,Coleipa
PA,Pará,Pedreira
PA,Pará,Peixe-Boi
PA,Pará,Peixe-Boi,Centro
PA,Pará,Peixe-Boi,Peixe Boi
PA,Pará,Penha Longa
PA,Pará,Penha Longa,Centro
PA,Pará,Perseverança - São Domingos do Capim
PA,Pará,Perseverança - São Domingos do Capim,Centro
PA,Pará,Piçarras
PA,Pará,Piçarras,Centro
PA,Pará,Piçarras,São Félix do Xingu
PA,Pará,Piçarras,Zona Rural
PA,Pará,Picmal
PA,Pará,Picmal,Picmal
PA,Pará,Pimental
PA,Pará,Pimental,Pimental
PA,Pará,Piraquara
PA,Pará,Piraquara,Centro
PA,Pará,Piraquara,Piraquara
PA,Pará,Placas
PA,Pará,Placas,Aparecida
PA,Pará,Placas,Centro
PA,Pará,Placas,Placas
PA,Pará,Placas do Pitinga
PA,Pará,Placas do Pitinga,Centro
PA,Pará,Planalto
PA,Pará,Planalto,Aeroporto
PA,Pará,Planalto,Centro
PA,Pará,Plano Dourado
PA,Pará,Ponta Bom Jesus
PA,Pará,Ponta Bom Jesus,Centro
PA,Pará,Ponta de Pedras
PA,Pará,Ponta de Pedras,Campinho
PA,Pará,Ponta de Pedras,Carnapijo
PA,Pará,Ponta de Pedras,Centro
PA,Pará,Ponta de Pedras,Estrada
PA,Pará,Ponta Negra
PA,Pará,Ponta Negra,Centro
PA,Pará,Portel
PA,Pará,Portel,Bosque
PA,Pará,Portel,Centro
PA,Pará,Portel,Cidade Nova
PA,Pará,Portel,Interior
PA,Pará,Portel,Mangueirão
PA,Pará,Portel,Muruci
PA,Pará,Portel,Pinho
PA,Pará,Portel,Tijuca
PA,Pará,Portel,Vila Velha
PA,Pará,Porto de Moz
PA,Pará,Porto de Moz,Cabanagem
PA,Pará,Porto de Moz,Centro
PA,Pará,Porto de Moz,Interior
PA,Pará,Porto de Moz,Maturu
PA,Pará,Porto de Moz,Praiao
PA,Pará,Porto Grande
PA,Pará,Porto Grande,Centro
PA,Pará,Porto Rico
PA,Pará,Porto Rico,Porto Rico
PA,Pará,Porto Salvo
PA,Pará,Porto Salvo,Centro
PA,Pará,Porto Seguro
PA,Pará,Porto Seguro,Centro
PA,Pará,Porto Trombetas
PA,Pará,Porto Trombetas,Área Industrial
PA,Pará,Porto Trombetas,Centro
PA,Pará,Porto Trombetas,Marco
PA,Pará,Porto Trombetas,Porto Trombetas
PA,Pará,Porto Trombetas,Tapanã (Icoaraci)
PA,Pará,Porto Trombetas,Vila Pioneira
PA,Pará,Praia do Ajuruteua
PA,Pará,Praia do Ajuruteua,Ajuruteua
PA,Pará,Praia do Ajuruteua,Centro
PA,Pará,Praia do Ajuruteua,Praia do Ajuruteua
PA,Pará,Prainha
PA,Pará,Prainha,Acaizal
PA,Pará,Prainha,Central
PA,Pará,Prainha,Liberdade
PA,Pará,Prainha,Prainha
PA,Pará,Prainha,Santana
PA,Pará,Primavera
PA,Pará,Primavera,Centro
PA,Pará,Primavera,Das Pacas
PA,Pará,Primavera,Leitilandia
PA,Pará,Primavera,Matadouro
PA,Pará,Primavera,Primavera
PA,Pará,Primavera,Sao Benedito
PA,Pará,Primavera,Taboa
PA,Pará,Princesa do Xingu
PA,Pará,Princesa do Xingu,Centro
PA,Pará,Puraquequarinha
PA,Pará,Quarenta do Mocooca
PA,Pará,Quarenta do Mocooca,Centro
PA,Pará,Quatipuru
PA,Pará,Quatipuru,Centro
PA,Pará,Quatipuru,Quatipuru
PA,Pará,Quatipuru,Vital Landia
PA,Pará,Quatro Bocas - Tomé-Açu
PA,Pará,Quatro Bocas - Tomé-Açu,Alvislandia
PA,Pará,Quatro Bocas - Tomé-Açu,Alvorada
PA,Pará,Quatro Bocas - Tomé-Açu,Centro
PA,Pará,Quatro Bocas - Tomé-Açu,Interior
PA,Pará,Quatro Bocas - Tomé-Açu,Novo
PA,Pará,Quatro Bocas - Tomé-Açu,Novo Horizonte
PA,Pará,Quatro Bocas - Tomé-Açu,Serraria
PA,Pará,Quatro Bocas - Tomé-Açu,Venceslau
PA,Pará,Quatro Bocas - Tomé-Açu,Vislandia
PA,Pará,Quatro Bocas - Tomé-Açu,Yamada
PA,Pará,Redenção
PA,Pará,Redenção,Ademar Guimaraes
PA,Pará,Redenção,Alto Parana
PA,Pará,Redenção,Alto Parana ii
PA,Pará,Redenção,Arapuana
PA,Pará,Redenção,Bela Vista
PA,Pará,Redenção,Campos Altos
PA,Pará,Redenção,Capuava i
PA,Pará,Redenção,Capuava ii
PA,Pará,Redenção,Casas Populares
PA,Pará,Redenção,Centro
PA,Pará,Redenção,Cidade Velha
PA,Pará,Redenção,Cupuava
PA,Pará,Redenção,Entroncamento
PA,Pará,Redenção,Independência
PA,Pará,Redenção,Jardim Ariane
PA,Pará,Redenção,Jardim Cumaru
PA,Pará,Redenção,Jardim Lucena
PA,Pará,Redenção,Jardim Prudente
PA,Pará,Redenção,Jardim Umuarama
PA,Pará,Redenção,Jardim Viviene
PA,Pará,Redenção,Marechal Rondon
PA,Pará,Redenção,Morada Paz
PA,Pará,Redenção,Novo Horizonte
PA,Pará,Redenção,Novo Milênio
PA,Pará,Redenção,Nucleo Urbano
PA,Pará,Redenção,Planalto
PA,Pará,Redenção,Santos Dumont
PA,Pará,Redenção,São José
PA,Pará,Redenção,Saudade II
PA,Pará,Redenção,Serrinha
PA,Pará,Redenção,Setor Aeroporto
PA,Pará,Redenção,Setor Bosque
PA,Pará,Redenção,Setor Copasa
PA,Pará,Redenção,Setor Frigorífico
PA,Pará,Redenção,Setor Independencia
PA,Pará,Redenção,Setor Oeste
PA,Pará,Redenção,St Marechal Rondon
PA,Pará,Redenção,Tamaka
PA,Pará,Redenção,Umuarama
PA,Pará,Redenção,Vila Alegre
PA,Pará,Redenção,Vila Amorin
PA,Pará,Redenção,Vila Paulista
PA,Pará,Redenção,Vl Pedra
PA,Pará,Retiro Grande
PA,Pará,Retiro Grande,Centro
PA,Pará,Rio Maria
PA,Pará,Rio Maria,Betânia
PA,Pará,Rio Maria,Capuava II
PA,Pará,Rio Maria,Centro
PA,Pará,Rio Maria,Parque Ibirapuera
PA,Pará,Rio Maria,Rio Maria
PA,Pará,Rio Maria,Vila Nova
PA,Pará,Rio Onze
PA,Pará,Rio Onze,Centro
PA,Pará,Rio Vermelho
PA,Pará,Rio Vermelho,Centro
PA,Pará,Riozinho
PA,Pará,Rondon do Pará
PA,Pará,Rondon do Pará,Amapá
PA,Pará,Rondon do Pará,Bela Vista
PA,Pará,Rondon do Pará,Canudos
PA,Pará,Rondon do Pará,Centro
PA,Pará,Rondon do Pará,Guanabara
PA,Pará,Rondon do Pará,Gusmao
PA,Pará,Rondon do Pará,Interior
PA,Pará,Rondon do Pará,Jaderlandia
PA,Pará,Rondon do Pará,Parque Elite
PA,Pará,Rondon do Pará,Parque São José
PA,Pará,Rondon do Pará,Recanto Azul
PA,Pará,Rondon do Pará,Ulianópolis
PA,Pará,Rondon do Pará,Vila Miranda
PA,Pará,Rurópolis
PA,Pará,Rurópolis,Aldeia
PA,Pará,Rurópolis,Alvorada
PA,Pará,Rurópolis,Arroz
PA,Pará,Rurópolis,Bela Vista
PA,Pará,Rurópolis,Centro
PA,Pará,Rurópolis,Lagoa
PA,Pará,Rurópolis,Leitoso
PA,Pará,Rurópolis,Rurópolis
PA,Pará,Rurópolis,Serraria
PA,Pará,Rurópolis,Vila Nova
PA,Pará,Salinópolis
PA,Pará,Salinópolis,Açaí
PA,Pará,Salinópolis,Amapá
PA,Pará,Salinópolis,Atlantico
PA,Pará,Salinópolis,Barreiro
PA,Pará,Salinópolis,Bom Jesus
PA,Pará,Salinópolis,Brasília
PA,Pará,Salinópolis,Campina
PA,Pará,Salinópolis,Carana
PA,Pará,Salinópolis,Centro
PA,Pará,Salinópolis,Guarani
PA,Pará,Salinópolis,Guarani II
PA,Pará,Salinópolis,Icoaraci
PA,Pará,Salinópolis,Jaderlandia
PA,Pará,Salinópolis,Macarico
PA,Pará,Salinópolis,Nazaré
PA,Pará,Salinópolis,Paradiso
PA,Pará,Salinópolis,Ponta D' Agulha
PA,Pará,Salinópolis,Ponta da Agulha
PA,Pará,Salinópolis,Porto Grande
PA,Pará,Salinópolis,Prainha
PA,Pará,Salinópolis,Reduto
PA,Pará,Salinópolis,Sacramenta
PA,Pará,Salinópolis,Salinópolis
PA,Pará,Salinópolis,São José
PA,Pará,Salinópolis,São Tomé
PA,Pará,Salinópolis,São Vicente
PA,Pará,Salvaterra
PA,Pará,Salvaterra,Caju
PA,Pará,Salvaterra,Centro
PA,Pará,Salvaterra,Coqueirinho
PA,Pará,Salvaterra,Marabazinho
PA,Pará,Salvaterra,Praia Grande
PA,Pará,Salvaterra,Zona Rural
PA,Pará,Santa Bárbara do Pará
PA,Pará,Santa Bárbara do Pará,Centro
PA,Pará,Santa Bárbara do Pará,Genipauba
PA,Pará,Santa Bárbara do Pará,Novo
PA,Pará,Santa Bárbara do Pará,Pau D'arco
PA,Pará,Santa Cruz do Arari
PA,Pará,Santa Cruz do Arari,Centro
PA,Pará,Santa Isabel do Araguaia
PA,Pará,Santa Isabel do Araguaia,Centro
PA,Pará,Santa Isabel do Pará
PA,Pará,Santa Isabel do Pará,Aratanha
PA,Pará,Santa Isabel do Pará,Areia Branca
PA,Pará,Santa Isabel do Pará,Centro
PA,Pará,Santa Isabel do Pará,Interior
PA,Pará,Santa Isabel do Pará,Jardim Acacias
PA,Pará,Santa Isabel do Pará,Jardim Catarina
PA,Pará,Santa Isabel do Pará,Jardim Mirai
PA,Pará,Santa Isabel do Pará,Juazeiro
PA,Pará,Santa Isabel do Pará,Jurunas
PA,Pará,Santa Isabel do Pará,Moema
PA,Pará,Santa Isabel do Pará,Nobre
PA,Pará,Santa Isabel do Pará,Nova Brasília
PA,Pará,Santa Isabel do Pará,Nova Divineia
PA,Pará,Santa Isabel do Pará,Novo
PA,Pará,Santa Isabel do Pará,Novo Horizonte
PA,Pará,Santa Isabel do Pará,Sagrada Familia
PA,Pará,Santa Isabel do Pará,Santa Lucia
PA,Pará,Santa Isabel do Pará,Santa Rita Cassia
PA,Pará,Santa Isabel do Pará,Santa Terezinha
PA,Pará,Santa Isabel do Pará,São Benedito
PA,Pará,Santa Isabel do Pará,Sao Raimundo
PA,Pará,Santa Isabel do Pará,Triangulo
PA,Pará,Santa Isabel do Pará,Val de Cans
PA,Pará,Santa Isabel do Pará,Vila Americano
PA,Pará,Santa Luzia - São João de Pirabas
PA,Pará,Santa Luzia - São João de Pirabas,Centro
PA,Pará,Santa Luzia - São João de Pirabas,Santa Luzia
PA,Pará,Santa Luzia do Pará
PA,Pará,Santa Luzia do Pará,Centro
PA,Pará,Santa Luzia do Pará,Pedreira
PA,Pará,Santa Maria - Benevides
PA,Pará,Santa Maria - Benevides,Centro
PA,Pará,Santa Maria da Barreta
PA,Pará,Santa Maria da Barreta,Centro
PA,Pará,Santa Maria das Barreiras
PA,Pará,Santa Maria das Barreiras,Centro
PA,Pará,Santa Maria das Barreiras,Sta Maria das Barrei
PA,Pará,Santa Maria do Pará
PA,Pará,Santa Maria do Pará,I
PA,Pará,Santa Maria do Pará,Pedreira
PA,Pará,Santa Maria do Pará,Sale
PA,Pará,Santa Maria do Pará,Salinópolis
PA,Pará,Santa Maria do Pará,Santa Maria do Para
PA,Pará,Santa Maria do Uruará
PA,Pará,Santa Maria do Uruará,Central
PA,Pará,Santa Rita - Brejo Grande do Araguaia
PA,Pará,Santa Rita - Brejo Grande do Araguaia,Centro
PA,Pará,Santa Rita - Brejo Grande do Araguaia,Santa Rita
PA,Pará,Santa Rosa da Vigia
PA,Pará,Santa Rosa da Vigia,Centro
PA,Pará,Santa Terezinha
PA,Pará,Santa Terezinha,Centro
PA,Pará,Santana do Araguaia
PA,Pará,Santana do Araguaia,13 Casas
PA,Pará,Santana do Araguaia,Balneario
PA,Pará,Santana do Araguaia,Bel Rec
PA,Pará,Santana do Araguaia,Biblia
PA,Pará,Santana do Araguaia,Capuava I
PA,Pará,Santana do Araguaia,Central
PA,Pará,Santana do Araguaia,Centro
PA,Pará,Santana do Araguaia,Comercial
PA,Pará,Santana do Araguaia,Cto Apoio
PA,Pará,Santana do Araguaia,Expansao
PA,Pará,Santana do Araguaia,Interior
PA,Pará,Santana do Araguaia,Rodoviaria
PA,Pará,Santana do Araguaia,Santana do Araguaia
PA,Pará,Santana do Araguaia,Seringal
PA,Pará,Santana do Araguaia,Seringal 1
PA,Pará,Santana do Araguaia,Vila Uniao
PA,Pará,Santana do Capim
PA,Pará,Santana do Capim,Centro
PA,Pará,Santana do Peripindeua
PA,Pará,Santana do Peripindeua,Centro
PA,Pará,Santarém
PA,Pará,Santarém,Aeroporto Velho
PA,Pará,Santarém,Aldeia
PA,Pará,Santarém,Alenquer
PA,Pará,Santarém,Amparo
PA,Pará,Santarém,Aparecida
PA,Pará,Santarém,Area Verde
PA,Pará,Santarém,Batista Campos
PA,Pará,Santarém,Belo Horizonte
PA,Pará,Santarém,Bengui
PA,Pará,Santarém,Cambuquira
PA,Pará,Santarém,Campina
PA,Pará,Santarém,Caranazal
PA,Pará,Santarém,Central
PA,Pará,Santarém,Centro
PA,Pará,Santarém,Cidade Nova
PA,Pará,Santarém,Cidade Velha
PA,Pará,Santarém,Cohab
PA,Pará,Santarém,Conquista
PA,Pará,Santarém,Curaxi
PA,Pará,Santarém,Curintanfan
PA,Pará,Santarém,Curió
PA,Pará,Santarém,Diamantino
PA,Pará,Santarém,Elcione Barbalho
PA,Pará,Santarém,Esperanca
PA,Pará,Santarém,Fatima
PA,Pará,Santarém,Floresta
PA,Pará,Santarém,Guaratiba
PA,Pará,Santarém,Independente
PA,Pará,Santarém,Interventoria
PA,Pará,Santarém,Ipanema
PA,Pará,Santarém,Jaderlandia
PA,Pará,Santarém,Jardim Santarem
PA,Pará,Santarém,Jurunas
PA,Pará,Santarém,Jutai
PA,Pará,Santarém,Laguinho
PA,Pará,Santarém,Liberdade
PA,Pará,Santarém,Livramento
PA,Pará,Santarém,Maica
PA,Pará,Santarém,Mangueirão
PA,Pará,Santarém,Mapiri
PA,Pará,Santarém,Maracana
PA,Pará,Santarém,Marambaia
PA,Pará,Santarém,Mararu
PA,Pará,Santarém,Marco
PA,Pará,Santarém,Matinha
PA,Pará,Santarém,Nova Olinda
PA,Pará,Santarém,Nova Republica
PA,Pará,Santarém,Nova República II
PA,Pará,Santarém,Nova Vitoria
PA,Pará,Santarém,Pedreira
PA,Pará,Santarém,Pérola do Maica
PA,Pará,Santarém,Petrópolis
PA,Pará,Santarém,Prainha
PA,Pará,Santarém,Rodagem
PA,Pará,Santarém,Sale
PA,Pará,Santarém,Santa Clara
PA,Pará,Santarém,Santana
PA,Pará,Santarém,Santarenzinho
PA,Pará,Santarém,Santissimo
PA,Pará,Santarém,Santo Andre
PA,Pará,Santarém,Santos Dumont
PA,Pará,Santarém,Sao Cristovao
PA,Pará,Santarém,Sao Francisco
PA,Pará,Santarém,São J Operário
PA,Pará,Santarém,São José
PA,Pará,Santarém,São José Operário
PA,Pará,Santarém,Tabocal
PA,Pará,Santarém,Uruara
PA,Pará,Santarém,Urumari
PA,Pará,Santarém,Val de Cans
PA,Pará,Santarém,Vitoria Regia
PA,Pará,Santarém Miri
PA,Pará,Santarém Novo
PA,Pará,Santarém Novo,Santarém Novo
PA,Pará,Santíssima Trindade
PA,Pará,Santo Antônio
PA,Pará,Santo Antônio,Centro
PA,Pará,Santo Antônio de Urindeua
PA,Pará,Santo Antônio de Urindeua,Centro
PA,Pará,Santo Antônio do Cumaru
PA,Pará,Santo Antônio do Cumaru,Centro
PA,Pará,Santo Antônio do Tauá
PA,Pará,Santo Antônio do Tauá,Barro Branco
PA,Pará,Santo Antônio do Tauá,Centro
PA,Pará,Santo Antônio do Tauá,Interior
PA,Pará,Santo Antônio do Tauá,Moraesao
PA,Pará,Santo Antônio do Tauá,Parada Marambaia
PA,Pará,Santo Antônio do Tauá,Santa Rita
PA,Pará,Santo Antônio do Tauá,Santos Dumont
PA,Pará,Santo Antônio do Tauá,Sol Nascente
PA,Pará,São Bento
PA,Pará,São Bento,Centro
PA,Pará,São Bento,São Bento
PA,Pará,São Braz
PA,Pará,São Braz,São Braz
PA,Pará,São Caetano de Odivelas
PA,Pará,São Caetano de Odivelas,Cachoeira
PA,Pará,São Caetano de Odivelas,Centro
PA,Pará,São Caetano de Odivelas,Interior
PA,Pará,São Caetano de Odivelas,Marabazinho
PA,Pará,São Caetano de Odivelas,Pepeua
PA,Pará,São Caetano de Odivelas,Umarizal
PA,Pará,São Diogo
PA,Pará,São Diogo,Central
PA,Pará,São Domingos do Araguaia
PA,Pará,São Domingos do Araguaia,Centro
PA,Pará,São Domingos do Araguaia,Interior
PA,Pará,São Domingos do Araguaia,José Luiz
PA,Pará,São Domingos do Araguaia,Liberdade
PA,Pará,São Domingos do Araguaia,Limberdade
PA,Pará,São Domingos do Araguaia,Novo Sao Domingos
PA,Pará,São Domingos do Araguaia,Perpetuo Socorro
PA,Pará,São Domingos do Araguaia,Santo Antonio
PA,Pará,São Domingos do Araguaia,Sao Luiz
PA,Pará,São Domingos do Araguaia,Tapana
PA,Pará,São Domingos do Araguaia,Vila Braga
PA,Pará,São Domingos do Araguaia,Vila Moises
PA,Pará,São Domingos do Araguaia,Vila Nova
PA,Pará,São Domingos do Capim
PA,Pará,São Domingos do Capim,Centro
PA,Pará,São Domingos do Capim,Ponto Certo
PA,Pará,São Domingos do Capim,São Domingos do Capi
PA,Pará,São Félix
PA,Pará,São Félix,Boa Esperanca
PA,Pará,São Félix,Centro
PA,Pará,São Félix,Geladim
PA,Pará,São Félix,Irial Km 3
PA,Pará,São Félix,Nova Unia Km 2
PA,Pará,São Félix,Nova Vida
PA,Pará,São Félix,Nova Vida Km 1
PA,Pará,São Félix,Vila Espirito Santo
PA,Pará,São Félix do Xingu
PA,Pará,São Félix do Xingu,Alecrim
PA,Pará,São Félix do Xingu,Centro
PA,Pará,São Félix do Xingu,São Brás
PA,Pará,São Félix do Xingu,São Félix do Xingu
PA,Pará,São Félix do Xingu,São Francisco
PA,Pará,São Félix do Xingu,Setor 7
PA,Pará,São Félix do Xingu,Solar Das Águas
PA,Pará,São Félix do Xingu,Tucumã
PA,Pará,São Félix do Xingu,Vitória
PA,Pará,São Francisco de Irituia
PA,Pará,São Francisco de Irituia,Centro
PA,Pará,São Francisco de Irituia,São Francisco de Iri
PA,Pará,São Francisco do Pará
PA,Pará,São Francisco do Pará,Centro
PA,Pará,São Francisco do Pará,Cristo Redentor
PA,Pará,São Francisco do Pará,Interior
PA,Pará,São Francisco do Pará,Paraiso
PA,Pará,São Francisco do Pará,Vila Nova
PA,Pará,São Francisco Xavier
PA,Pará,São Francisco Xavier,Centro
PA,Pará,São Geraldo do Araguaia
PA,Pará,São Geraldo do Araguaia,1º Bek
PA,Pará,São Geraldo do Araguaia,1âº Bek
PA,Pará,São Geraldo do Araguaia,Alto Bek
PA,Pará,São Geraldo do Araguaia,Beira Rio
PA,Pará,São Geraldo do Araguaia,Centro
PA,Pará,São Geraldo do Araguaia,Cidade Velha
PA,Pará,São Geraldo do Araguaia,Cohab
PA,Pará,São Geraldo do Araguaia,Vila Militar
PA,Pará,São Geraldo do Araguaia,Zona Rural
PA,Pará,São João Batista
PA,Pará,São João Batista,Centro
PA,Pará,São João da Ponta
PA,Pará,São João da Ponta,Centro
PA,Pará,São João de Pirabas
PA,Pará,São João de Pirabas,Alto Da Colina
PA,Pará,São João de Pirabas,Centro
PA,Pará,São João de Pirabas,São João de Pirabas
PA,Pará,São João de Pirabas,União
PA,Pará,São João do Abade
PA,Pará,São João do Abade,Centro
PA,Pará,São João do Araguaia
PA,Pará,São João do Araguaia,Centro
PA,Pará,São João do Araguaia,Novo Sao Joao
PA,Pará,São João dos Ramos
PA,Pará,São João dos Ramos,Centro
PA,Pará,São Joaquim do Ituquara
PA,Pará,São Joaquim do Ituquara,Água Viva
PA,Pará,São Joaquim do Ituquara,Centro
PA,Pará,São Joaquim do Ituquara,Greenville
PA,Pará,São Joaquim do Ituquara,Ns Rosário
PA,Pará,São Jorge - Km 92
PA,Pará,São Jorge - Km 92,São Jorge
PA,Pará,São Jorge do Jabuti
PA,Pará,São Jorge do Jabuti,Centro
PA,Pará,São José - Santarém
PA,Pará,São José - Santarém,São José
PA,Pará,São José do Gurupi
PA,Pará,São José do Gurupi,Centro
PA,Pará,São José Km 75
PA,Pará,São Luís do Tapajós
PA,Pará,São Luís do Tapajós,Central
PA,Pará,São Luiz - Igarapé-Açu
PA,Pará,São Luiz - Igarapé-Açu,Centro
PA,Pará,São Luiz - Igarapé-Açu,São Francisco
PA,Pará,São Luiz - Igarapé-Açu,São Luiz
PA,Pará,São Luiz - Igarapé-Açu,Vila Caripi
PA,Pará,São Miguel
PA,Pará,São Miguel,Centro
PA,Pará,São Miguel do Guamá
PA,Pará,São Miguel do Guamá,Castanheira
PA,Pará,São Miguel do Guamá,Centro
PA,Pará,São Miguel do Guamá,Industrial
PA,Pará,São Miguel do Guamá,Irituia
PA,Pará,São Miguel do Guamá,Patauateua
PA,Pará,São Miguel do Guamá,Perpetuo Socorro
PA,Pará,São Miguel do Guamá,São Miguel do Guamá
PA,Pará,São Miguel do Guamá,Tatuateua
PA,Pará,São Miguel do Pracuúba
PA,Pará,São Miguel do Pracuúba,Centro
PA,Pará,São Paulo - Santa Maria do Pará
PA,Pará,São Paulo - Santa Maria do Pará,Centro
PA,Pará,São Paulo - Santa Maria do Pará,São Paulo
PA,Pará,São Paulo das Pedrinhas
PA,Pará,São Paulo das Pedrinhas,Centro
PA,Pará,São Pedro do Induá
PA,Pará,São Pedro do Induá,Centro
PA,Pará,São Pedro do Tijoca
PA,Pará,São Pedro do Tijoca,Centro
PA,Pará,São Pedro do Tijoca,Vila São Pedro
PA,Pará,São Raimundo - Nova Timbotéua
PA,Pará,São Raimundo - Nova Timbotéua,Centro
PA,Pará,São Raimundo de Borralhos
PA,Pará,São Raimundo de Borralhos,Centro
PA,Pará,São Raimundo do Araguaia
PA,Pará,São Raimundo do Araguaia,Centro
PA,Pará,São Sebastião da Boa Vista
PA,Pará,São Sebastião da Boa Vista,Campo
PA,Pará,São Sebastião da Boa Vista,Centro
PA,Pará,São Sebastião da Boa Vista,Comercial
PA,Pará,Sapucaia
PA,Pará,Sapucaia,Centro
PA,Pará,Sapucaia,Setor Bela Vista
PA,Pará,Sapucaia,Setor Central
PA,Pará,Sapucaia,Setor Ceramica
PA,Pará,Sapucaia,Setor Novo Horizonte
PA,Pará,Sapucaia,Setor Sol Nascente
PA,Pará,Senador José Porfírio
PA,Pará,Senador José Porfírio,Piquiá
PA,Pará,Senador José Porfírio,Sen José Porfírio
PA,Pará,Serra Pelada
PA,Pará,Serra Pelada,Centro
PA,Pará,Sítio Cigano
PA,Pará,Sítio Cigano,Centro
PA,Pará,Soledade
PA,Pará,Soledade,Centro
PA,Pará,Soure
PA,Pará,Soure,Centro
PA,Pará,Soure,Macacheira
PA,Pará,Soure,Matinha
PA,Pará,Soure,Novo
PA,Pará,Soure,Pacoval
PA,Pará,Soure,Sao Pedro
PA,Pará,Soure,Tucumanduba
PA,Pará,Soure,Umirizal
PA,Pará,Sta Luzia do Indua
PA,Pará,Sta Luzia do Indua,Centro
PA,Pará,Sta Luzia do Indua,Santa Luzia
PA,Pará,Sucurijuquara
PA,Pará,Sucurijuquara,Centro
PA,Pará,Sudoeste
PA,Pará,Sudoeste,Centro
PA,Pará,Tabatinga
PA,Pará,Tabatinga,Tabatinga
PA,Pará,Tabocal
PA,Pará,Tabocal,Central
PA,Pará,Tabocal,Tabocal
PA,Pará,Taciateua
PA,Pará,Taciateua,Centro
PA,Pará,Taciateua,Taciateua
PA,Pará,Tailândia
PA,Pará,Tailândia,Aeroporto
PA,Pará,Tailândia,Centro
PA,Pará,Tailândia,Cidade Nova
PA,Pará,Tailândia,Greenville
PA,Pará,Tailândia,Industrial
PA,Pará,Tailândia,Novo
PA,Pará,Tailândia,Novo Horizonte
PA,Pará,Tailândia,Ns Fátima
PA,Pará,Tailândia,Santa Maria
PA,Pará,Tailândia,Vila Macarrão
PA,Pará,Tancredo Neves
PA,Pará,Tapará - Porto de Moz
PA,Pará,Tapará - Porto de Moz,Centro
PA,Pará,Taperebateua
PA,Pará,Taperuçu
PA,Pará,Taperuçu,Centro
PA,Pará,Tauari
PA,Pará,Tauari,Centro
PA,Pará,Tauarizinho
PA,Pará,Tauarizinho,Centro
PA,Pará,Terra Alta
PA,Pará,Terra Alta,Centro
PA,Pará,Terra Alta,Interior
PA,Pará,Terra Santa
PA,Pará,Terra Santa,Aeroporto
PA,Pará,Terra Santa,Algodoal
PA,Pará,Terra Santa,Aparecida
PA,Pará,Terra Santa,Centro
PA,Pará,Terra Santa,Juvenil
PA,Pará,Terra Santa,Santa Clara
PA,Pará,Terra Santa,Sao Francisco
PA,Pará,Terra Santa,Umarizal
PA,Pará,Timbotéua
PA,Pará,Timbotéua,Centro
PA,Pará,Tomé-Açú
PA,Pará,Tomé-Açú,Campina
PA,Pará,Tomé-Açú,Canebo
PA,Pará,Tomé-Açú,Centro
PA,Pará,Tomé-Açú,Interior
PA,Pará,Tomé-Açú,Lauro de Freitas
PA,Pará,Tomé-Açú,Maranhense
PA,Pará,Tomé-Açú,Pedreira
PA,Pará,Tomé-Açú,Tabom
PA,Pará,Torrão Mupi
PA,Pará,Torrão Mupi,Centro
PA,Pará,Tracuateua
PA,Pará,Tracuateua,Água Fria
PA,Pará,Tracuateua,Centro
PA,Pará,Tracuateua,Nazaré
PA,Pará,Tracuateua,Tracuateua
PA,Pará,Tracuateua da Ponta
PA,Pará,Tracuateua da Ponta,Centro
PA,Pará,Trairão
PA,Pará,Trairão,Bela Vista
PA,Pará,Trairão,Centro
PA,Pará,Trairão,Comércio
PA,Pará,Trairão,Trairão
PA,Pará,Travessa do Km 185
PA,Pará,Travessa do Km 185,Centro
PA,Pará,Treme
PA,Pará,Treme,Centro
PA,Pará,Treme,Vila Treme
PA,Pará,Trindade
PA,Pará,Trombetas
PA,Pará,Tucumã
PA,Pará,Tucumã,Agua Azul
PA,Pará,Tucumã,Centro
PA,Pará,Tucumã,Flores
PA,Pará,Tucumã,Interior
PA,Pará,Tucumã,Jardim Cumaru
PA,Pará,Tucumã,Morumbi
PA,Pará,Tucumã,Palmeira I
PA,Pará,Tucumã,Rod Pa 279
PA,Pará,Tucumã,Rodoviario
PA,Pará,Tucumã,Santos Dumont
PA,Pará,Tucumã,Selectas
PA,Pará,Tucumã,Tucumã
PA,Pará,Tucumã,Vila Paz
PA,Pará,Tucumaeira
PA,Pará,Tucumaeira,Tucumaeira
PA,Pará,Tucuruí
PA,Pará,Tucuruí,Aeroporto
PA,Pará,Tucuruí,Alto Alegre
PA,Pará,Tucuruí,Beira Rio
PA,Pará,Tucuruí,Bela Vista
PA,Pará,Tucuruí,Boa Esperança
PA,Pará,Tucuruí,Castanheira
PA,Pará,Tucuruí,Centro
PA,Pará,Tucuruí,Cohab
PA,Pará,Tucuruí,Colina
PA,Pará,Tucuruí,Colorado
PA,Pará,Tucuruí,Esperanca
PA,Pará,Tucuruí,Getat
PA,Pará,Tucuruí,Getat Caripe
PA,Pará,Tucuruí,Industrial
PA,Pará,Tucuruí,Interior
PA,Pará,Tucuruí,Jaqueira
PA,Pará,Tucuruí,Jardim Alvorada
PA,Pará,Tucuruí,Jardim de Deus
PA,Pará,Tucuruí,Jardim Flores
PA,Pará,Tucuruí,Jardim Marilucy
PA,Pará,Tucuruí,Jardim Paraiso
PA,Pará,Tucuruí,Jardim s Francisco
PA,Pará,Tucuruí,Jd Mariluce
PA,Pará,Tucuruí,Liberdade
PA,Pará,Tucuruí,Mangal
PA,Pará,Tucuruí,Matinha
PA,Pará,Tucuruí,Nova Conquista
PA,Pará,Tucuruí,Nova Tucurui
PA,Pará,Tucuruí,Parabua
PA,Pará,Tucuruí,Paravoa Gois Calmon
PA,Pará,Tucuruí,Pimental
PA,Pará,Tucuruí,Santa Isabel
PA,Pará,Tucuruí,Santa Monica
PA,Pará,Tucuruí,Sao Sebastiao
PA,Pará,Tucuruí,Sem Bairro
PA,Pará,Tucuruí,Terra Prometida
PA,Pará,Tucuruí,Vila Permanente
PA,Pará,Tucuruí,Vila Pioneira
PA,Pará,Tucuruí,Vila Temporaria
PA,Pará,Ulianópolis
PA,Pará,Ulianópolis,Boa Vista
PA,Pará,Ulianópolis,Centro
PA,Pará,Ulianópolis,Palmeiras
PA,Pará,Ulianópolis,Resende i
PA,Pará,Ulianópolis,Rezende i
PA,Pará,Ulianópolis,Rezende II
PA,Pará,Ulianópolis,Ulianopolis
PA,Pará,Umarizal - Baião
PA,Pará,Umarizal - Baião,Centro
PA,Pará,Umarizal - Cachoeira do Arari
PA,Pará,Umarizal - Cachoeira do Arari,Centro
PA,Pará,Uruará
PA,Pará,Uruará,Aeroporto
PA,Pará,Uruará,Aparecida
PA,Pará,Uruará,Baixada
PA,Pará,Uruará,Boa Esperança
PA,Pará,Uruará,Centro
PA,Pará,Uruará,Coqueiro
PA,Pará,Uruará,Imigrantes
PA,Pará,Uruará,Jardim Morumbi
PA,Pará,Uruará,Mangueirão
PA,Pará,Uruará,Muruci
PA,Pará,Uruará,Recreio Estoril
PA,Pará,Uruará,Uirapuru
PA,Pará,Uruará,Uruará
PA,Pará,Uruará,Vila Brasil
PA,Pará,Urucuriteua
PA,Pará,Urucuriteua,Centro
PA,Pará,Vigia
PA,Pará,Vigia,Aldeia
PA,Pará,Vigia,Amparo
PA,Pará,Vigia,Arapiranga
PA,Pará,Vigia,Castanheira
PA,Pará,Vigia,Centro
PA,Pará,Vigia,Interior
PA,Pará,Vigia,Novo Horizonte
PA,Pará,Vigia,Santa Rita
PA,Pará,Vigia,Sol Nascente
PA,Pará,Vigia,Vila Nova
PA,Pará,Vila 17 de Abril
PA,Pará,Vila 17 de Abril,Centro
PA,Pará,Vila Abc
PA,Pará,Vila Açaizal
PA,Pará,Vila Água Azul
PA,Pará,Vila Amadeu
PA,Pará,Vila Amadeu,Centro
PA,Pará,Vila Aratu
PA,Pará,Vila Aratu,Centro
PA,Pará,Vila Areial
PA,Pará,Vila Belo Monte
PA,Pará,Vila Belo Monte,Centro
PA,Pará,Vila Bom Jardim
PA,Pará,Vila Bom Jardim,Centro
PA,Pará,Vila Bradesco
PA,Pará,Vila Brasil Novo
PA,Pará,Vila Brasil Novo,Centro
PA,Pará,Vila Canaã
PA,Pará,Vila Canaã,Centro
PA,Pará,Vila Castanhal
PA,Pará,Vila Cieque
PA,Pará,Vila Cruzeiro do Sul
PA,Pará,Vila Cruzeiro do Sul,Centro
PA,Pará,Vila Cumarú
PA,Pará,Vila Cumarú,Centro
PA,Pará,Vila Curva
PA,Pará,Vila Curva,Centro
PA,Pará,Vila da Penha
PA,Pará,Vila da Penha,Centro
PA,Pará,Vila de São Francisco
PA,Pará,Vila de São Francisco,Centro
PA,Pará,Vila Divinópolis
PA,Pará,Vila Divinópolis,Centro
PA,Pará,Vila do Carmo
PA,Pará,Vila do Carmo,Centro
PA,Pará,Vila do Carmo
PA,Pará,Vila do Patal
PA,Pará,Vila do Patal,Centro
PA,Pará,Vila do Patal,Vila Patal
PA,Pará,Vila dos Cabanos
PA,Pará,Vila dos Cabanos,Distrito Murucupi
PA,Pará,Vila dos Cabanos,Interior
PA,Pará,Vila dos Cabanos,Jardim Cabano
PA,Pará,Vila dos Cabanos,Laranjal
PA,Pará,Vila dos Cabanos,Nucleo Urbano
PA,Pará,Vila dos Cabanos,Parque Arena
PA,Pará,Vila dos Cabanos,Pioneiro
PA,Pará,Vila dos Cabanos,Praia Caripi
PA,Pará,Vila dos Cabanos,Sao Francisco
PA,Pará,Vila dos Cabanos,Vila Itupanema
PA,Pará,Vila Elmo Babinot
PA,Pará,Vila Fátima - Aurora do Pará
PA,Pará,Vila Fátima - Aurora do Pará,Centro
PA,Pará,Vila Fátima - Tracuateua
PA,Pará,Vila Fátima - Tracuateua,Centro
PA,Pará,Vila Fátima - Tracuateua,Vila Fátima
PA,Pará,Vila Fortaleza
PA,Pará,Vila Fortaleza,Centro
PA,Pará,Vila Isol
PA,Pará,Vila José Bonifácio
PA,Pará,Vila José Bonifácio,Centro
PA,Pará,Vila Jussara
PA,Pará,Vila Karapanã
PA,Pará,Vila Karapanã,Centro
PA,Pará,Vila Lote Oito
PA,Pará,Vila Mainard
PA,Pará,Vila Mainard,Centro
PA,Pará,Vila Mandii
PA,Pará,Vila Mandii,Centro
PA,Pará,Vila Mocambo do Guajará
PA,Pará,Vila Nazaré - Pacajá
PA,Pará,Vila Nazaré - Pacajá,Centro
PA,Pará,Vila Nazaré - São Domingos do Araguaia
PA,Pará,Vila Nazaré - São Domingos do Araguaia,Centro
PA,Pará,Vila Nereu
PA,Pará,Vila Nereu,Centro
PA,Pará,Vila Nova - Augusto Corrêa
PA,Pará,Vila Nova - Augusto Corrêa,Centro
PA,Pará,Vila Nova - São Geraldo do Araguaia
PA,Pará,Vila Nova - São Geraldo do Araguaia,Centro
PA,Pará,Vila Nova - São João da Ponta
PA,Pará,Vila Nova - São João da Ponta,Centro
PA,Pará,Vila Nova - Tomé-Açú
PA,Pará,Vila Nova - Tomé-Açú,Centro
PA,Pará,Vila Nova Canadá
PA,Pará,Vila Nova Canadá,Centro
PA,Pará,Vila Nova Descoberta
PA,Pará,Vila Nova Descoberta,Centro
PA,Pará,Vila Novo Brasil
PA,Pará,Vila Novo Horizonte
PA,Pará,Vila Novo Paraíso
PA,Pará,Vila Novo Paraíso,Centro
PA,Pará,Vila Novo Planalto
PA,Pará,Vila Novo Planalto,Centro
PA,Pará,Vila NS da Aparecida
PA,Pará,Vila Pernambuco
PA,Pará,Vila Planalto
PA,Pará,Vila Quatro Bocas
PA,Pará,Vila Quatro Bocas,Centro
PA,Pará,Vila Repartimento
PA,Pará,Vila Repartimento,Centro
PA,Pará,Vila Residencial de Tucuruí
PA,Pará,Vila Residencial de Tucuruí,Canteiro Obras
PA,Pará,Vila Residencial de Tucuruí,Centro
PA,Pará,Vila Residencial de Tucuruí,Getat (Caripe)
PA,Pará,Vila Residencial de Tucuruí,Rio Longe
PA,Pará,Vila Residencial de Tucuruí,Vila Maraba
PA,Pará,Vila Residencial de Tucuruí,Vila Peninsula
PA,Pará,Vila Residencial de Tucuruí,Vila Permanente
PA,Pará,Vila Residencial de Tucuruí,Vila Temporaria i
PA,Pará,Vila Residencial de Tucuruí,Vila Tropical
PA,Pará,Vila S Pedro
PA,Pará,Vila Sancao
PA,Pará,Vila Santa Fé
PA,Pará,Vila Santa Fé,Centro
PA,Pará,Vila Santa Lúcia
PA,Pará,Vila Santa Maria
PA,Pará,Vila Santa Maria
PA,Pará,Vila Santa Maria,Centro
PA,Pará,Vila Santana
PA,Pará,Vila Santana,Centro
PA,Pará,Vila São José - Marabá
PA,Pará,Vila São José - Marabá,Centro
PA,Pará,Vila São José - São Domingos do Araguaia
PA,Pará,Vila São José - São Domingos do Araguaia,Centro
PA,Pará,Vila São José do Araguaia
PA,Pará,Vila São José do Araguaia,Centro
PA,Pará,Vila São Pedro
PA,Pará,Vila São Raimundo
PA,Pará,Vila Socorro - Santarém
PA,Pará,Vila Socorro - Santarém,Vila Socorro
PA,Pará,Vila Socorro - Tracuateua
PA,Pará,Vila Socorro - Tracuateua,Centro
PA,Pará,Vila Sucupira
PA,Pará,Vila Taboca
PA,Pará,Vila Taboca,Centro
PA,Pará,Vila Trindade
PA,Pará,Vila União
PA,Pará,Vila União,Centro
PA,Pará,Vila União Curumu
PA,Pará,Vila União Curumu,Central
PA,Pará,Vila União Curumu,Curumu
PA,Pará,Vila Verde
PA,Pará,Vila Verde,Centro
PA,Pará,Vila Vitória da Conquista
PA,Pará,Viseu
PA,Pará,Viseu,Centro
PA,Pará,Viseu,Mangueirao
PA,Pará,Viseu,Viseu
PA,Pará,Vista Alegre
PA,Pará,Vista Alegre,Centro
PA,Pará,Vista Alegre do Pará
PA,Pará,Vista Alegre do Pará,Centro
PA,Pará,Vitória do Xingu
PA,Pará,Vitória do Xingu,Centro
PA,Pará,Vitória do Xingu,Vitória do Xingu
PA,Pará,Xinguara
PA,Pará,Xinguara,Alto Araguaia
PA,Pará,Xinguara,Capuava I
PA,Pará,Xinguara,Centro
PA,Pará,Xinguara,Independente II
PA,Pará,Xinguara,Interior
PA,Pará,Xinguara,Itamarati
PA,Pará,Xinguara,Marajoara
PA,Pará,Xinguara,Novo Horizonte
PA,Pará,Xinguara,Recreio
PA,Pará,Xinguara,Rio Maria
PA,Pará,Xinguara,Santos Dumont
PA,Pará,Xinguara,Selectas
PA,Pará,Xinguara,Setor Bela Vista
PA,Pará,Xinguara,Setor Marajoara II
PA,Pará,Xinguara,Tamaka
