PB,Paraíba
PB,Paraíba,João Pessoa
PB,Paraíba,João Pessoa,Aeroclube
PB,Paraíba,João Pessoa,Aeroporto
PB,Paraíba,João Pessoa,Afogados
PB,Paraíba,João Pessoa,Água Fria
PB,Paraíba,João Pessoa,Alagadiço Novo
PB,Paraíba,João Pessoa,Altiplano
PB,Paraíba,João Pessoa,Altiplano Cabo Branco
PB,Paraíba,João Pessoa,Alto Branco
PB,Paraíba,João Pessoa,Alto Céu
PB,Paraíba,João Pessoa,Anatólia
PB,Paraíba,João Pessoa,At. Mateus
PB,Paraíba,João Pessoa,Bairro do Ipês
PB,Paraíba,João Pessoa,Bancários
PB,Paraíba,João Pessoa,Barra Grande
PB,Paraíba,João Pessoa,Beira Rio
PB,Paraíba,João Pessoa,Benedito Bentes
PB,Paraíba,João Pessoa,Bessa
PB,Paraíba,João Pessoa,Bisamar
PB,Paraíba,João Pessoa,Boa Vista
PB,Paraíba,João Pessoa,Bodocongo
PB,Paraíba,João Pessoa,Bom Pastor
PB,Paraíba,João Pessoa,Brismar
PB,Paraíba,João Pessoa,Cabedelo
PB,Paraíba,João Pessoa,Cabo Branco
PB,Paraíba,João Pessoa,Cajueiro
PB,Paraíba,João Pessoa,Campo Grande
PB,Paraíba,João Pessoa,Castelo Branco
PB,Paraíba,João Pessoa,Castelo Branco i
PB,Paraíba,João Pessoa,Castelo Branco ii
PB,Paraíba,João Pessoa,Castelo Branco III
PB,Paraíba,João Pessoa,Catolé
PB,Paraíba,João Pessoa,Cenro
PB,Paraíba,João Pessoa,Centro
PB,Paraíba,João Pessoa,Centro/Torre
PB,Paraíba,João Pessoa,Centro/Torre
PB,Paraíba,João Pessoa,Cidade Colibri
PB,Paraíba,João Pessoa,Cidade Colibris
PB,Paraíba,João Pessoa,Conde
PB,Paraíba,João Pessoa,Conjunto Omega
PB,Paraíba,João Pessoa,Cordão Encarnado
PB,Paraíba,João Pessoa,Costa e Silva
PB,Paraíba,João Pessoa,Cristo
PB,Paraíba,João Pessoa,Cristo Redentor
PB,Paraíba,João Pessoa,Crus das Armas
PB,Paraíba,João Pessoa,Cruz das Almas
PB,Paraíba,João Pessoa,Cuia
PB,Paraíba,João Pessoa,Didtrito Industrial 
PB,Paraíba,João Pessoa,Dinamerica
PB,Paraíba,João Pessoa,Distrito Ind. Mangabeira
PB,Paraíba,João Pessoa,Distrito Industrial
PB,Paraíba,João Pessoa,Distrito Industrial Mangabeira
PB,Paraíba,João Pessoa,Distrito Mecânico
PB,Paraíba,João Pessoa,Ernani Sátiro
PB,Paraíba,João Pessoa,Ernesto Geisel
PB,Paraíba,João Pessoa,Esplanada
PB,Paraíba,João Pessoa,Estados
PB,Paraíba,João Pessoa,Expedicionários
PB,Paraíba,João Pessoa,Funcionários
PB,Paraíba,João Pessoa,Funcionários II
PB,Paraíba,João Pessoa,Funcionários III
PB,Paraíba,João Pessoa,Funcionários IV
PB,Paraíba,João Pessoa,Geisel
PB,Paraíba,João Pessoa,Gramame
PB,Paraíba,João Pessoa,Grotão
PB,Paraíba,João Pessoa,Ilha do Bispo
PB,Paraíba,João Pessoa,Indústrias
PB,Paraíba,João Pessoa,Intermares
PB,Paraíba,João Pessoa,Ipês
PB,Paraíba,João Pessoa,Jaguaribe
PB,Paraíba,João Pessoa,Jardim 13 de Maio
PB,Paraíba,João Pessoa,Jardim Américo
PB,Paraíba,João Pessoa,Jardim Cepol
PB,Paraíba,João Pessoa,Jardim CID Universitária
PB,Paraíba,João Pessoa,Jardim Continental
PB,Paraíba,João Pessoa,Jardim das Acácias
PB,Paraíba,João Pessoa,Jardim Esperança
PB,Paraíba,João Pessoa,Jardim Luna
PB,Paraíba,João Pessoa,Jardim Oceania
PB,Paraíba,João Pessoa,Jardim Planalto
PB,Paraíba,João Pessoa,Jardim São Paulo
PB,Paraíba,João Pessoa,Jardim Tavares
PB,Paraíba,João Pessoa,Jardim Veneza
PB,Paraíba,João Pessoa,João Agripino
PB,Paraíba,João Pessoa,João Paulo II
PB,Paraíba,João Pessoa,Joguaribe
PB,Paraíba,João Pessoa,José Amércio
PB,Paraíba,João Pessoa,José Américo
PB,Paraíba,João Pessoa,José Américo Almeida
PB,Paraíba,João Pessoa,José Pinheiro
PB,Paraíba,João Pessoa,Juracy Palhano
PB,Paraíba,João Pessoa,Lagoa
PB,Paraíba,João Pessoa,Lagoa Azul
PB,Paraíba,João Pessoa,Lagoa Nova
PB,Paraíba,João Pessoa,Lagoa Seca
PB,Paraíba,João Pessoa,Loteamento Morada Nova
PB,Paraíba,João Pessoa,Loteamento Vila Buriti
PB,Paraíba,João Pessoa,Louzeiro
PB,Paraíba,João Pessoa,Madalena
PB,Paraíba,João Pessoa,Malvinas
PB,Paraíba,João Pessoa,Manaira
PB,Paraíba,João Pessoa,Mandacaru
PB,Paraíba,João Pessoa,Mangabeira
PB,Paraíba,João Pessoa,Mangabeira i
PB,Paraíba,João Pessoa,Mangabeira II
PB,Paraíba,João Pessoa,Mangabeira IV
PB,Paraíba,João Pessoa,Mangabeira VI
PB,Paraíba,João Pessoa,Mangabeira VII
PB,Paraíba,João Pessoa,Mangabeira VIII
PB,Paraíba,João Pessoa,Mangabeiras
PB,Paraíba,João Pessoa,Mares
PB,Paraíba,João Pessoa,Miramar
PB,Paraíba,João Pessoa,Mirante
PB,Paraíba,João Pessoa,MONTE SANTO
PB,Paraíba,João Pessoa,Muçumagro
PB,Paraíba,João Pessoa,Mumbaba
PB,Paraíba,João Pessoa,Nações
PB,Paraíba,João Pessoa,NOSSA SENHORA DE NAZARÉ
PB,Paraíba,João Pessoa,Nova América
PB,Paraíba,João Pessoa,Novais
PB,Paraíba,João Pessoa,Oitizeiro
PB,Paraíba,João Pessoa,Padre Zé
PB,Paraíba,João Pessoa,Paratibe
PB,Paraíba,João Pessoa,Parque Esperança
PB,Paraíba,João Pessoa,Parque Manibura
PB,Paraíba,João Pessoa,Paupina
PB,Paraíba,João Pessoa,Pedra Lavrada
PB,Paraíba,João Pessoa,Pedro Condim
PB,Paraíba,João Pessoa,Pedro Gondim
PB,Paraíba,João Pessoa,Penha
PB,Paraíba,João Pessoa,Periperi
PB,Paraíba,João Pessoa,Pina
PB,Paraíba,João Pessoa,Pitimbu
PB,Paraíba,João Pessoa,Planalto Boa Esperan
PB,Paraíba,João Pessoa,Planalto Boa Esperança
PB,Paraíba,João Pessoa,Poço
PB,Paraíba,João Pessoa,Ponta Seixas
PB,Paraíba,João Pessoa,Portal do Sol
PB,Paraíba,João Pessoa,Rangel
PB,Paraíba,João Pessoa,Renascer
PB,Paraíba,João Pessoa,Renascer II
PB,Paraíba,João Pessoa,Roger
PB,Paraíba,João Pessoa,Santa Rita
PB,Paraíba,João Pessoa,São José
PB,Paraíba,João Pessoa,São Sebastião
PB,Paraíba,João Pessoa,Sem Bairro
PB,Paraíba,João Pessoa,Serrotao
PB,Paraíba,João Pessoa,Sítio Cachoeira
PB,Paraíba,João Pessoa,Tabuleiro dos Martins
PB,Paraíba,João Pessoa,Tambau
PB,Paraíba,João Pessoa,Tambauzinho
PB,Paraíba,João Pessoa,Tambauzino
PB,Paraíba,João Pessoa,Tambay
PB,Paraíba,João Pessoa,Tambia
PB,Paraíba,João Pessoa,Tambú
PB,Paraíba,João Pessoa,Tibiri II
PB,Paraíba,João Pessoa,Torre
PB,Paraíba,João Pessoa,Treze de Maio
PB,Paraíba,João Pessoa,Trincheiras
PB,Paraíba,João Pessoa,Universitário
PB,Paraíba,João Pessoa,Urca
PB,Paraíba,João Pessoa,Valentina 1
PB,Paraíba,João Pessoa,Valentina Figueiro
PB,Paraíba,João Pessoa,Varadouro
PB,Paraíba,João Pessoa,Varajao
PB,Paraíba,João Pessoa,Vergel Lago
PB,Paraíba,João Pessoa,Vila Cabral
PB,Paraíba,João Pessoa,Vila Ellery
PB,Paraíba,João Pessoa,Viradouro
PB,Paraíba,João Pessoa,Zona Rural
PB,Paraíba,João Pessoa,Zumbi
PB,Paraíba,Aba da Serra
PB,Paraíba,Acaú
PB,Paraíba,Acaú,Centro
PB,Paraíba,Água Branca
PB,Paraíba,Água Branca,Centro
PB,Paraíba,Água Branca,Gualterina a Vidal
PB,Paraíba,Água Branca,Zona Rural
PB,Paraíba,Aguiar
PB,Paraíba,Aguiar,Centro
PB,Paraíba,Aguiar,Novo Aguiar
PB,Paraíba,Aguiar,Sao Francisco
PB,Paraíba,Aguiar,Zona Rural
PB,Paraíba,Alagoa Grande
PB,Paraíba,Alagoa Grande,Antonio Farias
PB,Paraíba,Alagoa Grande,Bela Vista
PB,Paraíba,Alagoa Grande,Centro
PB,Paraíba,Alagoa Grande,Frei Damiao
PB,Paraíba,Alagoa Grande,Manoel Raimundo
PB,Paraíba,Alagoa Grande,Vera Cruz
PB,Paraíba,Alagoa Grande,Zona Rural
PB,Paraíba,Alagoa Nova
PB,Paraíba,Alagoa Nova,Centro
PB,Paraíba,Alagoa Nova,Santa Luzia
PB,Paraíba,Alagoa Nova,Ulisses Guimaraes
PB,Paraíba,Alagoa Nova,Zona Rural
PB,Paraíba,Alagoinha
PB,Paraíba,Alagoinha,Centro
PB,Paraíba,Alagoinha,Doraci Montenegro
PB,Paraíba,Alagoinha,Luiz Geminiano
PB,Paraíba,Alagoinha,Nova Alagoinha
PB,Paraíba,Alagoinha,Panoramico
PB,Paraíba,Alagoinha,Rafael f Almeida
PB,Paraíba,Alagoinha,Tereza Gondim
PB,Paraíba,Alagoinha,Zona Rural
PB,Paraíba,Alcantil
PB,Paraíba,Alcantil,Centro
PB,Paraíba,Alecrim - Umbuzeiro
PB,Paraíba,Algodão de Jandaíra
PB,Paraíba,Algodão de Jandaíra,Centro
PB,Paraíba,Alhandra
PB,Paraíba,Alhandra,Bela Vista
PB,Paraíba,Alhandra,Caixa D'Água
PB,Paraíba,Alhandra,Caixa Dagua
PB,Paraíba,Alhandra,Centro
PB,Paraíba,Alhandra,Cto Alhandra
PB,Paraíba,Alhandra,Nova Alhandra
PB,Paraíba,Alhandra,Salgadinho
PB,Paraíba,Alhandra,Zona Rural
PB,Paraíba,Alvinho
PB,Paraíba,Alvinho,Centro
PB,Paraíba,Alvinho,Zona Rural
PB,Paraíba,Amparo
PB,Paraíba,Amparo,Centro
PB,Paraíba,Amparo,Zona Rural
PB,Paraíba,Angicos
PB,Paraíba,Angicos,Centro
PB,Paraíba,Antas
PB,Paraíba,Aparecida
PB,Paraíba,Aparecida,Centro
PB,Paraíba,Aparecida,Zona Rural
PB,Paraíba,Araçagi
PB,Paraíba,Araçagi,Bela Vista
PB,Paraíba,Araçagi,Castelo Branco
PB,Paraíba,Araçagi,Centro
PB,Paraíba,Araçagi,Cj José P Sobº
PB,Paraíba,Araçagi,Jose p Sobâº
PB,Paraíba,Araçagi,Nordeste II
PB,Paraíba,Araçagi,Santo Amaro
PB,Paraíba,Araçagi,Sao Joao
PB,Paraíba,Araçagi,Sao Sebastiao
PB,Paraíba,Araçagi,Zona Rural
PB,Paraíba,Arara
PB,Paraíba,Arara,Centro
PB,Paraíba,Arara,Zona Rural
PB,Paraíba,Araruna
PB,Paraíba,Araruna,Antonio Lucas
PB,Paraíba,Araruna,Centro
PB,Paraíba,Araruna,Cj Helder T Maranha
PB,Paraíba,Araruna,Mangabeira
PB,Paraíba,Araruna,Maria Liberato
PB,Paraíba,Araruna,Marizete Dutra
PB,Paraíba,Araruna,Sem Bairro
PB,Paraíba,Araruna,Zona Rural
PB,Paraíba,Areia
PB,Paraíba,Areia,Centro
PB,Paraíba,Areia,Cidade Universitaria
PB,Paraíba,Areia,Frei Damiao
PB,Paraíba,Areia,Jussara
PB,Paraíba,Areia,Nova Brasília
PB,Paraíba,Areia,Pedro Perazzo
PB,Paraíba,Areia,Sem Bairro
PB,Paraíba,Areia,Zona Rural
PB,Paraíba,Areia de Baraúnas
PB,Paraíba,Areia de Baraúnas,Centro
PB,Paraíba,Areial
PB,Paraíba,Areial,Centro
PB,Paraíba,Areial,Paraguai
PB,Paraíba,Aroeiras
PB,Paraíba,Aroeiras,Centro
PB,Paraíba,Assentamento Oiteiro de Miranda
PB,Paraíba,Assunção
PB,Paraíba,Assunção,Centro
PB,Paraíba,Assunção,Zona Rural
PB,Paraíba,Baía da Traição
PB,Paraíba,Baía da Traição,Centro
PB,Paraíba,Baía da Traição,Prainha
PB,Paraíba,Baía da Traição,Zona Rural
PB,Paraíba,Baixa Verde
PB,Paraíba,Baixa Verde,Centro
PB,Paraíba,Baixa Verde,Zona Rural
PB,Paraíba,Bananeiras
PB,Paraíba,Bananeiras,Bananeiras
PB,Paraíba,Bananeiras,Centro
PB,Paraíba,Bananeiras,Cj Homero Araújo
PB,Paraíba,Bananeiras,Edgard s Cruz
PB,Paraíba,Bananeiras,Major a Bezerra
PB,Paraíba,Bananeiras,Santa Terezinha
PB,Paraíba,Bananeiras,Zona Rural
PB,Paraíba,Bandarra - São João do Rio do Peixe
PB,Paraíba,Baraúna
PB,Paraíba,Baraúna,Centro
PB,Paraíba,Baraúna,Cj José Libio
PB,Paraíba,Baraúna,Jardim Planalto
PB,Paraíba,Baraúna,Mariz
PB,Paraíba,Baraúna,Zona Rural
PB,Paraíba,Barra - Juazeirinho
PB,Paraíba,Barra - Juazeirinho,Centro
PB,Paraíba,Barra de Camaratuba
PB,Paraíba,Barra de Camaratuba,Centro
PB,Paraíba,Barra de Camaratuba,Zona Rural
PB,Paraíba,Barra de Cima
PB,Paraíba,Barra de Cima,Centro
PB,Paraíba,Barra de Cima,Zona Rural
PB,Paraíba,Barra de Santa Rosa
PB,Paraíba,Barra de Santa Rosa,Alto Boa Vista
PB,Paraíba,Barra de Santa Rosa,Centro
PB,Paraíba,Barra de Santa Rosa,Tancredo Neves
PB,Paraíba,Barra de Santana
PB,Paraíba,Barra de Santana,Centro
PB,Paraíba,Barra de Santana,Zona Rural
PB,Paraíba,Barra de São Miguel
PB,Paraíba,Barra de São Miguel,Centro
PB,Paraíba,Barra de São Miguel,Zona Rural
PB,Paraíba,Barreiras
PB,Paraíba,Barreiros
PB,Paraíba,Bayeux
PB,Paraíba,Bayeux,Água Fria
PB,Paraíba,Bayeux,Alto Boa Vista
PB,Paraíba,Bayeux,Baralho
PB,Paraíba,Bayeux,Brasilia
PB,Paraíba,Bayeux,Centro
PB,Paraíba,Bayeux,Cj Pres Kennedy
PB,Paraíba,Bayeux,Imaculada
PB,Paraíba,Bayeux,Jardim Aeroporto
PB,Paraíba,Bayeux,Jardim Sao Lourenco
PB,Paraíba,Bayeux,Jardim Sao Severino
PB,Paraíba,Bayeux,Liberdade
PB,Paraíba,Bayeux,Mangabeira
PB,Paraíba,Bayeux,Manguinhos
PB,Paraíba,Bayeux,Mario Andreazza
PB,Paraíba,Bayeux,Mario Andrezza
PB,Paraíba,Bayeux,Mutirão
PB,Paraíba,Bayeux,Planalto
PB,Paraíba,Bayeux,Porto Moinho
PB,Paraíba,Bayeux,Rio Meio
PB,Paraíba,Bayeux,Sao Bento
PB,Paraíba,Bayeux,Sesi
PB,Paraíba,Bayeux,Tambay
PB,Paraíba,Bayeux,Valentina Figueiredo
PB,Paraíba,Bayeux,Várzea Nova
PB,Paraíba,Bayeux,Zona Rural
PB,Paraíba,Bebelândia
PB,Paraíba,Bebelândia,Centro
PB,Paraíba,Belém
PB,Paraíba,Belém,Bela Vista
PB,Paraíba,Belém,Centro
PB,Paraíba,Belém,Sao Luis
PB,Paraíba,Belém,Xaviezao
PB,Paraíba,Belém,Zona Rural
PB,Paraíba,Belém - Tavares
PB,Paraíba,Belém - Tavares,Zona Rural
PB,Paraíba,Belém do Brejo do Cruz
PB,Paraíba,Belém do Brejo do Cruz,Centro
PB,Paraíba,Belém do Brejo do Cruz,Galpoes
PB,Paraíba,Belém do Brejo do Cruz,Miguel Batista
PB,Paraíba,Belém do Brejo do Cruz,Zona Rural
PB,Paraíba,Bernardino Batista
PB,Paraíba,Bernardino Batista,Centro
PB,Paraíba,Bernardino Batista,Zona Rural
PB,Paraíba,Boa Ventura
PB,Paraíba,Boa Ventura,Alto do Céu
PB,Paraíba,Boa Ventura,Arsenio Alves
PB,Paraíba,Boa Ventura,Centro
PB,Paraíba,Boa Ventura,Zona Rural
PB,Paraíba,Boa Vista
PB,Paraíba,Boa Vista,Centro
PB,Paraíba,Boa Vista,Jardim Paulistano
PB,Paraíba,Boa Vista,Zona Rural
PB,Paraíba,Boa Vista - Gado Bravo
PB,Paraíba,Boa Vista - Gado Bravo,Centro
PB,Paraíba,Bola
PB,Paraíba,Bola,Centro
PB,Paraíba,Bom Jesus
PB,Paraíba,Bom Jesus,Alto Boa Vista
PB,Paraíba,Bom Jesus,Alto Cagepa
PB,Paraíba,Bom Jesus,Asa Branca
PB,Paraíba,Bom Jesus,Casas Populares
PB,Paraíba,Bom Jesus,Centro
PB,Paraíba,Bom Jesus,Maria s Brito
PB,Paraíba,Bom Jesus - São José de Piranhas
PB,Paraíba,Bom Sucesso
PB,Paraíba,Bom Sucesso,Antao g Almeida
PB,Paraíba,Bom Sucesso,Centro
PB,Paraíba,Bom Sucesso,Zona Rural
PB,Paraíba,Bomburral
PB,Paraíba,Bomburral,Centro
PB,Paraíba,Bonito de Santa Fé
PB,Paraíba,Bonito de Santa Fé,Alto Boa Vista
PB,Paraíba,Bonito de Santa Fé,Centro
PB,Paraíba,Bonito de Santa Fé,Jardim Arruda
PB,Paraíba,Bonito de Santa Fé,Mutirão
PB,Paraíba,Bonito de Santa Fé,Popular
PB,Paraíba,Bonito de Santa Fé,Zona Rural
PB,Paraíba,Boqueirão
PB,Paraíba,Boqueirão,Bairro Novo
PB,Paraíba,Boqueirão,Bela Vista
PB,Paraíba,Boqueirão,Carlos m Dunga
PB,Paraíba,Boqueirão,Cehap
PB,Paraíba,Boqueirão,Centro
PB,Paraíba,Boqueirão,Malvinas
PB,Paraíba,Boqueirão,Mororo
PB,Paraíba,Boqueirão,Zona Rural
PB,Paraíba,Boqueirão - Gurinhém
PB,Paraíba,Boqueirão - Gurinhém,Centro
PB,Paraíba,Boqueirão - Gurinhém,Zona Rural
PB,Paraíba,Borborema
PB,Paraíba,Borborema,Acacias
PB,Paraíba,Borborema,Centro
PB,Paraíba,Borborema,Nova Esperanca
PB,Paraíba,Borborema,Zona Rural
PB,Paraíba,Braga - Campo de Santana
PB,Paraíba,Braga - Campo de Santana,Centro
PB,Paraíba,Brasília
PB,Paraíba,Brasília,Centro
PB,Paraíba,Brejinho - Itabaiana
PB,Paraíba,Brejinho - Itabaiana,Centro
PB,Paraíba,Brejo das Freiras
PB,Paraíba,Brejo das Freiras,Centro
PB,Paraíba,Brejo do Cruz
PB,Paraíba,Brejo do Cruz,Antonio Mariz
PB,Paraíba,Brejo do Cruz,Bairro Estados
PB,Paraíba,Brejo do Cruz,Barragem
PB,Paraíba,Brejo do Cruz,Centro
PB,Paraíba,Brejo do Cruz,Popular
PB,Paraíba,Brejo do Cruz,Zona Rural
PB,Paraíba,Brejo dos Santos
PB,Paraíba,Brejo dos Santos,Alto Cruzeiro
PB,Paraíba,Brejo dos Santos,Centro
PB,Paraíba,Brejo dos Santos,Jose Calixto
PB,Paraíba,Brejo dos Santos,Popular
PB,Paraíba,Caaporã
PB,Paraíba,Caaporã,Centro
PB,Paraíba,Caaporã,Mutirao
PB,Paraíba,Caaporã,Nova Caapora
PB,Paraíba,Caaporã,Pereirao
PB,Paraíba,Caaporã,Primavera
PB,Paraíba,Caaporã,Santa Cruz
PB,Paraíba,Caaporã,Santo Antonio
PB,Paraíba,Caaporã,Sao Joao
PB,Paraíba,Caaporã,Sao Pedro
PB,Paraíba,Caaporã,Sao Vicente
PB,Paraíba,Caaporã,Zona Rural
PB,Paraíba,Cabaceiras
PB,Paraíba,Cabaceiras,Centro
PB,Paraíba,Cabaceiras,Zona Rural
PB,Paraíba,Cabedelo
PB,Paraíba,Cabedelo,Altiplano
PB,Paraíba,Cabedelo,Areia Dourada
PB,Paraíba,Cabedelo,Bessa
PB,Paraíba,Cabedelo,Cabedelo
PB,Paraíba,Cabedelo,Camalau
PB,Paraíba,Cabedelo,Camboinha
PB,Paraíba,Cabedelo,Camboinha II
PB,Paraíba,Cabedelo,Centro
PB,Paraíba,Cabedelo,Comércio
PB,Paraíba,Cabedelo,Ernani Sátiro
PB,Paraíba,Cabedelo,Ernesto Geisel
PB,Paraíba,Cabedelo,Est. De Cabedelo
PB,Paraíba,Cabedelo,Estrada de Cabedelo
PB,Paraíba,Cabedelo,Expedicionários
PB,Paraíba,Cabedelo,Formosa
PB,Paraíba,Cabedelo,Funcionários
PB,Paraíba,Cabedelo,Intermares
PB,Paraíba,Cabedelo,Jacare
PB,Paraíba,Cabedelo,Jaguaribe
PB,Paraíba,Cabedelo,Jardim Alfa
PB,Paraíba,Cabedelo,Jardim America
PB,Paraíba,Cabedelo,Jardim Beta
PB,Paraíba,Cabedelo,Jardim Brasilia
PB,Paraíba,Cabedelo,Jardim Camboinha
PB,Paraíba,Cabedelo,Jardim Campina
PB,Paraíba,Cabedelo,Jardim Cidade Universitária
PB,Paraíba,Cabedelo,Jardim Gama
PB,Paraíba,Cabedelo,Jardim Jerico
PB,Paraíba,Cabedelo,Jardim Manguinhos
PB,Paraíba,Cabedelo,Jardim Maralina
PB,Paraíba,Cabedelo,Jardim Oceania
PB,Paraíba,Cabedelo,Jardim São Paulo
PB,Paraíba,Cabedelo,José Américo Almeida
PB,Paraíba,Cabedelo,Lot Nova Morada
PB,Paraíba,Cabedelo,Lot Parque Amazonas
PB,Paraíba,Cabedelo,Loteamento Amazonas Parque
PB,Paraíba,Cabedelo,Monte Castelo
PB,Paraíba,Cabedelo,Morada Nova
PB,Paraíba,Cabedelo,Ns Conceição
PB,Paraíba,Cabedelo,Parque Esperanca
PB,Paraíba,Cabedelo,Parque Verde
PB,Paraíba,Cabedelo,Poco
PB,Paraíba,Cabedelo,Ponta Campina
PB,Paraíba,Cabedelo,Ponta Mato
PB,Paraíba,Cabedelo,Portal do Poço
PB,Paraíba,Cabedelo,Praia Formosa
PB,Paraíba,Cabedelo,Praia Mar
PB,Paraíba,Cabedelo,Praia Norte
PB,Paraíba,Cabedelo,Recanto Poco
PB,Paraíba,Cabedelo,Renanscer
PB,Paraíba,Cabedelo,Renascer
PB,Paraíba,Cabedelo,Renascer ii
PB,Paraíba,Cabedelo,Renascer iii
PB,Paraíba,Cabedelo,Renascer iv
PB,Paraíba,Cabedelo,Salinas Ribamar
PB,Paraíba,Cabedelo,Sem Bairro
PB,Paraíba,Cabedelo,Serrotao
PB,Paraíba,Cabedelo,Varadouro
PB,Paraíba,Cabedelo,Verdes Mares
PB,Paraíba,Caboclo
PB,Paraíba,Caboclo,Centro
PB,Paraíba,Cabral
PB,Paraíba,Cabral,Centro
PB,Paraíba,Cachoeira - Guarabira
PB,Paraíba,Cachoeira - Guarabira,Centro
PB,Paraíba,Cachoeira - Guarabira,Zona Rural
PB,Paraíba,Cachoeira dos Alves
PB,Paraíba,Cachoeira dos Índios
PB,Paraíba,Cachoeira dos Índios,Centro
PB,Paraíba,Cachoeira dos Índios,Fazenda Velha
PB,Paraíba,Cachoeira dos Índios,Lino Sousa
PB,Paraíba,Cachoeira dos Índios,Zona Rural
PB,Paraíba,Cachoeirinha - Campo de Santana
PB,Paraíba,Cachoeirinha - Campo de Santana,Centro
PB,Paraíba,Cacimba de Areia
PB,Paraíba,Cacimba de Areia,Antonio s Moura
PB,Paraíba,Cacimba de Areia,Centro
PB,Paraíba,Cacimba de Areia,Nova Esperanca
PB,Paraíba,Cacimba de Areia,Vila Amor
PB,Paraíba,Cacimba de Dentro
PB,Paraíba,Cacimba de Dentro,Centro
PB,Paraíba,Cacimba de Dentro,Novo
PB,Paraíba,Cacimba de Dentro,Velho
PB,Paraíba,Cacimba de Dentro,Zona Rural
PB,Paraíba,Cacimbas
PB,Paraíba,Cacimbas,Centro
PB,Paraíba,Cacimbinha
PB,Paraíba,Café do Vento - Passagem
PB,Paraíba,Café do Vento - Passagem,Centro
PB,Paraíba,Café do Vento - Passagem,Zona Rural
PB,Paraíba,Caiçara
PB,Paraíba,Caiçara,Centro
PB,Paraíba,Caiçara,Zona Rural
PB,Paraíba,Caieira
PB,Paraíba,Caieira,Centro
PB,Paraíba,Cajá - Caldas Brandão
PB,Paraíba,Cajá - Caldas Brandão,Centro
PB,Paraíba,Cajá - Caldas Brandão,cj residencial
PB,Paraíba,Cajá - Caldas Brandão,Esperanca
PB,Paraíba,Cajá - Caldas Brandão,Novo
PB,Paraíba,Cajá - Caldas Brandão,Zona Rural
PB,Paraíba,Cajá - Itatuba
PB,Paraíba,Cajá - Itatuba,Centro
PB,Paraíba,Cajazeiras
PB,Paraíba,Cajazeiras,Aeroporto
PB,Paraíba,Cajazeiras,Alto Boa Vista
PB,Paraíba,Cajazeiras,Areia
PB,Paraíba,Cajazeiras,Belo Horizonte
PB,Paraíba,Cajazeiras,Boa Vista
PB,Paraíba,Cajazeiras,Capoeiras
PB,Paraíba,Cajazeiras,Centenario
PB,Paraíba,Cajazeiras,Centro
PB,Paraíba,Cajazeiras,Cocode
PB,Paraíba,Cajazeiras,Cristo Rei
PB,Paraíba,Cajazeiras,Cuia
PB,Paraíba,Cajazeiras,Dona Crisantina
PB,Paraíba,Cajazeiras,Esperanca
PB,Paraíba,Cajazeiras,Gilliard i
PB,Paraíba,Cajazeiras,Gilliard ii
PB,Paraíba,Cajazeiras,Ipep
PB,Paraíba,Cajazeiras,Jardim Adalgisa
PB,Paraíba,Cajazeiras,Jardim Oasis
PB,Paraíba,Cajazeiras,Jardim Primavera
PB,Paraíba,Cajazeiras,Leopoldina
PB,Paraíba,Cajazeiras,Leopoldina ii
PB,Paraíba,Cajazeiras,Municipios
PB,Paraíba,Cajazeiras,Ns Piedade
PB,Paraíba,Cajazeiras,Padre Cicero
PB,Paraíba,Cajazeiras,Pio Doze
PB,Paraíba,Cajazeiras,Pio x
PB,Paraíba,Cajazeiras,Populares
PB,Paraíba,Cajazeiras,Por Sol
PB,Paraíba,Cajazeiras,Remedios
PB,Paraíba,Cajazeiras,Santa Cecilia
PB,Paraíba,Cajazeiras,Santo Antonio
PB,Paraíba,Cajazeiras,Sao Francisco
PB,Paraíba,Cajazeiras,Sao Jose
PB,Paraíba,Cajazeiras,Sol Nascente
PB,Paraíba,Cajazeiras,Tancredo Neves
PB,Paraíba,Cajazeiras,Tecedores
PB,Paraíba,Cajazeiras,Tota Assis
PB,Paraíba,Cajazeiras,Vila Nova
PB,Paraíba,Cajazeiras,Zona Rural
PB,Paraíba,Cajazeirinhas
PB,Paraíba,Cajazeirinhas,Baruc Rodrigues
PB,Paraíba,Cajazeirinhas,Centro
PB,Paraíba,Cajazeirinhas,Zona Rural
PB,Paraíba,Caldas Brandão
PB,Paraíba,Caldas Brandão,Centro
PB,Paraíba,Camalaú
PB,Paraíba,Camalaú,Cehap
PB,Paraíba,Camalaú,Centro
PB,Paraíba,Camalaú,Cohab
PB,Paraíba,Camaratuba
PB,Paraíba,Camaratuba,Centro
PB,Paraíba,Campina Grande
PB,Paraíba,Campina Grande,3 Irmãos
PB,Paraíba,Campina Grande,3 Irmas
PB,Paraíba,Campina Grande,Acacio Figueiredo
PB,Paraíba,Campina Grande,Afogados
PB,Paraíba,Campina Grande,Alto Branco
PB,Paraíba,Campina Grande,Antonio Bezerra
PB,Paraíba,Campina Grande,Araxa
PB,Paraíba,Campina Grande,Bairro dos Estados
PB,Paraíba,Campina Grande,Bela Vista
PB,Paraíba,Campina Grande,Bodocongo
PB,Paraíba,Campina Grande,Brisamar
PB,Paraíba,Campina Grande,Castelo Branco
PB,Paraíba,Campina Grande,Catingueira
PB,Paraíba,Campina Grande,Catole
PB,Paraíba,Campina Grande,Centenario
PB,Paraíba,Campina Grande,Centro
PB,Paraíba,Campina Grande,Cidades
PB,Paraíba,Campina Grande,Conceicao
PB,Paraíba,Campina Grande,Continental
PB,Paraíba,Campina Grande,Cruzeiro
PB,Paraíba,Campina Grande,Cuites
PB,Paraíba,Campina Grande,Dinamerica
PB,Paraíba,Campina Grande,Dist. Industrial
PB,Paraíba,Campina Grande,Distrito Federal
PB,Paraíba,Campina Grande,Distrito Industrial
PB,Paraíba,Campina Grande,Engenho do Meio
PB,Paraíba,Campina Grande,Ernani Sátiro
PB,Paraíba,Campina Grande,Ernesto Geisel
PB,Paraíba,Campina Grande,Estacao Velha
PB,Paraíba,Campina Grande,Itarare
PB,Paraíba,Campina Grande,Jardim 40
PB,Paraíba,Campina Grande,Jardim Borborema
PB,Paraíba,Campina Grande,Jardim Continental
PB,Paraíba,Campina Grande,Jardim Paulistano
PB,Paraíba,Campina Grande,Jardim Tavares
PB,Paraíba,Campina Grande,Jardim Veneza
PB,Paraíba,Campina Grande,Jeremias
PB,Paraíba,Campina Grande,João Agripino
PB,Paraíba,Campina Grande,Jose Pinheiro
PB,Paraíba,Campina Grande,Lauritzen
PB,Paraíba,Campina Grande,Liberdade
PB,Paraíba,Campina Grande,Lot Nova Campina
PB,Paraíba,Campina Grande,Loteamento João Paulo II
PB,Paraíba,Campina Grande,Louzeiro
PB,Paraíba,Campina Grande,Malvinas
PB,Paraíba,Campina Grande,Manaíra
PB,Paraíba,Campina Grande,Mangabeira
PB,Paraíba,Campina Grande,Mirante
PB,Paraíba,Campina Grande,Monte Castelo
PB,Paraíba,Campina Grande,Monte Santo
PB,Paraíba,Campina Grande,Nacoes
PB,Paraíba,Campina Grande,Nova Brasília
PB,Paraíba,Campina Grande,Nova Parnamerim
PB,Paraíba,Campina Grande,Novo Bodocongo
PB,Paraíba,Campina Grande,Oitizeiro
PB,Paraíba,Campina Grande,Palmeira
PB,Paraíba,Campina Grande,Pedregal
PB,Paraíba,Campina Grande,Pedreira
PB,Paraíba,Campina Grande,Pedro Gondim
PB,Paraíba,Campina Grande,Potengi
PB,Paraíba,Campina Grande,Prata
PB,Paraíba,Campina Grande,Pres Medice
PB,Paraíba,Campina Grande,Quarenta
PB,Paraíba,Campina Grande,Ramadinha
PB,Paraíba,Campina Grande,Sandra Cavalcante
PB,Paraíba,Campina Grande,Santa Cruz
PB,Paraíba,Campina Grande,Santa Rosa
PB,Paraíba,Campina Grande,Santo Antonio
PB,Paraíba,Campina Grande,Sao Jose
PB,Paraíba,Campina Grande,São José/Centro
PB,Paraíba,Campina Grande,São José/Centro
PB,Paraíba,Campina Grande,Sem bairro
PB,Paraíba,Campina Grande,Serrotao
PB,Paraíba,Campina Grande,Sitio Lagoa Dentro
PB,Paraíba,Campina Grande,Tambauzinho
PB,Paraíba,Campina Grande,Tambor
PB,Paraíba,Campina Grande,Torre
PB,Paraíba,Campina Grande,Universitario
PB,Paraíba,Campina Grande,Valentina Figueiredo
PB,Paraíba,Campina Grande,Velame
PB,Paraíba,Campina Grande,Vila Cabral
PB,Paraíba,Campina Grande,Zona Rural
PB,Paraíba,Campinote
PB,Paraíba,Campinote,Centro
PB,Paraíba,Campo D'Angola
PB,Paraíba,Campo D'Angola,Centro
PB,Paraíba,Campo de Santana
PB,Paraíba,Campo de Santana,Cehap
PB,Paraíba,Campo de Santana,Centro
PB,Paraíba,Campo de Santana,Zona Rural
PB,Paraíba,Campo Grande
PB,Paraíba,Campo Grande,Centro
PB,Paraíba,Campo Verde
PB,Paraíba,Campo Verde,Centro
PB,Paraíba,Camurim
PB,Paraíba,Camurim,Centro
PB,Paraíba,Camurim,Zona Rural
PB,Paraíba,Camurupim
PB,Paraíba,Camurupim,Centro
PB,Paraíba,Camurupim,Zona Rural
PB,Paraíba,Canafístula
PB,Paraíba,Canafístula,Centro
PB,Paraíba,Canafístula do Félix
PB,Paraíba,Canafístula do Félix,Centro
PB,Paraíba,Cantinho
PB,Paraíba,Cantinho,Zona Rural
PB,Paraíba,Canto Alegre
PB,Paraíba,Canto Alegre,Centro
PB,Paraíba,Capim
PB,Paraíba,Capim,Centro
PB,Paraíba,Capim,Jordao
PB,Paraíba,Capim,Jose Claudino
PB,Paraíba,Capim Grande
PB,Paraíba,Capim Grande,Centro
PB,Paraíba,Capim Grande,Zona Rural
PB,Paraíba,Caraúbas
PB,Paraíba,Caraúbas,Centro
PB,Paraíba,Carrapateira
PB,Paraíba,Carrapateira,Centro
PB,Paraíba,Casinha do Homem
PB,Paraíba,Casinha do Homem,Centro
PB,Paraíba,Casinha do Homem,Zona Rural
PB,Paraíba,Casserengue
PB,Paraíba,Casserengue,Centro
PB,Paraíba,Casserengue,Cj Ventania
PB,Paraíba,Casserengue,Frei Damiao
PB,Paraíba,Catingueira
PB,Paraíba,Catingueira,Centro
PB,Paraíba,Catingueira,Zona Rural
PB,Paraíba,Catolé de Baixo
PB,Paraíba,Catolé do Rocha
PB,Paraíba,Catolé do Rocha,Abilio Pinto
PB,Paraíba,Catolé do Rocha,Batalhao
PB,Paraíba,Catolé do Rocha,Centro
PB,Paraíba,Catolé do Rocha,Corrente
PB,Paraíba,Catolé do Rocha,Cristo Redentor
PB,Paraíba,Catolé do Rocha,Jardim Rogério
PB,Paraíba,Catolé do Rocha,Luzia Maia
PB,Paraíba,Catolé do Rocha,Natanael Maia
PB,Paraíba,Catolé do Rocha,Noel Veras
PB,Paraíba,Catolé do Rocha,Pe Pedro Serrao
PB,Paraíba,Catolé do Rocha,Sandy Soares
PB,Paraíba,Catolé do Rocha,Tabajara
PB,Paraíba,Catolé do Rocha,Tancredo Neves
PB,Paraíba,Catolé do Rocha,Varzea
PB,Paraíba,Catolé do Rocha,Zona Rural
PB,Paraíba,Caturité
PB,Paraíba,Caturité,Centro
PB,Paraíba,Caturité,Zona Rural
PB,Paraíba,Caxeiro
PB,Paraíba,Caxeiro,Centro
PB,Paraíba,Cepilho
PB,Paraíba,Cepilho,Centro
PB,Paraíba,Cha de Areia
PB,Paraíba,Chã de Santa Tereza
PB,Paraíba,Chã de Santa Tereza,Centro
PB,Paraíba,Chã do Lindolfo
PB,Paraíba,Chã do Lindolfo,Centro
PB,Paraíba,Chã dos Marinhos
PB,Paraíba,Chã dos Marinhos,Centro
PB,Paraíba,Chã dos Pereiras
PB,Paraíba,Chã dos Pereiras,Centro
PB,Paraíba,Chã dos Pereiras,Zona Rural
PB,Paraíba,Cicerolândia
PB,Paraíba,Cicerolândia,Centro
PB,Paraíba,Conceição
PB,Paraíba,Conceição,Cehap
PB,Paraíba,Conceição,Centro
PB,Paraíba,Conceição,Ipep
PB,Paraíba,Conceição,Jaguaribe
PB,Paraíba,Conceição,Juá Doce
PB,Paraíba,Conceição,Multirao
PB,Paraíba,Conceição,Novo Horizonte
PB,Paraíba,Conceição,Ns Fatima
PB,Paraíba,Conceição,Paiva Leite
PB,Paraíba,Conceição,Projeto Sertanejo
PB,Paraíba,Conceição,Sao Geraldo
PB,Paraíba,Conceição,Sao Jose
PB,Paraíba,Conceição,Zona Rural
PB,Paraíba,Condado
PB,Paraíba,Condado,Centro
PB,Paraíba,Condado,Cj Frei Damião
PB,Paraíba,Condado,Jardim Queiroz
PB,Paraíba,Condado,Piea
PB,Paraíba,Condado,Zona Rural
PB,Paraíba,Conde
PB,Paraíba,Conde,Centro
PB,Paraíba,Conde,Conde
PB,Paraíba,Conde,Jacumã
PB,Paraíba,Conde,Jardim Recreio
PB,Paraíba,Conde,João Agripino
PB,Paraíba,Conde,Praia de Carapibus
PB,Paraíba,Conde,Praia de Jacumã
PB,Paraíba,Conde,Sem Bairro
PB,Paraíba,Conde,Zona Rural
PB,Paraíba,Congo
PB,Paraíba,Congo,Centro
PB,Paraíba,Congo,Riachao Congo
PB,Paraíba,Congo,Zona Rural
PB,Paraíba,Contendas
PB,Paraíba,Coremas
PB,Paraíba,Coremas,Alto Bela Vista
PB,Paraíba,Coremas,Alto Boa Vista
PB,Paraíba,Coremas,Cabo Branco
PB,Paraíba,Coremas,Centro
PB,Paraíba,Coremas,Pombalzinho
PB,Paraíba,Coremas,Vila Dnocs
PB,Paraíba,Coremas,Zona Rural
PB,Paraíba,Coronel Maia
PB,Paraíba,Coronel Maia,Centro
PB,Paraíba,Coronel Maia,Zona Rural
PB,Paraíba,Coxixola
PB,Paraíba,Coxixola,Centro
PB,Paraíba,Coxixola,Zona Rural
PB,Paraíba,Cruz do Espírito Santo
PB,Paraíba,Cruz do Espírito Santo,Centro
PB,Paraíba,Cruz do Espírito Santo,Cj Antônio Mariz
PB,Paraíba,Cruz do Espírito Santo,Cj Francisco Cruz
PB,Paraíba,Cruz do Espírito Santo,Cj Pe Herculano
PB,Paraíba,Cruz do Espírito Santo,Francisco Cunha
PB,Paraíba,Cruz do Espírito Santo,Julia Paiva
PB,Paraíba,Cruz do Espírito Santo,Lot Bela Vista
PB,Paraíba,Cruz do Espírito Santo,Lot João Úrsulo
PB,Paraíba,Cruz do Espírito Santo,Mangabeira
PB,Paraíba,Cruz do Espírito Santo,Pitanga
PB,Paraíba,Cruz do Espírito Santo,Rafael Fernandes
PB,Paraíba,Cruz do Espírito Santo,Zona Rural
PB,Paraíba,Cubati
PB,Paraíba,Cubati,Centro
PB,Paraíba,Cubati,Cicero Angelo
PB,Paraíba,Cubati,Zona Rural
PB,Paraíba,Cuité
PB,Paraíba,Cuité,31 Marco
PB,Paraíba,Cuité,Antonio Mariz
PB,Paraíba,Cuité,Basilio m Fonseca
PB,Paraíba,Cuité,Bela Vista
PB,Paraíba,Cuité,Castelo Branco
PB,Paraíba,Cuité,Centro
PB,Paraíba,Cuité,Jardim Planalto
PB,Paraíba,Cuité,Jardim Trevo
PB,Paraíba,Cuité,Novo Retiro
PB,Paraíba,Cuité,Ns Gracas
PB,Paraíba,Cuité,Santo Antonio
PB,Paraíba,Cuité,Sao Jose
PB,Paraíba,Cuité,Sao Vicente
PB,Paraíba,Cuité,Ulisses Guimaraes
PB,Paraíba,Cuité,Zona Rural
PB,Paraíba,Cuité de Mamanguape
PB,Paraíba,Cuité de Mamanguape,Centro
PB,Paraíba,Cuité de Mamanguape,Ns Gracas
PB,Paraíba,Cuité de Mamanguape,Zona Rural
PB,Paraíba,Cuitegi
PB,Paraíba,Cuitegi,Centro
PB,Paraíba,Cuitegi,Cj Roberto Paulino
PB,Paraíba,Cuitegi,Cruzeiro
PB,Paraíba,Cuitegi,Santo Antonio
PB,Paraíba,Cuitegi,Virgulino c Melo
PB,Paraíba,Cuitegi,Zona Rural
PB,Paraíba,Cupissura
PB,Paraíba,Cupissura,Centro
PB,Paraíba,Cupissura,Sao Carlos
PB,Paraíba,Cupissura,Zona Rural
PB,Paraíba,Curimataú
PB,Paraíba,Curimataú,Centro
PB,Paraíba,Curral de Cima
PB,Paraíba,Curral de Cima,Centro
PB,Paraíba,Curral de Cima,Zona Rural
PB,Paraíba,Curral Velho
PB,Paraíba,Curral Velho,Centro
PB,Paraíba,Curral Velho,Zona Rural
PB,Paraíba,Dalmópolis
PB,Paraíba,Dalmópolis,Centro
PB,Paraíba,Damião
PB,Paraíba,Damião,Centro
PB,Paraíba,Damião,Zona Rural
PB,Paraíba,Desterro
PB,Paraíba,Desterro,Centro
PB,Paraíba,Desterro,Cj Cruzeiro
PB,Paraíba,Desterro,Malvinas
PB,Paraíba,Desterro,Sao Cristovao
PB,Paraíba,Diamante
PB,Paraíba,Diamante,Centro
PB,Paraíba,Diamante,Cj Antônio Mariz
PB,Paraíba,Diamante,Luiza Martins
PB,Paraíba,Diamante,Luiza Vieira
PB,Paraíba,Diamante,Zona Rural
PB,Paraíba,Dois Riachos - Salgado de São Félix
PB,Paraíba,Dois Riachos - Salgado de São Félix,Centro
PB,Paraíba,Dona Inês
PB,Paraíba,Dona Inês,Centro
PB,Paraíba,Dona Inês,Residencia
PB,Paraíba,Dona Inês,Zona Rural
PB,Paraíba,Duas Estradas
PB,Paraíba,Duas Estradas,Centro
PB,Paraíba,Duas Estradas,Zona Rural
PB,Paraíba,Emas
PB,Paraíba,Emas,Capitulino l Lour
PB,Paraíba,Emas,Centro
PB,Paraíba,Emas,Cj Ada Bezerra
PB,Paraíba,Emas,Zona Rural
PB,Paraíba,Engenheiro Avidos
PB,Paraíba,Engenheiro Avidos,Centro
PB,Paraíba,Esperança
PB,Paraíba,Esperança,Britador
PB,Paraíba,Esperança,Casserengue
PB,Paraíba,Esperança,Centro
PB,Paraíba,Esperança,Nova Esperanca
PB,Paraíba,Esperança,Nova Olinda
PB,Paraíba,Esperança,Portal
PB,Paraíba,Esperança,Santa Clara
PB,Paraíba,Esperança,Zona Rural
PB,Paraíba,Estacada
PB,Paraíba,Estacada,Centro
PB,Paraíba,Estreito - Campina Grande
PB,Paraíba,Estreito - Campina Grande,Centro
PB,Paraíba,Estreito - Campina Grande,Zona Rural
PB,Paraíba,Fagundes
PB,Paraíba,Fagundes,Bela Vista
PB,Paraíba,Fagundes,Cabata
PB,Paraíba,Fagundes,Centro
PB,Paraíba,Fagundes,Cha
PB,Paraíba,Fagundes,Joquinha Muniz
PB,Paraíba,Fagundes,Zona Rural
PB,Paraíba,Fagundes - Lucena
PB,Paraíba,Fagundes - Lucena,Centro
PB,Paraíba,Fagundes - Lucena,Costinha
PB,Paraíba,Fagundes - Lucena,Enseada Luc ii
PB,Paraíba,Fagundes - Lucena,Mangabeira
PB,Paraíba,Fagundes - Lucena,Praia Bela
PB,Paraíba,Fagundes - Lucena,Realengo
PB,Paraíba,Fazenda Nova
PB,Paraíba,Feira Nova
PB,Paraíba,Feira Nova,Centro
PB,Paraíba,Floresta
PB,Paraíba,Floriano
PB,Paraíba,Floriano,Centro
PB,Paraíba,Forte Velho
PB,Paraíba,Forte Velho,Centro
PB,Paraíba,Frei Martinho
PB,Paraíba,Frei Martinho,Aguida a Dantas
PB,Paraíba,Frei Martinho,Centro
PB,Paraíba,Frei Martinho,Edvaldo Mota
PB,Paraíba,Frei Martinho,Nenzinha c Lima
PB,Paraíba,Frei Martinho,Zona Rural
PB,Paraíba,Gado Bravo
PB,Paraíba,Gado Bravo,Centro
PB,Paraíba,Gado Bravo,Zona Rural
PB,Paraíba,Galante
PB,Paraíba,Galante,Centro
PB,Paraíba,Galante,Zona Rural
PB,Paraíba,Galego
PB,Paraíba,Gameleira - Alcantil
PB,Paraíba,Gameleira - Alcantil,Centro
PB,Paraíba,Gameleira - Alcantil,Zona Rural
PB,Paraíba,Gameleira - Mogeiro
PB,Paraíba,Gameleira - Mogeiro,Centro
PB,Paraíba,Genipapo - Puxinanã
PB,Paraíba,Genipapo - Puxinanã,Centro
PB,Paraíba,Genipapo - Puxinanã,Genipapo Cima
PB,Paraíba,Genipapo - Puxinanã,Zona Rural
PB,Paraíba,Gravatá - Mulungu
PB,Paraíba,Gravatá - Mulungu,Centro
PB,Paraíba,Gravatá - Mulungu,Zona Rural
PB,Paraíba,Gravatá - São João do Rio do Peixe
PB,Paraíba,Gravatá - São João do Rio do Peixe,Centro
PB,Paraíba,Gravatá - São João do Rio do Peixe,Zona Rural
PB,Paraíba,Grotão
PB,Paraíba,Grotão,Centro
PB,Paraíba,Guarabira
PB,Paraíba,Guarabira,Alto Boa Vista
PB,Paraíba,Guarabira,Areia Branca
PB,Paraíba,Guarabira,Assis Chateaubriand
PB,Paraíba,Guarabira,Bancários
PB,Paraíba,Guarabira,Bela Vista
PB,Paraíba,Guarabira,Bom Jesus
PB,Paraíba,Guarabira,Centro
PB,Paraíba,Guarabira,Clovis Bezerra
PB,Paraíba,Guarabira,Cordeiro
PB,Paraíba,Guarabira,Distrito Industrial
PB,Paraíba,Guarabira,Ernani Sátiro
PB,Paraíba,Guarabira,Expedicionários
PB,Paraíba,Guarabira,Funcionários
PB,Paraíba,Guarabira,Joao Cassimiro
PB,Paraíba,Guarabira,Mutirao
PB,Paraíba,Guarabira,Nacoes
PB,Paraíba,Guarabira,Nordeste i
PB,Paraíba,Guarabira,Nordeste ii
PB,Paraíba,Guarabira,Novo
PB,Paraíba,Guarabira,Oitizeiro
PB,Paraíba,Guarabira,Primavera
PB,Paraíba,Guarabira,Rosário
PB,Paraíba,Guarabira,Santa Terezinha
PB,Paraíba,Guarabira,Sao Jose
PB,Paraíba,Guarabira,Tambauzino
PB,Paraíba,Guarabira,Valentina Figueiredo
PB,Paraíba,Guarabira,Vila Padre Cicero
PB,Paraíba,Guarabira,Zona Rural
PB,Paraíba,Guarita
PB,Paraíba,Guarita,Centro
PB,Paraíba,Guarita,Zona Rural
PB,Paraíba,Gurinhém
PB,Paraíba,Gurinhém,Boa Esperanca
PB,Paraíba,Gurinhém,Caixa Economica
PB,Paraíba,Gurinhém,Centro
PB,Paraíba,Gurinhém,Flaviano r Coutinho
PB,Paraíba,Gurinhém,Mangueira
PB,Paraíba,Gurinhém,Santo Antonio
PB,Paraíba,Gurinhém,Velame
PB,Paraíba,Gurinhém,Zona Rural
PB,Paraíba,Gurjão
PB,Paraíba,Gurjão,Bela Vista
PB,Paraíba,Gurjão,Centro
PB,Paraíba,Gurjão,Zona Rural
PB,Paraíba,Gurugi
PB,Paraíba,Gurugi,Centro
PB,Paraíba,Gurugi,Zona Rural
PB,Paraíba,Ibiara
PB,Paraíba,Ibiara,Antonio b Sousa
PB,Paraíba,Ibiara,Centro
PB,Paraíba,Ibiara,Ibiarinha
PB,Paraíba,Ibiara,Zona Rural
PB,Paraíba,Igaracy
PB,Paraíba,Igaracy,Centro
PB,Paraíba,Igaracy,Frei Damiao
PB,Paraíba,Igaracy,Jose Armando Souza
PB,Paraíba,Igaracy,Padre Aristides
PB,Paraíba,Imaculada
PB,Paraíba,Imaculada,Bela Vista
PB,Paraíba,Imaculada,Centro
PB,Paraíba,Imaculada,Sao Jose
PB,Paraíba,Imaculada,Zona Rural
PB,Paraíba,Ingá
PB,Paraíba,Ingá,Bela Vista
PB,Paraíba,Ingá,Cazuzinha
PB,Paraíba,Ingá,Cehap
PB,Paraíba,Ingá,Centro
PB,Paraíba,Ingá,Imboca
PB,Paraíba,Ingá,Isabel Burity
PB,Paraíba,Ingá,Jardim Farias
PB,Paraíba,Ingá,Mangabeira
PB,Paraíba,Ingá,Nova Vida
PB,Paraíba,Ingá,Sao Jose
PB,Paraíba,Ingá,Zona Rural
PB,Paraíba,Inhauá
PB,Paraíba,Inhauá,Centro
PB,Paraíba,Ipueira - Paulista
PB,Paraíba,Ipueira - Paulista,Centro
PB,Paraíba,Ipueira - Paulista,Zona Rural
PB,Paraíba,Itabaiana
PB,Paraíba,Itabaiana,Acude Pedras
PB,Paraíba,Itabaiana,Alto Alegre
PB,Paraíba,Itabaiana,Antonio Mariz
PB,Paraíba,Itabaiana,Botafogo
PB,Paraíba,Itabaiana,Campo Nautico
PB,Paraíba,Itabaiana,Centro
PB,Paraíba,Itabaiana,Costa Silva
PB,Paraíba,Itabaiana,Jucuri
PB,Paraíba,Itabaiana,Luiz Saraiva
PB,Paraíba,Itabaiana,Zona Rural
PB,Paraíba,Itaporanga
PB,Paraíba,Itaporanga,Alto Ginasio
PB,Paraíba,Itaporanga,Alto Madeiro
PB,Paraíba,Itaporanga,Alto Neves
PB,Paraíba,Itaporanga,Balduino Carvalh
PB,Paraíba,Itaporanga,Bela Vista
PB,Paraíba,Itaporanga,Castelo Branco
PB,Paraíba,Itaporanga,Centro
PB,Paraíba,Itaporanga,Chagas Soares
PB,Paraíba,Itaporanga,Costa e Silva
PB,Paraíba,Itaporanga,Crizanto Pereira
PB,Paraíba,Itaporanga,Miguel Morato
PB,Paraíba,Itaporanga,Pedra Bonita
PB,Paraíba,Itaporanga,Vila Mocol
PB,Paraíba,Itaporanga,Xique Xique
PB,Paraíba,Itaporanga,Zona Rural
PB,Paraíba,Itapororoca
PB,Paraíba,Itapororoca,Centro
PB,Paraíba,Itapororoca,Cruzeiro
PB,Paraíba,Itapororoca,Estudantes
PB,Paraíba,Itapororoca,Vista Alegre
PB,Paraíba,Itapororoca,Zona Rural
PB,Paraíba,Itatuba
PB,Paraíba,Itatuba,Centro
PB,Paraíba,Itatuba,Joaquim Florentino
PB,Paraíba,Itatuba,Santo Antonio
PB,Paraíba,Itatuba,Zona Rural
PB,Paraíba,Jacaraú
PB,Paraíba,Jacaraú,Centro
PB,Paraíba,Jacaraú,Ipês
PB,Paraíba,Jacaraú,Virgilio r Silva
PB,Paraíba,Jacaraú,Zona Rural
PB,Paraíba,Jacumã
PB,Paraíba,Jacumã,Balneario Novo Mundo
PB,Paraíba,Jacumã,Carapibus
PB,Paraíba,Jacumã,Centro
PB,Paraíba,Jacumã,Praia Amor
PB,Paraíba,Jacumã,Tabatinga
PB,Paraíba,Jacumã,Varadouro
PB,Paraíba,Jacumã,Vila Pescadores
PB,Paraíba,Jacumã,Village Jacumã
PB,Paraíba,Jacumã,Zona Rural
PB,Paraíba,Jaraguá
PB,Paraíba,Jaraguá,Centro
PB,Paraíba,Jenipapo - São Bento
PB,Paraíba,Jericó
PB,Paraíba,Jericó,Centro
PB,Paraíba,Jericó,Jericozinho
PB,Paraíba,Jericó,Zona Rural
PB,Paraíba,Joá
PB,Paraíba,Joá,Centro
PB,Paraíba,João Pessoa
PB,Paraíba,João Pessoa,Aeroclube
PB,Paraíba,João Pessoa,Aeroporto
PB,Paraíba,João Pessoa,Afogados
PB,Paraíba,João Pessoa,Água Fria
PB,Paraíba,João Pessoa,Alagadiço Novo
PB,Paraíba,João Pessoa,Altiplano
PB,Paraíba,João Pessoa,Altiplano Cabo Branco
PB,Paraíba,João Pessoa,Alto Branco
PB,Paraíba,João Pessoa,Alto Céu
PB,Paraíba,João Pessoa,Anatólia
PB,Paraíba,João Pessoa,At. Mateus
PB,Paraíba,João Pessoa,Bairro do Ipês
PB,Paraíba,João Pessoa,Bancários
PB,Paraíba,João Pessoa,Barra Grande
PB,Paraíba,João Pessoa,Beira Rio
PB,Paraíba,João Pessoa,Benedito Bentes
PB,Paraíba,João Pessoa,Bessa
PB,Paraíba,João Pessoa,Bisamar
PB,Paraíba,João Pessoa,Boa Vista
PB,Paraíba,João Pessoa,Bodocongo
PB,Paraíba,João Pessoa,Bom Pastor
PB,Paraíba,João Pessoa,Brismar
PB,Paraíba,João Pessoa,Cabedelo
PB,Paraíba,João Pessoa,Cabo Branco
PB,Paraíba,João Pessoa,Cajueiro
PB,Paraíba,João Pessoa,Campo Grande
PB,Paraíba,João Pessoa,Castelo Branco
PB,Paraíba,João Pessoa,Castelo Branco i
PB,Paraíba,João Pessoa,Castelo Branco ii
PB,Paraíba,João Pessoa,Castelo Branco III
PB,Paraíba,João Pessoa,Catolé
PB,Paraíba,João Pessoa,Cenro
PB,Paraíba,João Pessoa,Centro
PB,Paraíba,João Pessoa,Centro/Torre
PB,Paraíba,João Pessoa,Centro/Torre
PB,Paraíba,João Pessoa,Cidade Colibri
PB,Paraíba,João Pessoa,Cidade Colibris
PB,Paraíba,João Pessoa,Conde
PB,Paraíba,João Pessoa,Conjunto Omega
PB,Paraíba,João Pessoa,Cordão Encarnado
PB,Paraíba,João Pessoa,Costa e Silva
PB,Paraíba,João Pessoa,Cristo
PB,Paraíba,João Pessoa,Cristo Redentor
PB,Paraíba,João Pessoa,Crus das Armas
PB,Paraíba,João Pessoa,Cruz das Almas
PB,Paraíba,João Pessoa,Cuia
PB,Paraíba,João Pessoa,Didtrito Industrial 
PB,Paraíba,João Pessoa,Dinamerica
PB,Paraíba,João Pessoa,Distrito Ind. Mangabeira
PB,Paraíba,João Pessoa,Distrito Industrial
PB,Paraíba,João Pessoa,Distrito Industrial Mangabeira
PB,Paraíba,João Pessoa,Distrito Mecânico
PB,Paraíba,João Pessoa,Ernani Sátiro
PB,Paraíba,João Pessoa,Ernesto Geisel
PB,Paraíba,João Pessoa,Esplanada
PB,Paraíba,João Pessoa,Estados
PB,Paraíba,João Pessoa,Expedicionários
PB,Paraíba,João Pessoa,Funcionários
PB,Paraíba,João Pessoa,Funcionários II
PB,Paraíba,João Pessoa,Funcionários III
PB,Paraíba,João Pessoa,Funcionários IV
PB,Paraíba,João Pessoa,Geisel
PB,Paraíba,João Pessoa,Gramame
PB,Paraíba,João Pessoa,Grotão
PB,Paraíba,João Pessoa,Ilha do Bispo
PB,Paraíba,João Pessoa,Indústrias
PB,Paraíba,João Pessoa,Intermares
PB,Paraíba,João Pessoa,Ipês
PB,Paraíba,João Pessoa,Jaguaribe
PB,Paraíba,João Pessoa,Jardim 13 de Maio
PB,Paraíba,João Pessoa,Jardim Américo
PB,Paraíba,João Pessoa,Jardim Cepol
PB,Paraíba,João Pessoa,Jardim CID Universitária
PB,Paraíba,João Pessoa,Jardim Continental
PB,Paraíba,João Pessoa,Jardim das Acácias
PB,Paraíba,João Pessoa,Jardim Esperança
PB,Paraíba,João Pessoa,Jardim Luna
PB,Paraíba,João Pessoa,Jardim Oceania
PB,Paraíba,João Pessoa,Jardim Planalto
PB,Paraíba,João Pessoa,Jardim São Paulo
PB,Paraíba,João Pessoa,Jardim Tavares
PB,Paraíba,João Pessoa,Jardim Veneza
PB,Paraíba,João Pessoa,João Agripino
PB,Paraíba,João Pessoa,João Paulo II
PB,Paraíba,João Pessoa,Joguaribe
PB,Paraíba,João Pessoa,José Amércio
PB,Paraíba,João Pessoa,José Américo
PB,Paraíba,João Pessoa,José Américo Almeida
PB,Paraíba,João Pessoa,José Pinheiro
PB,Paraíba,João Pessoa,Juracy Palhano
PB,Paraíba,João Pessoa,Lagoa
PB,Paraíba,João Pessoa,Lagoa Azul
PB,Paraíba,João Pessoa,Lagoa Nova
PB,Paraíba,João Pessoa,Lagoa Seca
PB,Paraíba,João Pessoa,Loteamento Morada Nova
PB,Paraíba,João Pessoa,Loteamento Vila Buriti
PB,Paraíba,João Pessoa,Louzeiro
PB,Paraíba,João Pessoa,Madalena
PB,Paraíba,João Pessoa,Malvinas
PB,Paraíba,João Pessoa,Manaira
PB,Paraíba,João Pessoa,Mandacaru
PB,Paraíba,João Pessoa,Mangabeira
PB,Paraíba,João Pessoa,Mangabeira i
PB,Paraíba,João Pessoa,Mangabeira II
PB,Paraíba,João Pessoa,Mangabeira IV
PB,Paraíba,João Pessoa,Mangabeira VI
PB,Paraíba,João Pessoa,Mangabeira VII
PB,Paraíba,João Pessoa,Mangabeira VIII
PB,Paraíba,João Pessoa,Mangabeiras
PB,Paraíba,João Pessoa,Mares
PB,Paraíba,João Pessoa,Miramar
PB,Paraíba,João Pessoa,Mirante
PB,Paraíba,João Pessoa,MONTE SANTO
PB,Paraíba,João Pessoa,Muçumagro
PB,Paraíba,João Pessoa,Mumbaba
PB,Paraíba,João Pessoa,Nações
PB,Paraíba,João Pessoa,NOSSA SENHORA DE NAZARÉ
PB,Paraíba,João Pessoa,Nova América
PB,Paraíba,João Pessoa,Novais
PB,Paraíba,João Pessoa,Oitizeiro
PB,Paraíba,João Pessoa,Padre Zé
PB,Paraíba,João Pessoa,Paratibe
PB,Paraíba,João Pessoa,Parque Esperança
PB,Paraíba,João Pessoa,Parque Manibura
PB,Paraíba,João Pessoa,Paupina
PB,Paraíba,João Pessoa,Pedra Lavrada
PB,Paraíba,João Pessoa,Pedro Condim
PB,Paraíba,João Pessoa,Pedro Gondim
PB,Paraíba,João Pessoa,Penha
PB,Paraíba,João Pessoa,Periperi
PB,Paraíba,João Pessoa,Pina
PB,Paraíba,João Pessoa,Pitimbu
PB,Paraíba,João Pessoa,Planalto Boa Esperan
PB,Paraíba,João Pessoa,Planalto Boa Esperança
PB,Paraíba,João Pessoa,Poço
PB,Paraíba,João Pessoa,Ponta Seixas
PB,Paraíba,João Pessoa,Portal do Sol
PB,Paraíba,João Pessoa,Rangel
PB,Paraíba,João Pessoa,Renascer
PB,Paraíba,João Pessoa,Renascer II
PB,Paraíba,João Pessoa,Roger
PB,Paraíba,João Pessoa,Santa Rita
PB,Paraíba,João Pessoa,São José
PB,Paraíba,João Pessoa,São Sebastião
PB,Paraíba,João Pessoa,Sem Bairro
PB,Paraíba,João Pessoa,Serrotao
PB,Paraíba,João Pessoa,Sítio Cachoeira
PB,Paraíba,João Pessoa,Tabuleiro dos Martins
PB,Paraíba,João Pessoa,Tambau
PB,Paraíba,João Pessoa,Tambauzinho
PB,Paraíba,João Pessoa,Tambauzino
PB,Paraíba,João Pessoa,Tambay
PB,Paraíba,João Pessoa,Tambia
PB,Paraíba,João Pessoa,Tambú
PB,Paraíba,João Pessoa,Tibiri II
PB,Paraíba,João Pessoa,Torre
PB,Paraíba,João Pessoa,Treze de Maio
PB,Paraíba,João Pessoa,Trincheiras
PB,Paraíba,João Pessoa,Universitário
PB,Paraíba,João Pessoa,Urca
PB,Paraíba,João Pessoa,Valentina 1
PB,Paraíba,João Pessoa,Valentina Figueiro
PB,Paraíba,João Pessoa,Varadouro
PB,Paraíba,João Pessoa,Varajao
PB,Paraíba,João Pessoa,Vergel Lago
PB,Paraíba,João Pessoa,Vila Cabral
PB,Paraíba,João Pessoa,Vila Ellery
PB,Paraíba,João Pessoa,Viradouro
PB,Paraíba,João Pessoa,Zona Rural
PB,Paraíba,João Pessoa,Zumbi
PB,Paraíba,Joaquim Barbosa
PB,Paraíba,Joaquim Barbosa,Centro
PB,Paraíba,Joaquim Barbosa,Zona Rural
PB,Paraíba,Juá
PB,Paraíba,Juá,Centro
PB,Paraíba,Juarez Távora
PB,Paraíba,Juarez Távora,Centro
PB,Paraíba,Juarez Távora,Ginasio
PB,Paraíba,Juazeirinho
PB,Paraíba,Juazeirinho,Alto Medeiros
PB,Paraíba,Juazeirinho,Bela Vista
PB,Paraíba,Juazeirinho,Burity
PB,Paraíba,Juazeirinho,Centro
PB,Paraíba,Juazeirinho,Frei Damiao
PB,Paraíba,Juazeirinho,Inacia Emidia Diniz
PB,Paraíba,Juazeirinho,Zona Rural
PB,Paraíba,Junco do Seridó
PB,Paraíba,Junco do Seridó,Centro
PB,Paraíba,Junco do Seridó,Santo Antonio
PB,Paraíba,Jurema - Itatuba
PB,Paraíba,Jurema - Itatuba,Centro
PB,Paraíba,Jurema - Tavares
PB,Paraíba,Jurema - Tavares,Centro
PB,Paraíba,Juripiranga
PB,Paraíba,Juripiranga,Caio c Araujo
PB,Paraíba,Juripiranga,Centro
PB,Paraíba,Juripiranga,Guaratiba
PB,Paraíba,Juripiranga,Jose j Goncalves
PB,Paraíba,Jurú
PB,Paraíba,Jurú,Centro
PB,Paraíba,Jurú,Sao Sebastiao
PB,Paraíba,Jurú,Serra Branca
PB,Paraíba,Jurú,Zona Rural
PB,Paraíba,Lagoa
PB,Paraíba,Lagoa,Antonio j Souza
PB,Paraíba,Lagoa,Centro
PB,Paraíba,Lagoa,Zona Rural
PB,Paraíba,Lagoa da Cruz
PB,Paraíba,Lagoa da Cruz,Centro
PB,Paraíba,Lagoa de Dentro
PB,Paraíba,Lagoa de Dentro,Centro
PB,Paraíba,Lagoa de Dentro,Cristo Rei
PB,Paraíba,Lagoa de Dentro,Populares
PB,Paraíba,Lagoa de Dentro,Zona Rural
PB,Paraíba,Lagoa de Dentro - Puxinanã
PB,Paraíba,Lagoa de Dentro - Puxinanã,Centro
PB,Paraíba,Lagoa de Dentro - Puxinanã,Zona Rural
PB,Paraíba,Lagoa do Félix
PB,Paraíba,Lagoa do Félix,Centro
PB,Paraíba,Lagoa do Félix,Zona Rural
PB,Paraíba,Lagoa do Juca
PB,Paraíba,Lagoa do Juca,Centro
PB,Paraíba,Lagoa do Mato
PB,Paraíba,Lagoa do Mato,Centro
PB,Paraíba,Lagoa do Mato,Zona Rural
PB,Paraíba,Lagoa Seca
PB,Paraíba,Lagoa Seca,Anacleto
PB,Paraíba,Lagoa Seca,Bela Vista
PB,Paraíba,Lagoa Seca,Centro
PB,Paraíba,Lagoa Seca,Donda Correia
PB,Paraíba,Lagoa Seca,Santo Antônio
PB,Paraíba,Lagoa Seca,Zona Rural
PB,Paraíba,Lagoinha
PB,Paraíba,Lagoinha,Centro
PB,Paraíba,Lastro
PB,Paraíba,Lastro,Alto Boa Vista
PB,Paraíba,Lastro,Cehap
PB,Paraíba,Lastro,Centro
PB,Paraíba,Leal-Landia
PB,Paraíba,Lerolândia
PB,Paraíba,Lerolândia,Centro
PB,Paraíba,Livramento
PB,Paraíba,Livramento,Centro
PB,Paraíba,Livramento,Santo Antonio
PB,Paraíba,Livramento,Zona Rural
PB,Paraíba,Logradouro
PB,Paraíba,Logradouro,Centro
PB,Paraíba,Logradouro,Zona Rural
PB,Paraíba,Logradouro - Fagundes
PB,Paraíba,Logradouro - Fagundes,Centro
PB,Paraíba,Logradouro de Cima
PB,Paraíba,Logradouro de Cima,Centro
PB,Paraíba,Logradouro de Cima,Cj José Sarney
PB,Paraíba,Lucena
PB,Paraíba,Lucena,Centro
PB,Paraíba,Lucena,Fagundes
PB,Paraíba,Lucena,Novo
PB,Paraíba,Lucena,Sol Lucena
PB,Paraíba,Lucena,Zona Rural
PB,Paraíba,Maciel
PB,Paraíba,Mãe D'Água
PB,Paraíba,Mãe D'Água,Centro
PB,Paraíba,Mãe D'Água,Manoel b Lucena
PB,Paraíba,Mãe D'Água,Zona Rural
PB,Paraíba,Maia
PB,Paraíba,Maia,Centro
PB,Paraíba,Maia,Zona Rural
PB,Paraíba,Malhada da Roça
PB,Paraíba,Malhada da Roça,Centro
PB,Paraíba,Malhada Grande
PB,Paraíba,Malhada Grande,Centro
PB,Paraíba,Malta
PB,Paraíba,Malta,Centro
PB,Paraíba,Malta,Narciso m Sousa
PB,Paraíba,Malta,Zona Rural
PB,Paraíba,Mamanguape
PB,Paraíba,Mamanguape,Alto Cemiterio
PB,Paraíba,Mamanguape,Areal
PB,Paraíba,Mamanguape,Campo
PB,Paraíba,Mamanguape,Centro
PB,Paraíba,Mamanguape,Cidade Nova
PB,Paraíba,Mamanguape,Condado
PB,Paraíba,Mamanguape,Distrito Mecanico
PB,Paraíba,Mamanguape,Gurguri
PB,Paraíba,Mamanguape,Mangabeira
PB,Paraíba,Mamanguape,Manoel Fernandes Lim
PB,Paraíba,Mamanguape,Planalto
PB,Paraíba,Mamanguape,Satelite
PB,Paraíba,Mamanguape,Terra Nova
PB,Paraíba,Mamanguape,Zona Rural
PB,Paraíba,Manaíra
PB,Paraíba,Manaíra,Centro
PB,Paraíba,Manaíra,Dom Paulo
PB,Paraíba,Maneco
PB,Paraíba,Maneco,Centro
PB,Paraíba,Maneco,Zona Rural
PB,Paraíba,Manguape - São Sebastião de Lagoa de Roça
PB,Paraíba,Manguape - São Sebastião de Lagoa de Roça,Zona Rural
PB,Paraíba,Manguenza
PB,Paraíba,Manguenza,Centro
PB,Paraíba,Manguenza,Zona Rural
PB,Paraíba,Maracajá
PB,Paraíba,Maracajá,Centro
PB,Paraíba,Maracajá,Zona Rural
PB,Paraíba,Marcação
PB,Paraíba,Marcação,Centro
PB,Paraíba,Marcação,Zona Rural
PB,Paraíba,Mari
PB,Paraíba,Mari,Aeroporto
PB,Paraíba,Mari,Centro
PB,Paraíba,Mari,Chico Faustino
PB,Paraíba,Mari,Fernando Faustino
PB,Paraíba,Mari,Jose Americo Almeida
PB,Paraíba,Mari,Lindolfo Montei
PB,Paraíba,Mari,Pasto Novo
PB,Paraíba,Mari,Silvino Costa
PB,Paraíba,Mari,Sudene
PB,Paraíba,Mari,Vermelho
PB,Paraíba,Mari,Zona Rural
PB,Paraíba,Marinho
PB,Paraíba,Marinho,Centro
PB,Paraíba,Marinho,Zona Rural
PB,Paraíba,Marizópolis
PB,Paraíba,Marizópolis,Centro
PB,Paraíba,Massabiele
PB,Paraíba,Massabiele,Centro
PB,Paraíba,Massangana III
PB,Paraíba,Massangana III,Centro
PB,Paraíba,Massaranduba
PB,Paraíba,Massaranduba,Alto Bela Vista
PB,Paraíba,Massaranduba,Centro
PB,Paraíba,Massaranduba,Zona Rural
PB,Paraíba,Mata Limpa
PB,Paraíba,Mata Limpa,Centro
PB,Paraíba,Mata Redonda
PB,Paraíba,Mata Redonda,Centro
PB,Paraíba,Mata Redonda,Zona Rural
PB,Paraíba,Mata Velha
PB,Paraíba,Mata Velha,Centro
PB,Paraíba,Mata Velha,Zona Rural
PB,Paraíba,Mata Virgem
PB,Paraíba,Mataraca
PB,Paraíba,Mataraca,Centro
PB,Paraíba,Mataraca,Cj Novo Horizonte
PB,Paraíba,Mataraca,Jardim Planalto
PB,Paraíba,Mataraca,Planalto ii
PB,Paraíba,Mataraca,Zona Rural
PB,Paraíba,Matinhas
PB,Paraíba,Matinhas,Centro
PB,Paraíba,Matinhas,Zona Rural
PB,Paraíba,Mato Grosso
PB,Paraíba,Mato Grosso,Centro
PB,Paraíba,Mato Grosso,Zona Rural
PB,Paraíba,Maturéia
PB,Paraíba,Maturéia,Centro
PB,Paraíba,Melancia - Santa Helena
PB,Paraíba,Mituaçu
PB,Paraíba,Mituaçu,Centro
PB,Paraíba,Mogeiro
PB,Paraíba,Mogeiro,Centro
PB,Paraíba,Mogeiro,Lot Mariz
PB,Paraíba,Mogeiro,Maria Peixoto
PB,Paraíba,Mogeiro,Pedro l Macedo
PB,Paraíba,Mogeiro,Vila Nova Descoberta
PB,Paraíba,Mogeiro,Zona Rural
PB,Paraíba,Montadas
PB,Paraíba,Montadas,Centro
PB,Paraíba,Monte Horebe
PB,Paraíba,Monte Horebe,Centro
PB,Paraíba,Monte Horebe,Sao Jose
PB,Paraíba,Monte Horebe,Zona Rural
PB,Paraíba,Monteiro
PB,Paraíba,Monteiro,Altiplano
PB,Paraíba,Monteiro,Alto Sao Vicente
PB,Paraíba,Monteiro,Bela Vista
PB,Paraíba,Monteiro,Centro
PB,Paraíba,Monteiro,Vila Popular
PB,Paraíba,Monteiro,Zona Rural
PB,Paraíba,Mororó
PB,Paraíba,Mororó,Centro
PB,Paraíba,Mororó,Zona Rural
PB,Paraíba,Mulungu
PB,Paraíba,Mulungu,Achiles Leal
PB,Paraíba,Mulungu,Centro
PB,Paraíba,Mulungu,Zona Rural
PB,Paraíba,Natuba
PB,Paraíba,Natuba,Centro
PB,Paraíba,Natuba,Zona Rural
PB,Paraíba,Nazaré
PB,Paraíba,Nazaré,Centro
PB,Paraíba,Nazaré,Zona Rural
PB,Paraíba,Nazarezinho
PB,Paraíba,Nazarezinho,Alto Boa Vista
PB,Paraíba,Nazarezinho,Centro
PB,Paraíba,Nazarezinho,Francisco Lins
PB,Paraíba,Nazarezinho,Francisco Mendes
PB,Paraíba,Nazarezinho,Lindolfo Pires
PB,Paraíba,Nazarezinho,Vila Nova
PB,Paraíba,Nazarezinho,Zona Rural
PB,Paraíba,Nossa Senhora do Livramento
PB,Paraíba,Nossa Senhora do Livramento,Centro
PB,Paraíba,Nova Cuba
PB,Paraíba,Nova Cuba,Centro
PB,Paraíba,Nova Cuba,Cuba Baixo
PB,Paraíba,Nova Floresta
PB,Paraíba,Nova Floresta,Centro
PB,Paraíba,Nova Floresta,Francisco Estevao
PB,Paraíba,Nova Olinda
PB,Paraíba,Nova Olinda,Centro
PB,Paraíba,Nova Olinda,Zona Rural
PB,Paraíba,Nova Palmeira
PB,Paraíba,Nova Palmeira,Centro
PB,Paraíba,Nova Palmeira,Zona Rural
PB,Paraíba,Nova Vida
PB,Paraíba,Nova Vida,Centro
PB,Paraíba,Novo Salvador
PB,Paraíba,Novo Salvador,Centro
PB,Paraíba,Núcleo 1
PB,Paraíba,Núcleo 1,Centro
PB,Paraíba,Núcleo 1,Zona Rural
PB,Paraíba,Núcleo 2
PB,Paraíba,Núcleo 2,Centro
PB,Paraíba,Núcleo 2,Zona Rural
PB,Paraíba,Núcleo Agrícola 3
PB,Paraíba,Núcleo Agrícola 3,Centro
PB,Paraíba,Núcleo Agrícola 3,Zona Rural
PB,Paraíba,Odilândia
PB,Paraíba,Odilândia,Centro
PB,Paraíba,Oiti
PB,Paraíba,Oiti,Centro
PB,Paraíba,Oiti,Zona Rural
PB,Paraíba,Olho D'Água
PB,Paraíba,Olho D'Água,Centro
PB,Paraíba,Olho D'Água,Zona Rural
PB,Paraíba,Olho D'Água de Capim
PB,Paraíba,Olho D'Água de Capim,Centro
PB,Paraíba,Olivedos
PB,Paraíba,Olivedos,Cehap
PB,Paraíba,Olivedos,Centro
PB,Paraíba,Olivedos,Zona Rural
PB,Paraíba,Ouro Velho
PB,Paraíba,Ouro Velho,Centro
PB,Paraíba,Ouro Velho,Zona Rural
PB,Paraíba,Pai Domingos
PB,Paraíba,Pai Domingos,Centro
PB,Paraíba,Palestina
PB,Paraíba,Palestina,Centro
PB,Paraíba,Palmeira
PB,Paraíba,Palmeira,Centro
PB,Paraíba,Parari
PB,Paraíba,Parari,Centro
PB,Paraíba,Parari,Jose a a Caluete
PB,Paraíba,Passagem
PB,Paraíba,Passagem,Centro
PB,Paraíba,Passagem,Zona Rural
PB,Paraíba,Patos
PB,Paraíba,Patos,Alto Boa Vista
PB,Paraíba,Patos,Alto Tubiba
PB,Paraíba,Patos,Bancários
PB,Paraíba,Patos,Belo Horizonte
PB,Paraíba,Patos,Bessa
PB,Paraíba,Patos,Bivar Olinto
PB,Paraíba,Patos,Brasilia
PB,Paraíba,Patos,Cabo Branco
PB,Paraíba,Patos,Caicó
PB,Paraíba,Patos,Centro
PB,Paraíba,Patos,Cicero Torres
PB,Paraíba,Patos,Cristo Redentor
PB,Paraíba,Patos,Distrito Industrial
PB,Paraíba,Patos,Dona Milindra
PB,Paraíba,Patos,Edvaldo Mota
PB,Paraíba,Patos,Ernani Sátiro
PB,Paraíba,Patos,Ilha do Bispo
PB,Paraíba,Patos,Intermares
PB,Paraíba,Patos,Itapetim
PB,Paraíba,Patos,Jardim Bela Vista
PB,Paraíba,Patos,Jardim California
PB,Paraíba,Patos,Jardim Europa
PB,Paraíba,Patos,Jardim Guanabara
PB,Paraíba,Patos,Jardim Lacerda
PB,Paraíba,Patos,Jardim Magnolia
PB,Paraíba,Patos,Jardim Oceania
PB,Paraíba,Patos,Jardim Pedro Firmino
PB,Paraíba,Patos,Jardim Planalto
PB,Paraíba,Patos,Jardim Queiroz
PB,Paraíba,Patos,Jardim Redencao
PB,Paraíba,Patos,Jardim Redencao iii
PB,Paraíba,Patos,Jatoba
PB,Paraíba,Patos,Jose Mariz
PB,Paraíba,Patos,Jua Doce
PB,Paraíba,Patos,Liberdade
PB,Paraíba,Patos,Mangabeira
PB,Paraíba,Patos,Manoel Nascimento
PB,Paraíba,Patos,Maternidade
PB,Paraíba,Patos,Monte Castelo
PB,Paraíba,Patos,Monte Líbano
PB,Paraíba,Patos,Morro
PB,Paraíba,Patos,Noe Trajano
PB,Paraíba,Patos,Nova Brasília
PB,Paraíba,Patos,Nova Conquista
PB,Paraíba,Patos,Novo Horizonte
PB,Paraíba,Patos,Oitizeiro
PB,Paraíba,Patos,Salgadinho
PB,Paraíba,Patos,Santo Antonio
PB,Paraíba,Patos,Sao Sebastiao
PB,Paraíba,Patos,Vila Cavalcante
PB,Paraíba,Patos,Vila Mariana
PB,Paraíba,Patos,Vila Nova
PB,Paraíba,Patos,Vitoria
PB,Paraíba,Patos,Zona Rural
PB,Paraíba,Paulista
PB,Paraíba,Paulista,Centro
PB,Paraíba,Paulista,Santo Amaro
PB,Paraíba,Paulista,Zona Rural
PB,Paraíba,Pedra Branca
PB,Paraíba,Pedra Branca,Centro
PB,Paraíba,Pedra Branca,Zona Rural
PB,Paraíba,Pedra D'Água - Caturite
PB,Paraíba,Pedra D'Água - Caturite,Centro
PB,Paraíba,Pedra D'Água - Caturite,Zona Rural
PB,Paraíba,Pedra Lavrada
PB,Paraíba,Pedra Lavrada,Centro
PB,Paraíba,Pedra Lavrada,Jardim Europa
PB,Paraíba,Pedra Lavrada,Zona Rural
PB,Paraíba,Pedras de Fogo
PB,Paraíba,Pedras de Fogo,Centro
PB,Paraíba,Pedras de Fogo Rural
PB,Paraíba,Pedras de Fogo Rural,Zona Rural
PB,Paraíba,Pedro Régis
PB,Paraíba,Pedro Régis,Centro
PB,Paraíba,Pedro Régis,Zona Rural
PB,Paraíba,Pedro Velho
PB,Paraíba,Pedro Velho,Centro
PB,Paraíba,Pelo Sinal
PB,Paraíba,Pelo Sinal,Centro
PB,Paraíba,Pelo Sinal,Zona Rural
PB,Paraíba,Perímetro Irrigado
PB,Paraíba,Perímetro Irrigado,Centro
PB,Paraíba,Pernambuquinho
PB,Paraíba,Piabucu
PB,Paraíba,Piancó
PB,Paraíba,Piancó,Belo Horizonte
PB,Paraíba,Piancó,Caixa D'agua
PB,Paraíba,Piancó,Campo Novo
PB,Paraíba,Piancó,Centro
PB,Paraíba,Piancó,Felizardo Leite
PB,Paraíba,Piancó,Mutirao
PB,Paraíba,Piancó,Ouro Branco
PB,Paraíba,Piancó,Piancozinho
PB,Paraíba,Piancó,Sao Vicente
PB,Paraíba,Piancó,Severino Remigio
PB,Paraíba,Piancó,Zona Rural
PB,Paraíba,Picuí
PB,Paraíba,Picuí,Cenecista
PB,Paraíba,Picuí,Centro
PB,Paraíba,Picuí,Cj Francisco Adauto
PB,Paraíba,Picuí,Felizardo Bezerra
PB,Paraíba,Picuí,Juscelino Kubitschek
PB,Paraíba,Picuí,Limeira
PB,Paraíba,Picuí,Monte Santo
PB,Paraíba,Picuí,Nova Parnamirim
PB,Paraíba,Picuí,Pedro Salustino
PB,Paraíba,Pilar
PB,Paraíba,Pilar,Augusto Bernardo
PB,Paraíba,Pilar,Centro
PB,Paraíba,Pilar,Ibiranga
PB,Paraíba,Pilar,Maria Reg Concei
PB,Paraíba,Pilar,Sao Jose
PB,Paraíba,Pilões
PB,Paraíba,Pilões,Centro
PB,Paraíba,Pilões,Cj São José
PB,Paraíba,Pilões,Petronio Cunha
PB,Paraíba,Pilões,Zona Rural
PB,Paraíba,Pilõezinhos
PB,Paraíba,Pilõezinhos,Centro
PB,Paraíba,Pilõezinhos,Zona Rural
PB,Paraíba,Pindobal
PB,Paraíba,Pindobal,Zona Rural
PB,Paraíba,Pindurão
PB,Paraíba,Pindurão,Centro
PB,Paraíba,Pinturas
PB,Paraíba,Pio X
PB,Paraíba,Pio X,Centro
PB,Paraíba,Piranhas Velhas
PB,Paraíba,Pirauá
PB,Paraíba,Pirauá,Centro
PB,Paraíba,Pirauá,Zona Rural
PB,Paraíba,Pirpiri - Guarabira
PB,Paraíba,Pirpiri - Guarabira,Centro
PB,Paraíba,Pirpirituba
PB,Paraíba,Pirpirituba,Alto Damiao
PB,Paraíba,Pirpirituba,Caixa D'agua
PB,Paraíba,Pirpirituba,Centro
PB,Paraíba,Pirpirituba,Zona Rural
PB,Paraíba,Pitanga da Estrada
PB,Paraíba,Pitanga da Estrada,Centro
PB,Paraíba,Pitimbu
PB,Paraíba,Pitimbu,Alto Bela Vista
PB,Paraíba,Pitimbu,Centro
PB,Paraíba,Pitimbu,Costa Marli
PB,Paraíba,Pitimbu,Praia Azul
PB,Paraíba,Pitimbu,Praia Marisco
PB,Paraíba,Pitimbu,Senhor Bonfim
PB,Paraíba,Pitombeira - Santana dos Garrotes
PB,Paraíba,Pitombeira - Santana dos Garrotes,Centro
PB,Paraíba,Pitombeira - Santana dos Garrotes,Zona Rural
PB,Paraíba,Pocinhos
PB,Paraíba,Pocinhos,Centro
PB,Paraíba,Pocinhos,Cj Cagepa
PB,Paraíba,Pocinhos,Cruzeiro
PB,Paraíba,Pocinhos,Ivo Benicio
PB,Paraíba,Pocinhos,Jardim Etelvina
PB,Paraíba,Pocinhos,Nova Brasília
PB,Paraíba,Pocinhos,Zona Rural
PB,Paraíba,Poço Dantas
PB,Paraíba,Poço Dantas,Centro
PB,Paraíba,Poço Dantas,Zona Rural
PB,Paraíba,Poço de José de Moura
PB,Paraíba,Poço de José de Moura,Casas Populares
PB,Paraíba,Poço de José de Moura,Centro
PB,Paraíba,Poço Pau
PB,Paraíba,Pombal
PB,Paraíba,Pombal,Água Fria
PB,Paraíba,Pombal,Carvalhada
PB,Paraíba,Pombal,Centro
PB,Paraíba,Pombal,Cruz Menina
PB,Paraíba,Pombal,Estacao
PB,Paraíba,Pombal,Francisco Paulino
PB,Paraíba,Pombal,Guindaste
PB,Paraíba,Pombal,Jandui Carneiro
PB,Paraíba,Pombal,Jardim Rogerio
PB,Paraíba,Pombal,Miramar
PB,Paraíba,Pombal,Nova Vida
PB,Paraíba,Pombal,Pereiros
PB,Paraíba,Pombal,Petropolis
PB,Paraíba,Pombal,Santa Rosa
PB,Paraíba,Pombal,São Bentinho
PB,Paraíba,Pombal,Vida Nova
PB,Paraíba,Pombal,Zona Rural
PB,Paraíba,Pontina
PB,Paraíba,Pontina,Centro
PB,Paraíba,Pontina,Zona Rural
PB,Paraíba,Praia de Campina
PB,Paraíba,Praia de Campina,Centro
PB,Paraíba,Praia de Campina,Zona Rural
PB,Paraíba,Prata
PB,Paraíba,Prata,Centro
PB,Paraíba,Prata,Zona Rural
PB,Paraíba,Princesa Isabel
PB,Paraíba,Princesa Isabel,Aluisio p Lima
PB,Paraíba,Princesa Isabel,Aurora s Diniz
PB,Paraíba,Princesa Isabel,Baixa
PB,Paraíba,Princesa Isabel,Centro
PB,Paraíba,Princesa Isabel,Cruzeiro
PB,Paraíba,Princesa Isabel,Irene Sergio
PB,Paraíba,Princesa Isabel,Jardim Carlota
PB,Paraíba,Princesa Isabel,Macapá
PB,Paraíba,Princesa Isabel,Maia
PB,Paraíba,Princesa Isabel,Matadouro
PB,Paraíba,Princesa Isabel,São Francisco
PB,Paraíba,Princesa Isabel,Zona Rural
PB,Paraíba,Puxinanã
PB,Paraíba,Puxinanã,Bodocongo
PB,Paraíba,Puxinanã,Centro
PB,Paraíba,Puxinanã,Malvina
PB,Paraíba,Puxinanã,Marinho
PB,Paraíba,Puxinanã,Ns Carmo
PB,Paraíba,Puxinanã,Zona Rural
PB,Paraíba,Queimadas
PB,Paraíba,Queimadas,Aníbal Teixeira
PB,Paraíba,Queimadas,Bairro Novo
PB,Paraíba,Queimadas,Caraibeiras
PB,Paraíba,Queimadas,Castanho
PB,Paraíba,Queimadas,Centro
PB,Paraíba,Queimadas,Correia Lima
PB,Paraíba,Queimadas,Distrito Industrial
PB,Paraíba,Queimadas,Ligeiro
PB,Paraíba,Queimadas,Nova Cidade
PB,Paraíba,Queimadas,Vila Campo
PB,Paraíba,Queimadas,Zona Rural
PB,Paraíba,Queimadas - Serra Redonda
PB,Paraíba,Queimadas - Serra Redonda,Centro
PB,Paraíba,Queimadas - Serra Redonda,Zona Rural
PB,Paraíba,Quixabá
PB,Paraíba,Quixabá,Centro
PB,Paraíba,Quixabá,Zona Rural
PB,Paraíba,Ramada
PB,Paraíba,Ramada,Zona Rural
PB,Paraíba,Remígio
PB,Paraíba,Remígio,Centro
PB,Paraíba,Remígio,Lot Santo Antônio
PB,Paraíba,Remígio,Mutirão
PB,Paraíba,Remígio,Padre Cícero
PB,Paraíba,Remígio,Zona Rural
PB,Paraíba,Renascença
PB,Paraíba,Renascença,Centro
PB,Paraíba,Riachão
PB,Paraíba,Riachão,Centro
PB,Paraíba,Riachão,Cj Antônio Mariz
PB,Paraíba,Riachão - São Bento
PB,Paraíba,Riachão - São Bento,Centro
PB,Paraíba,Riachão do Bacamarte
PB,Paraíba,Riachão do Bacamarte,Centro
PB,Paraíba,Riachão do Bacamarte,Zona Rural
PB,Paraíba,Riachão do Poço
PB,Paraíba,Riachão do Poço,Centro
PB,Paraíba,Riacho de Santo Antônio
PB,Paraíba,Riacho de Santo Antônio,Bom Jesus
PB,Paraíba,Riacho de Santo Antônio,Centro
PB,Paraíba,Riacho de Santo Antônio,Zona Rural
PB,Paraíba,Riacho dos Cavalos
PB,Paraíba,Riacho dos Cavalos,Alice Suassuna
PB,Paraíba,Riacho dos Cavalos,Centro
PB,Paraíba,Riacho dos Cavalos,Ney Suassuna
PB,Paraíba,Ribeira - Cabaceiras
PB,Paraíba,Ribeira - Cabaceiras,Centro
PB,Paraíba,Ribeira - Cabaceiras,Zona Rural
PB,Paraíba,Ribeira - Santa Rita
PB,Paraíba,Ribeira - Santa Rita,Zona Rural
PB,Paraíba,Rio Tinto
PB,Paraíba,Rio Tinto,Bonfim
PB,Paraíba,Rio Tinto,Centro
PB,Paraíba,Rio Tinto,Durval Assis
PB,Paraíba,Rio Tinto,Eduardo Ferreira
PB,Paraíba,Rio Tinto,Pedro Romero
PB,Paraíba,Rio Tinto,Sev. Brandão
PB,Paraíba,Rio Tinto,Vila Regina
PB,Paraíba,Rio Tinto,Zona Rural
PB,Paraíba,Rua Nova
PB,Paraíba,Rua Nova,Centro
PB,Paraíba,Salema
PB,Paraíba,Salema,Centro
PB,Paraíba,Salema,Zona Rural
PB,Paraíba,Salgadinho
PB,Paraíba,Salgadinho,Centro
PB,Paraíba,Salgado de São Félix
PB,Paraíba,Salgado de São Félix,Apolinário s Anjos
PB,Paraíba,Salgado de São Félix,Centro
PB,Paraíba,Salgado de São Félix,Zona Rural
PB,Paraíba,Samambaia - Puxinanã
PB,Paraíba,Samambaia - Puxinanã,Centro
PB,Paraíba,Santa Catarina
PB,Paraíba,Santa Catarina,Centro
PB,Paraíba,Santa Cecília
PB,Paraíba,Santa Cecília,Centro
PB,Paraíba,Santa Cruz
PB,Paraíba,Santa Cruz,Centro
PB,Paraíba,Santa Cruz,Populares
PB,Paraíba,Santa Cruz,Sao Francisco
PB,Paraíba,Santa Cruz,Zona Rural
PB,Paraíba,Santa Gertrudes
PB,Paraíba,Santa Gertrudes,Centro
PB,Paraíba,Santa Gertrudes,Zona Rural
PB,Paraíba,Santa Helena
PB,Paraíba,Santa Helena,Antonio Mariz
PB,Paraíba,Santa Helena,Centro
PB,Paraíba,Santa Helena,Mutirao
PB,Paraíba,Santa Helena,Zona Rural
PB,Paraíba,Santa Helena - Cruz do Espírito Santo
PB,Paraíba,Santa Helena - Cruz do Espírito Santo,Centro
PB,Paraíba,Santa Inês
PB,Paraíba,Santa Inês,Centro
PB,Paraíba,Santa Luzia
PB,Paraíba,Santa Luzia,Antonio b Morais
PB,Paraíba,Santa Luzia,Centro
PB,Paraíba,Santa Luzia,Cj Frei Damião
PB,Paraíba,Santa Luzia,Cj Inácio Bento
PB,Paraíba,Santa Luzia,Ernesto Geisel
PB,Paraíba,Santa Luzia,Jardim Vila Nova
PB,Paraíba,Santa Luzia,Mangabeira
PB,Paraíba,Santa Luzia,Ns Fatima
PB,Paraíba,Santa Luzia,Sao Jose
PB,Paraíba,Santa Luzia,Sao Sebastiao
PB,Paraíba,Santa Luzia,Zona Rural
PB,Paraíba,Santa Luzia do Cariri
PB,Paraíba,Santa Luzia do Cariri,Centro
PB,Paraíba,Santa Maria - São João do Tigre
PB,Paraíba,Santa Maria - São João do Tigre,Centro
PB,Paraíba,Santa Maria Gorete
PB,Paraíba,Santa Maria Gorete,Centro
PB,Paraíba,Santa Rita
PB,Paraíba,Santa Rita,40
PB,Paraíba,Santa Rita,Aurea Ribeiro
PB,Paraíba,Santa Rita,Boa Vista
PB,Paraíba,Santa Rita,Centro
PB,Paraíba,Santa Rita,Costa e Silva
PB,Paraíba,Santa Rita,Cruz das Armas
PB,Paraíba,Santa Rita,Distrito Industrial
PB,Paraíba,Santa Rita,Emilia Cavalcante
PB,Paraíba,Santa Rita,Fernando Santiago
PB,Paraíba,Santa Rita,Heitel Santiago
PB,Paraíba,Santa Rita,Jaguaribe
PB,Paraíba,Santa Rita,Jardim Europa
PB,Paraíba,Santa Rita,Jardim Militania
PB,Paraíba,Santa Rita,Jardim Mirassol
PB,Paraíba,Santa Rita,Liberdade
PB,Paraíba,Santa Rita,Manaíra
PB,Paraíba,Santa Rita,Marcos Moura
PB,Paraíba,Santa Rita,Mirasol
PB,Paraíba,Santa Rita,Municipios
PB,Paraíba,Santa Rita,Nice
PB,Paraíba,Santa Rita,Nova Trindade
PB,Paraíba,Santa Rita,Paulo vi
PB,Paraíba,Santa Rita,Planalto
PB,Paraíba,Santa Rita,Planalto Tibiri
PB,Paraíba,Santa Rita,Planalto Tibiri ii
PB,Paraíba,Santa Rita,Popular
PB,Paraíba,Santa Rita,Populares
PB,Paraíba,Santa Rita,Portal Paraiso
PB,Paraíba,Santa Rita,Portal Tibiri
PB,Paraíba,Santa Rita,Porto Moinho
PB,Paraíba,Santa Rita,Santo Amaro
PB,Paraíba,Santa Rita,Sol Nascente
PB,Paraíba,Santa Rita,Tibiri
PB,Paraíba,Santa Rita,Tibiri LL
PB,Paraíba,Santa Rita,Varzea Nova
PB,Paraíba,Santa Rita,Vila Tibiri
PB,Paraíba,Santa Rita,Zona Rural
PB,Paraíba,Santa Rita - Santarém
PB,Paraíba,Santa Teresinha
PB,Paraíba,Santa Teresinha,Alto Rocinha
PB,Paraíba,Santa Teresinha,Centro
PB,Paraíba,Santa Teresinha,Jose Birro
PB,Paraíba,Santa Teresinha,Zona Rural
PB,Paraíba,Santa Terezinha
PB,Paraíba,Santa Terezinha,Bodocongo
PB,Paraíba,Santa Terezinha,Centro
PB,Paraíba,Santa Terezinha,Zona Rural
PB,Paraíba,Santana de Hermínio
PB,Paraíba,Santana de Hermínio,Centro
PB,Paraíba,Santana de Hermínio,Santana Gado Bravo
PB,Paraíba,Santana de Hermínio,Zona Rural
PB,Paraíba,Santana de Mangueira
PB,Paraíba,Santana de Mangueira,Centro
PB,Paraíba,Santana dos Garrotes
PB,Paraíba,Santana dos Garrotes,Centro
PB,Paraíba,Santarém
PB,Paraíba,Santarém,Centro
PB,Paraíba,Santo Aleixo
PB,Paraíba,Santo Aleixo,Centro
PB,Paraíba,Santo Aleixo,Zona Rural
PB,Paraíba,Santo André
PB,Paraíba,Santo André,Centro
PB,Paraíba,São Bentinho
PB,Paraíba,São Bentinho,Centro
PB,Paraíba,São Bentinho,Zona Rural
PB,Paraíba,São Bento
PB,Paraíba,São Bento,Beira Rio
PB,Paraíba,São Bento,Belarmino Lucio
PB,Paraíba,São Bento,Bento Baixo
PB,Paraíba,São Bento,Bosque Piranhas
PB,Paraíba,São Bento,Cabo Branco
PB,Paraíba,São Bento,Centro
PB,Paraíba,São Bento,Dão Silveira
PB,Paraíba,São Bento,Herculano
PB,Paraíba,São Bento,Monte Castelo
PB,Paraíba,São Bento,Portal
PB,Paraíba,São Bento,São Bentinho
PB,Paraíba,São Bento,São Bento
PB,Paraíba,São Bento,São Bento Baixo
PB,Paraíba,São Bento,São Bernardo
PB,Paraíba,São Bento,São José
PB,Paraíba,São Bento,Sudene
PB,Paraíba,São Domingos de Pombal
PB,Paraíba,São Domingos de Pombal,Centro
PB,Paraíba,São Domingos de Pombal,Zona Rural
PB,Paraíba,São Domingos do Cariri
PB,Paraíba,São Domingos do Cariri,Bela Vista
PB,Paraíba,São Domingos do Cariri,Centro
PB,Paraíba,São Domingos do Cariri,Cruzeiro
PB,Paraíba,São Domingos do Cariri,Patio
PB,Paraíba,São Francisco
PB,Paraíba,São Francisco,Centro
PB,Paraíba,São Francisco,Cj Ivone Silveira
PB,Paraíba,São Francisco,Zona Rural
PB,Paraíba,São Gonçalo - Sousa
PB,Paraíba,São Gonçalo - Sousa,Alto Gruta
PB,Paraíba,São Gonçalo - Sousa,Centro
PB,Paraíba,São Gonçalo - Sousa,Nucleo
PB,Paraíba,São Gonçalo - Sousa,Zona Rural
PB,Paraíba,São Gonçalo - Sousa,Zootecnia
PB,Paraíba,São João Bosco
PB,Paraíba,São João do Cariri
PB,Paraíba,São João do Cariri,Centro
PB,Paraíba,São João do Cariri,Sede
PB,Paraíba,São João do Cariri,Zona Rural
PB,Paraíba,São João do Rio do Peixe
PB,Paraíba,São João do Rio do Peixe,Centro
PB,Paraíba,São João do Rio do Peixe,Gruta
PB,Paraíba,São João do Rio do Peixe,Jose Alexandre
PB,Paraíba,São João do Rio do Peixe,Multirao ii
PB,Paraíba,São João do Rio do Peixe,Nelson Maciel
PB,Paraíba,São João do Rio do Peixe,Populares
PB,Paraíba,São João do Rio do Peixe,Zona Rural
PB,Paraíba,São João do Tigre
PB,Paraíba,São João do Tigre,Centro
PB,Paraíba,São João do Tigre,Zona Rural
PB,Paraíba,São José - Bom Jesus
PB,Paraíba,São José da Batalha
PB,Paraíba,São José da Lagoa Tapada
PB,Paraíba,São José da Lagoa Tapada,Celestino
PB,Paraíba,São José da Lagoa Tapada,Centro
PB,Paraíba,São José da Lagoa Tapada,João Cavaco
PB,Paraíba,São José da Lagoa Tapada,Zona Rural
PB,Paraíba,São José da Mata
PB,Paraíba,São José da Mata,Centro
PB,Paraíba,São José da Mata,Zona Rural
PB,Paraíba,São José de Caiana
PB,Paraíba,São José de Caiana,Centro
PB,Paraíba,São José de Espinharas
PB,Paraíba,São José de Espinharas,Centro
PB,Paraíba,São José de Espinharas,Jessé Neto
PB,Paraíba,São José de Espinharas,Titico Gomes
PB,Paraíba,São José de Espinharas,Zona Rural
PB,Paraíba,São José de Piranhas
PB,Paraíba,São José de Piranhas,Alto Boa Vista
PB,Paraíba,São José de Piranhas,Arconcio Pereira
PB,Paraíba,São José de Piranhas,Centro
PB,Paraíba,São José de Piranhas,Frei Damião
PB,Paraíba,São José de Piranhas,Neves Lacerda
PB,Paraíba,São José de Piranhas,Pernambuquinho
PB,Paraíba,São José de Piranhas,Santo Antônio
PB,Paraíba,São José de Piranhas,São Sebastião
PB,Paraíba,São José de Piranhas,Toto Morais
PB,Paraíba,São José de Piranhas,Zona Rural
PB,Paraíba,São José de Princesa
PB,Paraíba,São José de Princesa,Alto Bezerras
PB,Paraíba,São José de Princesa,Centro
PB,Paraíba,São José de Princesa,Santa Rosa
PB,Paraíba,São José de Princesa,Zona Rural
PB,Paraíba,São José do Bonfim
PB,Paraíba,São José do Bonfim,Centro
PB,Paraíba,São José do Bonfim,Zona Rural
PB,Paraíba,São José do Brejo do Cruz
PB,Paraíba,São José do Brejo do Cruz,Centro
PB,Paraíba,São José do Brejo do Cruz,Populares
PB,Paraíba,São José do Brejo do Cruz,Zona Rural
PB,Paraíba,São José do Sabugi
PB,Paraíba,São José do Sabugi,Centro
PB,Paraíba,São José do Sabugi,Zona Rural
PB,Paraíba,São José dos Cordeiros
PB,Paraíba,São José dos Cordeiros,Centro
PB,Paraíba,São José dos Cordeiros,Genival a Queiroz
PB,Paraíba,São José dos Ramos
PB,Paraíba,São José dos Ramos,Centro
PB,Paraíba,São José dos Ramos,Cj Cehap
PB,Paraíba,São José dos Ramos,Ulisses b Araujo
PB,Paraíba,São Mamede
PB,Paraíba,São Mamede,Aeroporto
PB,Paraíba,São Mamede,Agenor Rique Ferreira
PB,Paraíba,São Mamede,Boa Vista
PB,Paraíba,São Mamede,Centro
PB,Paraíba,São Mamede,Jardim Planalto
PB,Paraíba,São Mamede,Pau Darco
PB,Paraíba,São Mamede,Zona Rural
PB,Paraíba,São Miguel
PB,Paraíba,São Miguel - Esperança
PB,Paraíba,São Miguel - Esperança,Centro
PB,Paraíba,São Miguel de Taipu
PB,Paraíba,São Miguel de Taipu,Centro
PB,Paraíba,São Miguel de Taipu,Mutirão
PB,Paraíba,São Pedro - Santa Cruz
PB,Paraíba,São Pedro - Santa Cruz,Centro
PB,Paraíba,São Pedro - Santa Cruz,Zona Rural
PB,Paraíba,São Sebastião
PB,Paraíba,São Sebastião,Centro
PB,Paraíba,São Sebastião,Zona Rural
PB,Paraíba,São Sebastião de Lagoa de Roça
PB,Paraíba,São Sebastião de Lagoa de Roça,Bela
PB,Paraíba,São Sebastião de Lagoa de Roça,Centro
PB,Paraíba,São Sebastião de Lagoa de Roça,Zona Rural
PB,Paraíba,São Sebastião do Umbuzeiro
PB,Paraíba,São Sebastião do Umbuzeiro,Centro
PB,Paraíba,São Sebastião do Umbuzeiro,José Fernandes Neto
PB,Paraíba,São Tomé
PB,Paraíba,São Vicente do Seridó
PB,Paraíba,São Vicente do Seridó,Centro
PB,Paraíba,Sapé
PB,Paraíba,Sapé,Agrovila
PB,Paraíba,Sapé,Bela Vista
PB,Paraíba,Sapé,Brasília
PB,Paraíba,Sapé,Centro
PB,Paraíba,Sapé,Cidade Cristã
PB,Paraíba,Sapé,Cuba Cima
PB,Paraíba,Sapé,Distrito Mecânico
PB,Paraíba,Sapé,José Feliciano
PB,Paraíba,Sapé,José r Baunilha
PB,Paraíba,Sapé,Mutirão
PB,Paraíba,Sapé,Nova Brasília
PB,Paraíba,Sapé,Novo
PB,Paraíba,Sapé,Novo Sapê
PB,Paraíba,Sapé,Portal Sapê ii
PB,Paraíba,Sapé,Renato Ribeiro
PB,Paraíba,Sapé,Rua Nova
PB,Paraíba,Sapé,São Bento
PB,Paraíba,Sapé,São Francisco
PB,Paraíba,Sapé,Terra Nova
PB,Paraíba,Sapé,Zona Rural
PB,Paraíba,Sapucaia
PB,Paraíba,Sapucaia,Centro
PB,Paraíba,Senhor do Bonfim
PB,Paraíba,Seridó
PB,Paraíba,Seridó,Centro
PB,Paraíba,Serra Branca
PB,Paraíba,Serra Branca,Ahu
PB,Paraíba,Serra Branca,Catolé
PB,Paraíba,Serra Branca,Cef ii
PB,Paraíba,Serra Branca,Centro
PB,Paraíba,Serra Branca,Malhada Roca
PB,Paraíba,Serra Branca,Pereiros
PB,Paraíba,Serra Branca,Pilão
PB,Paraíba,Serra Branca,Zona Rural
PB,Paraíba,Serra da Raiz
PB,Paraíba,Serra da Raiz,Centro
PB,Paraíba,Serra da Raiz,Cordeiro
PB,Paraíba,Serra da Raiz,João Alves
PB,Paraíba,Serra da Raiz,Zona Rural
PB,Paraíba,Serra dos Brandões
PB,Paraíba,Serra dos Brandões,Centro
PB,Paraíba,Serra Grande
PB,Paraíba,Serra Grande,Bela Vista
PB,Paraíba,Serra Grande,Centro
PB,Paraíba,Serra Grande,Zona Rural
PB,Paraíba,Serra Rajada
PB,Paraíba,Serra Rajada,Centro
PB,Paraíba,Serra Rajada,Zona Rural
PB,Paraíba,Serra Redonda
PB,Paraíba,Serra Redonda,Antonio Mariz
PB,Paraíba,Serra Redonda,Centro
PB,Paraíba,Serra Redonda,Novo
PB,Paraíba,Serra Redonda,Zona Rural
PB,Paraíba,Serraria
PB,Paraíba,Serraria,Centro
PB,Paraíba,Serraria,Zona Rural
PB,Paraíba,Serraria - Salgadinho
PB,Paraíba,Serraria - Salgadinho,Centro
PB,Paraíba,Serraria - Salgadinho,Zona Rural
PB,Paraíba,Sertãozinho
PB,Paraíba,Sertãozinho,Centro
PB,Paraíba,Sertãozinho,Cj Pedro Vieira
PB,Paraíba,Silvestre
PB,Paraíba,Sítio Bonita
PB,Paraíba,Sítio Bonita,Centro
PB,Paraíba,Sítio Maravilha
PB,Paraíba,Sítio Maravilha,Centro
PB,Paraíba,Sítio Torres de Baixo
PB,Paraíba,Sítio Torres de Baixo,Centro
PB,Paraíba,Sobrado
PB,Paraíba,Sobrado,Centro
PB,Paraíba,Sobrado,Paulo Rolim
PB,Paraíba,Socorro
PB,Paraíba,Socorro,Centro
PB,Paraíba,Solânea
PB,Paraíba,Solânea,Alto Branco
PB,Paraíba,Solânea,Baixio
PB,Paraíba,Solânea,Centro
PB,Paraíba,Solânea,Cj Padre Cícero
PB,Paraíba,Solânea,Epifânio
PB,Paraíba,Solânea,Epifânio Plácido
PB,Paraíba,Solânea,Padre Leonardo
PB,Paraíba,Solânea,Rosário
PB,Paraíba,Solânea,Santa Tereza
PB,Paraíba,Solânea,Zona Rural
PB,Paraíba,Soledade
PB,Paraíba,Soledade,Cehap
PB,Paraíba,Soledade,Centro
PB,Paraíba,Soledade,Jardim Cruzeiros
PB,Paraíba,Soledade,Mutirão
PB,Paraíba,Soledade,Nova Soledade
PB,Paraíba,Soledade,Santa Tereza
PB,Paraíba,Soledade,São José
PB,Paraíba,Soledade,Zona Rural
PB,Paraíba,Sossego
PB,Paraíba,Sossego,Centro
PB,Paraíba,Sossego,Zona Rural
PB,Paraíba,Sousa
PB,Paraíba,Sousa,Alto Branco
PB,Paraíba,Sousa,Alto Capanema
PB,Paraíba,Sousa,Alto Cruzeiro
PB,Paraíba,Sousa,Andre Gadelha
PB,Paraíba,Sousa,Angelim
PB,Paraíba,Sousa,Antonio Mariz
PB,Paraíba,Sousa,Areia
PB,Paraíba,Sousa,Augusto Braga
PB,Paraíba,Sousa,Bancários
PB,Paraíba,Sousa,Bela Vista
PB,Paraíba,Sousa,Catolé
PB,Paraíba,Sousa,Cehap
PB,Paraíba,Sousa,Centro
PB,Paraíba,Sousa,Ernani Sátiro
PB,Paraíba,Sousa,Estacao
PB,Paraíba,Sousa,Estreito
PB,Paraíba,Sousa,Frei Damiao
PB,Paraíba,Sousa,Gato Preto
PB,Paraíba,Sousa,Guanabara
PB,Paraíba,Sousa,JARDIM BELA VISTA
PB,Paraíba,Sousa,Jardim Brasilia
PB,Paraíba,Sousa,Jardim Dizerer
PB,Paraíba,Sousa,Jardim Iracema
PB,Paraíba,Sousa,Jardim Oásis
PB,Paraíba,Sousa,Jardim Santana
PB,Paraíba,Sousa,Jardim Sorrilandia
PB,Paraíba,Sousa,Jose Lins Rego
PB,Paraíba,Sousa,Maria Lourdes S Meir
PB,Paraíba,Sousa,Mutirao
PB,Paraíba,Sousa,Ns Fatima
PB,Paraíba,Sousa,Prq Granjeiro
PB,Paraíba,Sousa,Raquel Gadelha
PB,Paraíba,Sousa,Sao Jose
PB,Paraíba,Sousa,Várzea da Cruz
PB,Paraíba,Sousa,Zona Rural
PB,Paraíba,Sousa,Zu Silva
PB,Paraíba,Subauma
PB,Paraíba,Subauma,Centro
PB,Paraíba,Sumé
PB,Paraíba,Sumé,Alto Alegre
PB,Paraíba,Sumé,Alto Mocidade
PB,Paraíba,Sumé,Centro
PB,Paraíba,Sumé,Frei Damiao
PB,Paraíba,Sumé,Mandacaru
PB,Paraíba,Sumé,Ouro Velho
PB,Paraíba,Sumé,Renascer
PB,Paraíba,Sumé,Santa Rosa
PB,Paraíba,Sumé,Sebastiao Vitorino
PB,Paraíba,Sumé,Varzea Redonda
PB,Paraíba,Sumé,Zona Rural
PB,Paraíba,Tabatinga
PB,Paraíba,Taberaba
PB,Paraíba,Taberaba,Centro
PB,Paraíba,Taberaba,Zona Rural
PB,Paraíba,Tabocas - Itatuba
PB,Paraíba,Tabocas - Itatuba,Centro
PB,Paraíba,Tabocas - Serra Redonda
PB,Paraíba,Tabocas - Serra Redonda,Centro
PB,Paraíba,Tabuleiro
PB,Paraíba,Tabuleiro,Centro
PB,Paraíba,Tabuleiro,Zona Rural
PB,Paraíba,Tainha
PB,Paraíba,Tambor
PB,Paraíba,Tambor
PB,Paraíba,Tanques - Poço Dantas
PB,Paraíba,Tanques - Poço Dantas,Centro
PB,Paraíba,Taperoá
PB,Paraíba,Taperoá,Alto
PB,Paraíba,Taperoá,BESSA
PB,Paraíba,Taperoá,Cehap
PB,Paraíba,Taperoá,Centro
PB,Paraíba,Taperoá,Nova Geracao
PB,Paraíba,Taperoá,Sao Jose
PB,Paraíba,Taperoá,Solidariedade
PB,Paraíba,Taperoá,Vila Popular
PB,Paraíba,Taperoá,Zona Rural
PB,Paraíba,Taquara
PB,Paraíba,Taquara,Centro
PB,Paraíba,Tataíra
PB,Paraíba,Tataíra,Centro
PB,Paraíba,Tavares
PB,Paraíba,Tavares,Centro
PB,Paraíba,Tavares,Sao Sebastiao
PB,Paraíba,Tavares,Zona Rural
PB,Paraíba,Teixeira
PB,Paraíba,Teixeira,Centro
PB,Paraíba,Teixeira,Nova Teixeira
PB,Paraíba,Teixeira,Santo Antonio
PB,Paraíba,Teixeira,Vila Feliz
PB,Paraíba,Teixeira,Zona Rural
PB,Paraíba,Tenório
PB,Paraíba,Tenório,Centro
PB,Paraíba,Tramataia
PB,Paraíba,Tramataia,Centro
PB,Paraíba,Triunfo
PB,Paraíba,Triunfo,Bela Vista
PB,Paraíba,Triunfo,Centro
PB,Paraíba,Triunfo,Francisco Liberato
PB,Paraíba,Triunfo,Luiz Gomes Brito
PB,Paraíba,Triunfo,Zona Rural
PB,Paraíba,Uiraúna
PB,Paraíba,Uiraúna,Ananias a Figueiredo
PB,Paraíba,Uiraúna,Bela Vista
PB,Paraíba,Uiraúna,Belem Novo
PB,Paraíba,Uiraúna,Centro
PB,Paraíba,Uiraúna,Cristo Rei
PB,Paraíba,Uiraúna,Frei Damiao
PB,Paraíba,Uiraúna,Raimundo Daniel
PB,Paraíba,Uiraúna,Retiro
PB,Paraíba,Uiraúna,Sao Jose
PB,Paraíba,Uiraúna,Zona Rural
PB,Paraíba,Umbuzeiro
PB,Paraíba,Umbuzeiro,Centro
PB,Paraíba,Umbuzeiro,Zona Rural
PB,Paraíba,Una São José
PB,Paraíba,Una São José,Centro
PB,Paraíba,Una São José,Zona Rural
PB,Paraíba,Usina São João
PB,Paraíba,Várzea
PB,Paraíba,Várzea,Centro
PB,Paraíba,Várzea,Ipueira
PB,Paraíba,Várzea,Zona Rural
PB,Paraíba,Várzea Comprida do Timbo
PB,Paraíba,Várzea Comprida do Timbo,Centro
PB,Paraíba,Várzea Comprida do Timbo,Distrito Timbo
PB,Paraíba,Várzea Comprida do Timbo,Zona Rural
PB,Paraíba,Várzea de Emas
PB,Paraíba,Várzea de Emas,Centro
PB,Paraíba,Várzea de Emas,Zona Rural
PB,Paraíba,Várzea Grande
PB,Paraíba,Viana
PB,Paraíba,Viana,Centro
PB,Paraíba,Viana,Zona Rural
PB,Paraíba,Vieirópolis
PB,Paraíba,Vieirópolis,Centro
PB,Paraíba,Vieirópolis,Zona Rural
PB,Paraíba,Vila da Várzea
PB,Paraíba,Vila da Várzea,Centro
PB,Paraíba,Vila da Várzea,Zona Rural
PB,Paraíba,Vila Roma
PB,Paraíba,Vila Roma,Centro
PB,Paraíba,Vila Roma,Zona Rural
PB,Paraíba,Vila Santa Luzia
PB,Paraíba,Vila Santa Luzia,Centro
PB,Paraíba,Vila Santa Luzia,Zona Rural
PB,Paraíba,Vista Serrana
PB,Paraíba,Vista Serrana,Antonio Marques
PB,Paraíba,Vista Serrana,Centro
PB,Paraíba,Vista Serrana,Zona Rural
PB,Paraíba,Zabelê
PB,Paraíba,Zabelê,Centro
PB,Paraíba,Zabelê,Zona Rural 
PB,Paraíba,Zé Velho
PB,Paraíba,Zé Velho,Centro
PB,Paraíba,Zé Velho,Zona Rural
PB,Paraíba,Zumbi - Alagoa Grande
PB,Paraíba,Zumbi - Alagoa Grande,Centro
PB,Paraíba,Zumbi - Queimadas
PB,Paraíba,Zumbi - Queimadas,Centro
PB,Paraíba,Zumbi - Queimadas,Zona Rural
