RN,Rio Grande do Norte
RN,Rio Grande do Norte,Natal
RN,Rio Grande do Norte,Natal,Abolição III
RN,Rio Grande do Norte,Natal,Aeroporto II
RN,Rio Grande do Norte,Natal,Água Nova
RN,Rio Grande do Norte,Natal,Alecrim
RN,Rio Grande do Norte,Natal,Alianca
RN,Rio Grande do Norte,Natal,Altiplano
RN,Rio Grande do Norte,Natal,Amarante
RN,Rio Grande do Norte,Natal,Antônio Bezerra
RN,Rio Grande do Norte,Natal,Areia Preta
RN,Rio Grande do Norte,Natal,Arizona
RN,Rio Grande do Norte,Natal,Baldo
RN,Rio Grande do Norte,Natal,Barro Vermelho
RN,Rio Grande do Norte,Natal,BARROCAS\DOZE ANOS
RN,Rio Grande do Norte,Natal,Boa Vista
RN,Rio Grande do Norte,Natal,Bom Pastor
RN,Rio Grande do Norte,Natal,Caicó
RN,Rio Grande do Norte,Natal,Campinas
RN,Rio Grande do Norte,Natal,Campo Alegre
RN,Rio Grande do Norte,Natal,Candelária
RN,Rio Grande do Norte,Natal,Capim Macio
RN,Rio Grande do Norte,Natal,Capim Melo
RN,Rio Grande do Norte,Natal,Ceará Mirim
RN,Rio Grande do Norte,Natal,Centro
RN,Rio Grande do Norte,Natal,Cidade Alta
RN,Rio Grande do Norte,Natal,Cidade Esperanca
RN,Rio Grande do Norte,Natal,Cidade Jardim
RN,Rio Grande do Norte,Natal,Cidade Nova
RN,Rio Grande do Norte,Natal,Cidade Satelite
RN,Rio Grande do Norte,Natal,Cidade Verde
RN,Rio Grande do Norte,Natal,Cj Calcanhar
RN,Rio Grande do Norte,Natal,Cj Cohab
RN,Rio Grande do Norte,Natal,Cj Jardim Aeroporto
RN,Rio Grande do Norte,Natal,Cj Jardim Petrópolis
RN,Rio Grande do Norte,Natal,Cj Santa Catarina
RN,Rio Grande do Norte,Natal,Conjunto Alagamar
RN,Rio Grande do Norte,Natal,Conjunto Gramore
RN,Rio Grande do Norte,Natal,Conjunto Jardim Acácia
RN,Rio Grande do Norte,Natal,Conjunto Jardim América
RN,Rio Grande do Norte,Natal,Conjunto Jiqui
RN,Rio Grande do Norte,Natal,Conjunto Mirassol
RN,Rio Grande do Norte,Natal,Conjunto Morada Natal Sul
RN,Rio Grande do Norte,Natal,Conjunto Natal Sul
RN,Rio Grande do Norte,Natal,Conjunto Nova Natal
RN,Rio Grande do Norte,Natal,Conjunto Parque Coqueiros
RN,Rio Grande do Norte,Natal,Conjunto Piranci
RN,Rio Grande do Norte,Natal,Conjunto Pirangi
RN,Rio Grande do Norte,Natal,Conjunto Piranji
RN,Rio Grande do Norte,Natal,Conjunto Princeza Izabel
RN,Rio Grande do Norte,Natal,Conjunto Santarém
RN,Rio Grande do Norte,Natal,Conjunto Soledade II
RN,Rio Grande do Norte,Natal,Coqueiral
RN,Rio Grande do Norte,Natal,Cruz das Armas
RN,Rio Grande do Norte,Natal,Currais Novos
RN,Rio Grande do Norte,Natal,Distrito Industrial
RN,Rio Grande do Norte,Natal,Dix - Sert Rosado
RN,Rio Grande do Norte,Natal,Dix Sept Rosado
RN,Rio Grande do Norte,Natal,Dixsept Rosário
RN,Rio Grande do Norte,Natal,Dom Eliseu
RN,Rio Grande do Norte,Natal,Dom Jaime Câmara
RN,Rio Grande do Norte,Natal,Dom Pedro i
RN,Rio Grande do Norte,Natal,Emaus
RN,Rio Grande do Norte,Natal,Esperanca
RN,Rio Grande do Norte,Natal,Felipe Camarao
RN,Rio Grande do Norte,Natal,Fundão
RN,Rio Grande do Norte,Natal,Golandim
RN,Rio Grande do Norte,Natal,Guajiru
RN,Rio Grande do Norte,Natal,Guarapes
RN,Rio Grande do Norte,Natal,Guaratiba
RN,Rio Grande do Norte,Natal,Ibura
RN,Rio Grande do Norte,Natal,Igapo
RN,Rio Grande do Norte,Natal,Itanhangá
RN,Rio Grande do Norte,Natal,Jaqueline
RN,Rio Grande do Norte,Natal,Jardim Brasil
RN,Rio Grande do Norte,Natal,Jardim das Acácias
RN,Rio Grande do Norte,Natal,Jardim Lola
RN,Rio Grande do Norte,Natal,Jardim Progresso
RN,Rio Grande do Norte,Natal,Lagoa Azul
RN,Rio Grande do Norte,Natal,Lagoa Nova
RN,Rio Grande do Norte,Natal,Lagoa Nova II
RN,Rio Grande do Norte,Natal,Lagoa Seca
RN,Rio Grande do Norte,Natal,Latino
RN,Rio Grande do Norte,Natal,Logoa Nova
RN,Rio Grande do Norte,Natal,Loteamento Algimar
RN,Rio Grande do Norte,Natal,Loteamento Câmara Cascudo
RN,Rio Grande do Norte,Natal,Loteamento Mar Del Plata
RN,Rio Grande do Norte,Natal,Lotm Nova República
RN,Rio Grande do Norte,Natal,Macaíba
RN,Rio Grande do Norte,Natal,Mae Luiza
RN,Rio Grande do Norte,Natal,Manaíra
RN,Rio Grande do Norte,Natal,Maria da Graça
RN,Rio Grande do Norte,Natal,Monte Alegre
RN,Rio Grande do Norte,Natal,Monte Castelo
RN,Rio Grande do Norte,Natal,Morro Branco
RN,Rio Grande do Norte,Natal,Mossoró
RN,Rio Grande do Norte,Natal,Mossoro/Areia Branc
RN,Rio Grande do Norte,Natal,Município de Açú
RN,Rio Grande do Norte,Natal,Município S Miguel
RN,Rio Grande do Norte,Natal,N S da Apresentação
RN,Rio Grande do Norte,Natal,N. S. de Nazaré
RN,Rio Grande do Norte,Natal,N. Sra de Nazaré
RN,Rio Grande do Norte,Natal,Nazaré
RN,Rio Grande do Norte,Natal,Neopolis
RN,Rio Grande do Norte,Natal,Nordelandia
RN,Rio Grande do Norte,Natal,Nordeste
RN,Rio Grande do Norte,Natal,Nossa Senhora da Apresent
RN,Rio Grande do Norte,Natal,Nossa Senhora da Apresentação
RN,Rio Grande do Norte,Natal,Nossa Senhora de Nazaré
RN,Rio Grande do Norte,Natal,Nova Cidade
RN,Rio Grande do Norte,Natal,Nova Descoberta
RN,Rio Grande do Norte,Natal,Nova Desconerta
RN,Rio Grande do Norte,Natal,Nova Parnamarim
RN,Rio Grande do Norte,Natal,Nova Parnamerim
RN,Rio Grande do Norte,Natal,Nova Parnamirim
RN,Rio Grande do Norte,Natal,Nova Republica
RN,Rio Grande do Norte,Natal,Nova Zelandia
RN,Rio Grande do Norte,Natal,Novo Amarante
RN,Rio Grande do Norte,Natal,Ns Apresentação
RN,Rio Grande do Norte,Natal,NS de Nazaré
RN,Rio Grande do Norte,Natal,NSª da Apresentação
RN,Rio Grande do Norte,Natal,NSª Nazaré
RN,Rio Grande do Norte,Natal,NSrª de Nazaré
RN,Rio Grande do Norte,Natal,Olho D'agua Carrilho
RN,Rio Grande do Norte,Natal,Pajucara
RN,Rio Grande do Norte,Natal,Pajussara
RN,Rio Grande do Norte,Natal,Panatis
RN,Rio Grande do Norte,Natal,Panatis ii
RN,Rio Grande do Norte,Natal,Panatis iii
RN,Rio Grande do Norte,Natal,Paraú
RN,Rio Grande do Norte,Natal,Parnamirim
RN,Rio Grande do Norte,Natal,Parque Colinas
RN,Rio Grande do Norte,Natal,Parque das Dunas
RN,Rio Grande do Norte,Natal,Parque Exposicao
RN,Rio Grande do Norte,Natal,Parque Floresta
RN,Rio Grande do Norte,Natal,Parque Industrial
RN,Rio Grande do Norte,Natal,Passagem de Areia
RN,Rio Grande do Norte,Natal,Passo Patria
RN,Rio Grande do Norte,Natal,Petrópilis
RN,Rio Grande do Norte,Natal,Petropolis
RN,Rio Grande do Norte,Natal,Piraji III Etapa
RN,Rio Grande do Norte,Natal,Pirangi do Norte
RN,Rio Grande do Norte,Natal,Pirangi III Etapa
RN,Rio Grande do Norte,Natal,Piranji ii
RN,Rio Grande do Norte,Natal,Pitimbu
RN,Rio Grande do Norte,Natal,Planalto
RN,Rio Grande do Norte,Natal,Ponta Grossa
RN,Rio Grande do Norte,Natal,Ponta Negra
RN,Rio Grande do Norte,Natal,Ponto Negra
RN,Rio Grande do Norte,Natal,Potengi
RN,Rio Grande do Norte,Natal,Potilândia
RN,Rio Grande do Norte,Natal,Praia Meio
RN,Rio Grande do Norte,Natal,Quintas
RN,Rio Grande do Norte,Natal,Quintino Cunha
RN,Rio Grande do Norte,Natal,Redenção
RN,Rio Grande do Norte,Natal,Redinha
RN,Rio Grande do Norte,Natal,Redinha Nova
RN,Rio Grande do Norte,Natal,Rego Moleiro
RN,Rio Grande do Norte,Natal,Rego Muleiro
RN,Rio Grande do Norte,Natal,Ribeira
RN,Rio Grande do Norte,Natal,Rocas
RN,Rio Grande do Norte,Natal,Rosa dos Ventos
RN,Rio Grande do Norte,Natal,Salinas
RN,Rio Grande do Norte,Natal,San Vale
RN,Rio Grande do Norte,Natal,Santa Cruz
RN,Rio Grande do Norte,Natal,Santa Ines
RN,Rio Grande do Norte,Natal,Santa Rita
RN,Rio Grande do Norte,Natal,Santa Tereza
RN,Rio Grande do Norte,Natal,Santos Reis
RN,Rio Grande do Norte,Natal,São Gonçalo
RN,Rio Grande do Norte,Natal,São Gonçalo Amarant
RN,Rio Grande do Norte,Natal,Satelite
RN,Rio Grande do Norte,Natal,Secretário
RN,Rio Grande do Norte,Natal,Sem Bairro
RN,Rio Grande do Norte,Natal,Serra do Mel
RN,Rio Grande do Norte,Natal,Setor Industrial
RN,Rio Grande do Norte,Natal,Tejipió
RN,Rio Grande do Norte,Natal,Tirol
RN,Rio Grande do Norte,Natal,Torre
RN,Rio Grande do Norte,Natal,Treze de Maio
RN,Rio Grande do Norte,Natal,Urucuia
RN,Rio Grande do Norte,Natal,Vale do Patimbu
RN,Rio Grande do Norte,Natal,Vale Do Sol
RN,Rio Grande do Norte,Natal,Vale Dourado
RN,Rio Grande do Norte,Natal,Vila Paraiso
RN,Rio Grande do Norte,Natal,Vila Peri
RN,Rio Grande do Norte,Natal,Vila Ponta Negra
RN,Rio Grande do Norte,Natal,Vitória
RN,Rio Grande do Norte,Natal,Weda Nova
RN,Rio Grande do Norte,Natal,Wona
RN,Rio Grande do Norte,Acari
RN,Rio Grande do Norte,Acari,Acari
RN,Rio Grande do Norte,Acari,Ari Pinho
RN,Rio Grande do Norte,Acari,Currais Novos
RN,Rio Grande do Norte,Acari,Luiz Gonzaga
RN,Rio Grande do Norte,Acari,Novo Acari
RN,Rio Grande do Norte,Acari,Petropolis
RN,Rio Grande do Norte,Acari,Tarcisio b Galvao
RN,Rio Grande do Norte,Açu
RN,Rio Grande do Norte,Açu,5 Farol
RN,Rio Grande do Norte,Açu,5ª Do Farol
RN,Rio Grande do Norte,Açu,Abolição IV
RN,Rio Grande do Norte,Açu,Acauã
RN,Rio Grande do Norte,Açu,Acu
RN,Rio Grande do Norte,Açu,Alto Sao Francisco
RN,Rio Grande do Norte,Açu,Bela Vista
RN,Rio Grande do Norte,Açu,Belo Horizonte
RN,Rio Grande do Norte,Açu,Centro
RN,Rio Grande do Norte,Açu,Cohab
RN,Rio Grande do Norte,Açu,Cuia
RN,Rio Grande do Norte,Açu,Dom Eliseu
RN,Rio Grande do Norte,Açu,Dom Jaime Câmara
RN,Rio Grande do Norte,Açu,Espaco Verde
RN,Rio Grande do Norte,Açu,Espaco Vivo
RN,Rio Grande do Norte,Açu,Feliz Açú
RN,Rio Grande do Norte,Açu,Flor Mato
RN,Rio Grande do Norte,Açu,Frutilândia
RN,Rio Grande do Norte,Açu,Garcia
RN,Rio Grande do Norte,Açu,Ipanguacu
RN,Rio Grande do Norte,Açu,Ipe
RN,Rio Grande do Norte,Açu,Janduis
RN,Rio Grande do Norte,Açu,Jardim Promorar
RN,Rio Grande do Norte,Açu,Lagoa Ferreiro
RN,Rio Grande do Norte,Açu,Linda Flor
RN,Rio Grande do Norte,Açu,Meus Amores
RN,Rio Grande do Norte,Açu,Nossa Senhora da Apresentação
RN,Rio Grande do Norte,Açu,Novo Horizonte
RN,Rio Grande do Norte,Açu,Panon ii
RN,Rio Grande do Norte,Açu,Parati 2000
RN,Rio Grande do Norte,Açu,Potengi
RN,Rio Grande do Norte,Açu,Promorar
RN,Rio Grande do Norte,Açu,São João
RN,Rio Grande do Norte,Açu,Vertente
RN,Rio Grande do Norte,Açu,Vertentes
RN,Rio Grande do Norte,Açu,Vista Bela
RN,Rio Grande do Norte,Açu,Zona Rural
RN,Rio Grande do Norte,Afonso Bezerra
RN,Rio Grande do Norte,Afonso Bezerra,Afonso Bezerra
RN,Rio Grande do Norte,Afonso Bezerra,Centro
RN,Rio Grande do Norte,Afonso Bezerra,Cohab
RN,Rio Grande do Norte,Água Nova
RN,Rio Grande do Norte,Água Nova,Agua Nova
RN,Rio Grande do Norte,Água Nova,Pau Dos Ferros
RN,Rio Grande do Norte,Alcacus
RN,Rio Grande do Norte,Alcacus,Alcancus
RN,Rio Grande do Norte,Alexandria
RN,Rio Grande do Norte,Alexandria,Alexandria
RN,Rio Grande do Norte,Alexandria,Cascalho
RN,Rio Grande do Norte,Alexandria,Centro
RN,Rio Grande do Norte,Almino Afonso
RN,Rio Grande do Norte,Almino Afonso,Almino Afonso
RN,Rio Grande do Norte,Almino Afonso,Boa Vista
RN,Rio Grande do Norte,Almino Afonso,Centro
RN,Rio Grande do Norte,Almino Afonso,Coroado
RN,Rio Grande do Norte,Almino Afonso,Estacao
RN,Rio Grande do Norte,Almino Afonso,Francisco g Carlos
RN,Rio Grande do Norte,Almino Afonso,Maroca Carlos
RN,Rio Grande do Norte,Alto do Rodrigues
RN,Rio Grande do Norte,Alto do Rodrigues,Alto Alegre
RN,Rio Grande do Norte,Alto do Rodrigues,Alto Rodrigues
RN,Rio Grande do Norte,Alto do Rodrigues,Caicó
RN,Rio Grande do Norte,Alto do Rodrigues,Centro
RN,Rio Grande do Norte,Alto do Rodrigues,Cohab
RN,Rio Grande do Norte,Angicos
RN,Rio Grande do Norte,Angicos,Açú
RN,Rio Grande do Norte,Angicos,Alto Alegria
RN,Rio Grande do Norte,Angicos,Alto Esperanca
RN,Rio Grande do Norte,Angicos,Alto Granja
RN,Rio Grande do Norte,Angicos,Alto Triangulo
RN,Rio Grande do Norte,Angicos,Angicos
RN,Rio Grande do Norte,Angicos,Centro
RN,Rio Grande do Norte,Angicos,Cidade Nova
RN,Rio Grande do Norte,Angicos,Nova Parnamirim
RN,Rio Grande do Norte,Aningas
RN,Rio Grande do Norte,Aningas,Aningas
RN,Rio Grande do Norte,Antônio Martins
RN,Rio Grande do Norte,Antônio Martins,Antonio Martins
RN,Rio Grande do Norte,Antônio Martins,Centro
RN,Rio Grande do Norte,Apanha-Peixe
RN,Rio Grande do Norte,Apanha-Peixe,Centro
RN,Rio Grande do Norte,Apodi
RN,Rio Grande do Norte,Apodi,Apodi
RN,Rio Grande do Norte,Apodi,Centro
RN,Rio Grande do Norte,Apodi,Cohab
RN,Rio Grande do Norte,Apodi,Pau dos Ferros
RN,Rio Grande do Norte,Apodi,Rodoviaria
RN,Rio Grande do Norte,Apodi,São João
RN,Rio Grande do Norte,Araçá
RN,Rio Grande do Norte,Araçá,Araca
RN,Rio Grande do Norte,Arapuã
RN,Rio Grande do Norte,Arapuã,Arapua
RN,Rio Grande do Norte,Areia Branca
RN,Rio Grande do Norte,Areia Branca,Areia Branca
RN,Rio Grande do Norte,Areia Branca,Centro
RN,Rio Grande do Norte,Areia Branca,Cohab
RN,Rio Grande do Norte,Areia Branca,Ipe
RN,Rio Grande do Norte,Areia Branca,Moranguinho
RN,Rio Grande do Norte,Areia Branca,Mossoró
RN,Rio Grande do Norte,Areia Branca,Nordeste
RN,Rio Grande do Norte,Areia Branca,Ns Navegantes
RN,Rio Grande do Norte,Areia Branca,Plataforma
RN,Rio Grande do Norte,Areia Branca,Praia Upanema
RN,Rio Grande do Norte,Areia Branca,Projeto Crescer
RN,Rio Grande do Norte,Areia Branca,Salinopolis
RN,Rio Grande do Norte,Areia Branca,Somoban
RN,Rio Grande do Norte,Areia Branca - Canguaretama
RN,Rio Grande do Norte,Areia Branca - Canguaretama,Areia Branca
RN,Rio Grande do Norte,Areias Alvas
RN,Rio Grande do Norte,Areias Alvas,Areias Alvas
RN,Rio Grande do Norte,Arenã
RN,Rio Grande do Norte,Arenã,Arena
RN,Rio Grande do Norte,Arez
RN,Rio Grande do Norte,Arez,Arez
RN,Rio Grande do Norte,Arez,Centro
RN,Rio Grande do Norte,Arisco de Gameleira
RN,Rio Grande do Norte,Arisco de Gameleira,Arisco Gameleiras
RN,Rio Grande do Norte,Aroeira Direita
RN,Rio Grande do Norte,Aroeira Direita,Aroeira
RN,Rio Grande do Norte,Assentamento Alto da Felicidade I
RN,Rio Grande do Norte,Assentamento Antônio Conselheiro
RN,Rio Grande do Norte,Assentamento Antônio Conselheiro,Antonio Conselheiro
RN,Rio Grande do Norte,Assentamento Aracati
RN,Rio Grande do Norte,Assentamento Aracati,Assentamento Aracati
RN,Rio Grande do Norte,Assentamento Boa Vista
RN,Rio Grande do Norte,Assentamento Bom Lugar
RN,Rio Grande do Norte,Assentamento Bom Lugar,Assentamento Bom Lug
RN,Rio Grande do Norte,Assentamento Espinheiro
RN,Rio Grande do Norte,Assentamento Espírito Santo
RN,Rio Grande do Norte,Assentamento Espírito Santo,Assentamento e Santo
RN,Rio Grande do Norte,Assentamento Espírito Santo,Ceara Mirim
RN,Rio Grande do Norte,Assentamento Fazenda Palheiros
RN,Rio Grande do Norte,Assentamento Guarapes
RN,Rio Grande do Norte,Assentamento Modelo II
RN,Rio Grande do Norte,Assentamento Nova Esperança II
RN,Rio Grande do Norte,Assentamento Novo Horizonte II
RN,Rio Grande do Norte,Assentamento Oziel Alves
RN,Rio Grande do Norte,Assentamento Pirangi
RN,Rio Grande do Norte,Assentamento Poço Novo
RN,Rio Grande do Norte,Assentamento Poço Novo,Poco Novo
RN,Rio Grande do Norte,Assentamento Potengi
RN,Rio Grande do Norte,Assentamento Potengi,Assentamento Potengi
RN,Rio Grande do Norte,Assentamento Quilombo dos Palmares
RN,Rio Grande do Norte,Assentamento Quilombo dos Palmares,Quilombo Palmares
RN,Rio Grande do Norte,Assentamento Santo Antônio
RN,Rio Grande do Norte,Assentamento Santo Antônio,Touros
RN,Rio Grande do Norte,Assentamento São José Pedregulho
RN,Rio Grande do Norte,Assentamento São Romão
RN,Rio Grande do Norte,Assentamento São Sebastião 3
RN,Rio Grande do Norte,Assentamento Tocantins
RN,Rio Grande do Norte,Assentamento Umarizeiro
RN,Rio Grande do Norte,Assentamento Vingt Rosado
RN,Rio Grande do Norte,Baía Formosa
RN,Rio Grande do Norte,Baía Formosa,Baia Formosa
RN,Rio Grande do Norte,Baía Formosa,Centro
RN,Rio Grande do Norte,Baixa do Meio I
RN,Rio Grande do Norte,Baixa do Meio I,Baixa Meio
RN,Rio Grande do Norte,Baixa do Meio I,Vila Nova
RN,Rio Grande do Norte,Baixa do Quim-Quim
RN,Rio Grande do Norte,Baixa do Quim-Quim,Baixa Quim Quim
RN,Rio Grande do Norte,Barão de Serra Branca
RN,Rio Grande do Norte,Barão de Serra Branca,Barao Serra Branca
RN,Rio Grande do Norte,Baraúna
RN,Rio Grande do Norte,Baraúna,Barauna
RN,Rio Grande do Norte,Baraúna,Centro
RN,Rio Grande do Norte,Baraúna,Zona Rural
RN,Rio Grande do Norte,Barcelona
RN,Rio Grande do Norte,Barcelona,Barcelona
RN,Rio Grande do Norte,Barra de Cunhaú
RN,Rio Grande do Norte,Barra de Cunhaú,Barra Cunhau
RN,Rio Grande do Norte,Barra de Cunhaú,Centro
RN,Rio Grande do Norte,Barra de Cunhaú,Planalto
RN,Rio Grande do Norte,Barra de São Pedro
RN,Rio Grande do Norte,Barra de São Pedro,Serra Negra Norte
RN,Rio Grande do Norte,Barra de Tabatinga
RN,Rio Grande do Norte,Barra de Tabatinga,Barra Tabatinga
RN,Rio Grande do Norte,Barra de Tabatinga,Barreta
RN,Rio Grande do Norte,Barra de Tabatinga,Camurupim
RN,Rio Grande do Norte,Barra de Tabatinga,Nisia Floresta
RN,Rio Grande do Norte,Barra do Geraldo
RN,Rio Grande do Norte,Barra do Geraldo,Barra Geraldo
RN,Rio Grande do Norte,Barra do Rio - Extremoz
RN,Rio Grande do Norte,Barra do Rio - Extremoz,Barra Rio
RN,Rio Grande do Norte,Barreiras
RN,Rio Grande do Norte,Barreiras,Barreiras
RN,Rio Grande do Norte,Barreiras,Macau
RN,Rio Grande do Norte,Barreta
RN,Rio Grande do Norte,Barreta,Barreta
RN,Rio Grande do Norte,Barrinha
RN,Rio Grande do Norte,Barrinha,Centro
RN,Rio Grande do Norte,Barrinha,Cj Ulrick Graff
RN,Rio Grande do Norte,Barro Branco
RN,Rio Grande do Norte,Barro Branco,Barro Branco
RN,Rio Grande do Norte,Barro Branco,Lagoa Nova
RN,Rio Grande do Norte,Barro Duro
RN,Rio Grande do Norte,Barro Duro,Barro Duro
RN,Rio Grande do Norte,Barros Pretos
RN,Rio Grande do Norte,Barros Pretos,Barros Pretos
RN,Rio Grande do Norte,Bebida Velha
RN,Rio Grande do Norte,Bebida Velha,Bebida Velha
RN,Rio Grande do Norte,Bebida Velha,Pureza
RN,Rio Grande do Norte,Bela Vista - São Gonçalo do Amarante
RN,Rio Grande do Norte,Bela Vista - São Gonçalo do Amarante,Bela Vista
RN,Rio Grande do Norte,Bela Vista - São Gonçalo do Amarante,Campinas
RN,Rio Grande do Norte,Bela Vista - Tibau do Sul
RN,Rio Grande do Norte,Bela Vista - Tibau do Sul,Bela Vista
RN,Rio Grande do Norte,Bela Vista - Tibau do Sul,Tibau Sul
RN,Rio Grande do Norte,Bento Fernandes
RN,Rio Grande do Norte,Bento Fernandes,Bento Fernandes
RN,Rio Grande do Norte,Bento Fernandes,Pantanal
RN,Rio Grande do Norte,Boa Cica
RN,Rio Grande do Norte,Boa Cica,Boa Cica
RN,Rio Grande do Norte,Boa Saúde
RN,Rio Grande do Norte,Boa Saúde,Boa Saude
RN,Rio Grande do Norte,Boa Saúde,Januario Cicco
RN,Rio Grande do Norte,Boa Vista - Marcelino Vieira
RN,Rio Grande do Norte,Boa Vista - Marcelino Vieira,Boa Vista
RN,Rio Grande do Norte,Boa Vista - Severiano Melo
RN,Rio Grande do Norte,Boa Vista - Severiano Melo,Boa Vista
RN,Rio Grande do Norte,Boa Vista - Severiano Melo,Severiano Melo
RN,Rio Grande do Norte,Bodó
RN,Rio Grande do Norte,Bodó,Bodo
RN,Rio Grande do Norte,Boi Selado
RN,Rio Grande do Norte,Boi Selado,Boi Selado
RN,Rio Grande do Norte,Boi Selado,Jucurutu
RN,Rio Grande do Norte,Bom Jesus - Campo Grande
RN,Rio Grande do Norte,Bom Jesus - Campo Grande,Bom Jesus
RN,Rio Grande do Norte,Bom Jesus - Campo Grande,Cidade Alta
RN,Rio Grande do Norte,Bom Jesus - Campo Grande
RN,Rio Grande do Norte,Bom Jesus - Campo Grande,Bom Jesus
RN,Rio Grande do Norte,Bom Sucesso - Canguaretama
RN,Rio Grande do Norte,Bom Sucesso - Canguaretama,Bom Sucesso
RN,Rio Grande do Norte,Bom Sucesso - Santa Cruz
RN,Rio Grande do Norte,Bom Sucesso - Santa Cruz,Santa Cruz
RN,Rio Grande do Norte,Bonito - São Miguel
RN,Rio Grande do Norte,Bonito - São Miguel,Bonito
RN,Rio Grande do Norte,Boqueirão - Lajes Pintadas
RN,Rio Grande do Norte,Boqueirão - Lajes Pintadas,Lajes Pintada
RN,Rio Grande do Norte,Boqueirão - Touros
RN,Rio Grande do Norte,Boqueirão - Touros,Boqueirao
RN,Rio Grande do Norte,Brejinho
RN,Rio Grande do Norte,Brejinho,Brejinho
RN,Rio Grande do Norte,Brejinho,Centro
RN,Rio Grande do Norte,Buraco de Lagoa
RN,Rio Grande do Norte,Buraco de Lagoa,Buraco Lagoa
RN,Rio Grande do Norte,Buraco de Lagoa,Lagoa Nova
RN,Rio Grande do Norte,Búzios
RN,Rio Grande do Norte,Búzios,Buzios
RN,Rio Grande do Norte,Búzios,Ponta Negra
RN,Rio Grande do Norte,Cabeceiras de Baixo
RN,Rio Grande do Norte,Caiçara - Paraná
RN,Rio Grande do Norte,Caiçara - Paraná,Caicara
RN,Rio Grande do Norte,Caiçara do Norte
RN,Rio Grande do Norte,Caiçara do Norte,Caicara Norte
RN,Rio Grande do Norte,Caiçara do Rio do Vento
RN,Rio Grande do Norte,Caiçara do Rio do Vento,Caicara Rio Ventos
RN,Rio Grande do Norte,Caiçara do Rio do Vento,Centro
RN,Rio Grande do Norte,Caicó
RN,Rio Grande do Norte,Caicó,Acampamento
RN,Rio Grande do Norte,Caicó,Acude Itans
RN,Rio Grande do Norte,Caicó,Alecrim
RN,Rio Grande do Norte,Caicó,Alto Boa Vista
RN,Rio Grande do Norte,Caicó,Bairro das Indústrias
RN,Rio Grande do Norte,Caicó,Barra Nova
RN,Rio Grande do Norte,Caicó,Boa Passagem
RN,Rio Grande do Norte,Caicó,Caico
RN,Rio Grande do Norte,Caicó,Canuto e Filhos
RN,Rio Grande do Norte,Caicó,Castelo Branco
RN,Rio Grande do Norte,Caicó,Centro
RN,Rio Grande do Norte,Caicó,Cidade Alta
RN,Rio Grande do Norte,Caicó,Franciscanos
RN,Rio Grande do Norte,Caicó,Frei Damiao
RN,Rio Grande do Norte,Caicó,Itans
RN,Rio Grande do Norte,Caicó,Jardim Satelite
RN,Rio Grande do Norte,Caicó,João 23
RN,Rio Grande do Norte,Caicó,Joao Paulo ii
RN,Rio Grande do Norte,Caicó,Lagoa Azul
RN,Rio Grande do Norte,Caicó,Mossoró
RN,Rio Grande do Norte,Caicó,Mosteiro Clarisse
RN,Rio Grande do Norte,Caicó,Nova Descoberta
RN,Rio Grande do Norte,Caicó,Paraiba
RN,Rio Grande do Norte,Caicó,Paulo vi
RN,Rio Grande do Norte,Caicó,Penedo
RN,Rio Grande do Norte,Caicó,PETRÓPOLIS
RN,Rio Grande do Norte,Caicó,Pqe Ind
RN,Rio Grande do Norte,Caicó,Recreio
RN,Rio Grande do Norte,Caicó,Salviano Santos
RN,Rio Grande do Norte,Caicó,Samanau
RN,Rio Grande do Norte,Caicó,Santa Costa
RN,Rio Grande do Norte,Caicó,Soledade
RN,Rio Grande do Norte,Caicó,Vila Altiva
RN,Rio Grande do Norte,Caicó,Vila Principe
RN,Rio Grande do Norte,Caicó,Walfredo Gurgel
RN,Rio Grande do Norte,Caicó,Zona Rural
RN,Rio Grande do Norte,Cajazeiras dos Albinos
RN,Rio Grande do Norte,Cajazeiras dos Albinos,Cajazeiras
RN,Rio Grande do Norte,Cajueiro - Touros
RN,Rio Grande do Norte,Cajueiro - Touros,Cajueiro
RN,Rio Grande do Norte,Caldeirão
RN,Rio Grande do Norte,Caldeirão,Coronel Joao Pessoa
RN,Rio Grande do Norte,Campo de Santana
RN,Rio Grande do Norte,Campo de Santana,Campo Santana
RN,Rio Grande do Norte,Campo de Santana,Nisia Floresta
RN,Rio Grande do Norte,Campo Grande
RN,Rio Grande do Norte,Campo Grande,Alto Capela
RN,Rio Grande do Norte,Campo Grande,Alto Santana
RN,Rio Grande do Norte,Campo Grande,Campo Grande
RN,Rio Grande do Norte,Campo Grande,Centro
RN,Rio Grande do Norte,Campo Grande,Cohab
RN,Rio Grande do Norte,Campo Grande,Ipe
RN,Rio Grande do Norte,Campo Redondo
RN,Rio Grande do Norte,Campo Redondo,Campo Redondo
RN,Rio Grande do Norte,Campo Redondo,Centro
RN,Rio Grande do Norte,Campo Redondo,Lauro Maia
RN,Rio Grande do Norte,Cana Brava
RN,Rio Grande do Norte,Cana Brava,Cana Brava
RN,Rio Grande do Norte,Canabrava
RN,Rio Grande do Norte,Canabrava,Cana Brava
RN,Rio Grande do Norte,Canguaretama
RN,Rio Grande do Norte,Canguaretama,Areia Branca
RN,Rio Grande do Norte,Canguaretama,Barra Cunhau
RN,Rio Grande do Norte,Canguaretama,Canguaretama
RN,Rio Grande do Norte,Canguaretama,Centro
RN,Rio Grande do Norte,Canguaretama,Estacao
RN,Rio Grande do Norte,Canguaretama,Peixinhos
RN,Rio Grande do Norte,Canguaretama,Piquiri
RN,Rio Grande do Norte,Canguaretama,Projeto Crescer
RN,Rio Grande do Norte,Canguaretama,Sertaozinho
RN,Rio Grande do Norte,Canto das Moças
RN,Rio Grande do Norte,Canto das Moças,Canto Moças
RN,Rio Grande do Norte,Canto das Moças,Ielmo Marinho
RN,Rio Grande do Norte,Canto Grande - Afonso Bezerra
RN,Rio Grande do Norte,Canto Grande - Afonso Bezerra,Canto Grande
RN,Rio Grande do Norte,Capela
RN,Rio Grande do Norte,Capela,Capela
RN,Rio Grande do Norte,Capim
RN,Rio Grande do Norte,Capoeira
RN,Rio Grande do Norte,Capoeira,Capoeira
RN,Rio Grande do Norte,Caraúbas
RN,Rio Grande do Norte,Caraúbas,Alto Liberdade
RN,Rio Grande do Norte,Caraúbas,Alto Sao Severino
RN,Rio Grande do Norte,Caraúbas,Aroldo Maia
RN,Rio Grande do Norte,Caraúbas,CAPIM MACIO
RN,Rio Grande do Norte,Caraúbas,Caraubas
RN,Rio Grande do Norte,Caraúbas,Centro
RN,Rio Grande do Norte,Caraúbas,Leandro Bezerra
RN,Rio Grande do Norte,Caraúbas,Nestor Fernandes
RN,Rio Grande do Norte,Caraúbas,Sebastiao Maltez
RN,Rio Grande do Norte,Caraúbas - Maxaranguape
RN,Rio Grande do Norte,Caraúbas - Maxaranguape,Caraubas
RN,Rio Grande do Norte,Carnaúba do Padre
RN,Rio Grande do Norte,Carnaúba do Padre,Carnauba Padre
RN,Rio Grande do Norte,Carnaúba do Papeba
RN,Rio Grande do Norte,Carnaúba do Papeba,Barra do Ceará
RN,Rio Grande do Norte,Carnaúba do Papeba,Carnauba Papeba
RN,Rio Grande do Norte,Carnaúba do Papeba,Sen Georgino Avelin
RN,Rio Grande do Norte,Carnaúba dos Dantas
RN,Rio Grande do Norte,Carnaúba dos Dantas,Carnauba Dantas
RN,Rio Grande do Norte,Carnaúba dos Dantas,São José
RN,Rio Grande do Norte,Carnaubais
RN,Rio Grande do Norte,Carnaubais,Carnaubais
RN,Rio Grande do Norte,Carnaubais,Centro
RN,Rio Grande do Norte,Carnaubais,Pacheco ii
RN,Rio Grande do Norte,Carnaubinha - José da Penha
RN,Rio Grande do Norte,Carnaubinha - José da Penha,Carnaubinha
RN,Rio Grande do Norte,Carnaubinha - Touros
RN,Rio Grande do Norte,Carnaubinha - Touros,Carnaubinha
RN,Rio Grande do Norte,Catolé dos Mendonças
RN,Rio Grande do Norte,Catolé dos Mendonças,Catole Mendonca
RN,Rio Grande do Norte,Catolé dos Mendonças,Tangará
RN,Rio Grande do Norte,Ceará-Mirim
RN,Rio Grande do Norte,Ceará-Mirim,Candelária
RN,Rio Grande do Norte,Ceará-Mirim,Ceara Mirim
RN,Rio Grande do Norte,Ceará-Mirim,Centro
RN,Rio Grande do Norte,Ceará-Mirim,Cj Jardim Planalto
RN,Rio Grande do Norte,Ceará-Mirim,Cohab
RN,Rio Grande do Norte,Ceará-Mirim,Colégio Agrícola
RN,Rio Grande do Norte,Ceará-Mirim,Joao Barros
RN,Rio Grande do Norte,Ceará-Mirim,Lagoa Azul
RN,Rio Grande do Norte,Ceará-Mirim,Luiz l Varela
RN,Rio Grande do Norte,Ceará-Mirim,Neópolis
RN,Rio Grande do Norte,Ceará-Mirim,Nova Conquista
RN,Rio Grande do Norte,Ceará-Mirim,Nova Descoberta
RN,Rio Grande do Norte,Ceará-Mirim,Novos Tempos
RN,Rio Grande do Norte,Ceará-Mirim,Passa e Fica
RN,Rio Grande do Norte,Ceará-Mirim,Sem Bairro
RN,Rio Grande do Norte,Cerro Corá
RN,Rio Grande do Norte,Cerro Corá,Cerro Cora
RN,Rio Grande do Norte,Cha de Moreno
RN,Rio Grande do Norte,Cidade
RN,Rio Grande do Norte,Cidade,Cidade
RN,Rio Grande do Norte,Cidade Hortigranjeira
RN,Rio Grande do Norte,Cobe de Cima
RN,Rio Grande do Norte,Cobe de Cima,Cobe
RN,Rio Grande do Norte,Cobe de Cima,Vera Cruz
RN,Rio Grande do Norte,Comum
RN,Rio Grande do Norte,Comum,Comum
RN,Rio Grande do Norte,Comunidade Mariana
RN,Rio Grande do Norte,Comunidade Mariana,Centro
RN,Rio Grande do Norte,Comunidade Mariana,Mariana
RN,Rio Grande do Norte,Conjunto Habitacional Nova Baudum
RN,Rio Grande do Norte,Coqueiros - Ceará-Mirim
RN,Rio Grande do Norte,Coqueiros - Ceará-Mirim,Cera Mirim
RN,Rio Grande do Norte,Coqueiros - Ceará-Mirim,Coqueiros
RN,Rio Grande do Norte,Coqueiros - São Gonçalo do Amarante
RN,Rio Grande do Norte,Coqueiros - São Gonçalo do Amarante,Coqueiros
RN,Rio Grande do Norte,Coronel Ezequiel
RN,Rio Grande do Norte,Coronel Ezequiel,Coronel Ezequiel
RN,Rio Grande do Norte,Coronel João Pessoa
RN,Rio Grande do Norte,Coronel João Pessoa,Coronel Joao Pessoa
RN,Rio Grande do Norte,Córrego
RN,Rio Grande do Norte,Córrego,Apodi
RN,Rio Grande do Norte,Córrego,Corrego
RN,Rio Grande do Norte,Córrego de São Mateus
RN,Rio Grande do Norte,Córrego de São Mateus,Corrego Sao Mateus
RN,Rio Grande do Norte,Córrego Mossoró
RN,Rio Grande do Norte,Cotovelo
RN,Rio Grande do Norte,Cotovelo,Cj Cohabnal
RN,Rio Grande do Norte,Cotovelo,Cotovelo
RN,Rio Grande do Norte,Cotovelo,Pium
RN,Rio Grande do Norte,Cravolândia
RN,Rio Grande do Norte,Cravolândia,Cravolandia
RN,Rio Grande do Norte,Cristóvão
RN,Rio Grande do Norte,Cristóvão,Cristovao
RN,Rio Grande do Norte,Cruz
RN,Rio Grande do Norte,Cruz,Cruz
RN,Rio Grande do Norte,Cruzeta
RN,Rio Grande do Norte,Cruzeta,Centro
RN,Rio Grande do Norte,Cruzeta,Cruzeta
RN,Rio Grande do Norte,Cuité
RN,Rio Grande do Norte,Cuité,Cuite
RN,Rio Grande do Norte,Currais
RN,Rio Grande do Norte,Currais,Currais
RN,Rio Grande do Norte,Currais Novos
RN,Rio Grande do Norte,Currais Novos,Antonio Rafael
RN,Rio Grande do Norte,Currais Novos,Centro
RN,Rio Grande do Norte,Currais Novos,CIDADE DA ESPERANÇA
RN,Rio Grande do Norte,Currais Novos,Conjunto Bancarios
RN,Rio Grande do Norte,Currais Novos,Currais Novos
RN,Rio Grande do Norte,Currais Novos,Distrito Industrial
RN,Rio Grande do Norte,Currais Novos,Gilberto Pinheiro
RN,Rio Grande do Norte,Currais Novos,Inocoop
RN,Rio Grande do Norte,Currais Novos,Ipe
RN,Rio Grande do Norte,Currais Novos,Jose Bezerra
RN,Rio Grande do Norte,Currais Novos,Juscelino Kubtschek
RN,Rio Grande do Norte,Currais Novos,Manoel Salustino
RN,Rio Grande do Norte,Currais Novos,Paizinho Maria
RN,Rio Grande do Norte,Currais Novos,Parque Dourado
RN,Rio Grande do Norte,Currais Novos,Pau dos Ferros
RN,Rio Grande do Norte,Currais Novos,Paulo VI
RN,Rio Grande do Norte,Currais Novos,Princesa Serido
RN,Rio Grande do Norte,Currais Novos,Promorar
RN,Rio Grande do Norte,Currais Novos,Santa Maria Gorete
RN,Rio Grande do Norte,Currais Novos,Santa Maria Goretti
RN,Rio Grande do Norte,Currais Novos,Silvio Bezerra Melo
RN,Rio Grande do Norte,Currais Novos,Tirol
RN,Rio Grande do Norte,Currais Novos,Walfredo Galvao
RN,Rio Grande do Norte,Diogo Lopes
RN,Rio Grande do Norte,Diogo Lopes,Diogo Lopes
RN,Rio Grande do Norte,Dom Marcolino
RN,Rio Grande do Norte,Dom Marcolino,Dom Marcolino
RN,Rio Grande do Norte,Doutor Severiano
RN,Rio Grande do Norte,Doutor Severiano,Doutor Severiano
RN,Rio Grande do Norte,Encanto
RN,Rio Grande do Norte,Encanto,Centro
RN,Rio Grande do Norte,Encanto,Encanto
RN,Rio Grande do Norte,Entroncamento
RN,Rio Grande do Norte,Entroncamento,Carnaubais
RN,Rio Grande do Norte,Entroncamento,Centro
RN,Rio Grande do Norte,Equador
RN,Rio Grande do Norte,Equador,Alto Juazeiro
RN,Rio Grande do Norte,Equador,Centro
RN,Rio Grande do Norte,Equador,Dinarte Mariz
RN,Rio Grande do Norte,Equador,Equador
RN,Rio Grande do Norte,Equador,José M Oliveira
RN,Rio Grande do Norte,Equador,Zona Rural
RN,Rio Grande do Norte,Ermo
RN,Rio Grande do Norte,Ermo,Carnauba Dantas
RN,Rio Grande do Norte,Ermo,Ermo
RN,Rio Grande do Norte,Espírito Santo
RN,Rio Grande do Norte,Espírito Santo,Centro
RN,Rio Grande do Norte,Espírito Santo,Espirito Santo
RN,Rio Grande do Norte,Estivas - Extremoz
RN,Rio Grande do Norte,Estivas - Extremoz,Estivas
RN,Rio Grande do Norte,Estivas - Extremoz,Extremoz
RN,Rio Grande do Norte,Estreito
RN,Rio Grande do Norte,Estreito,Alto Rodrigues
RN,Rio Grande do Norte,Extremoz
RN,Rio Grande do Norte,Extremoz,Alto Extremoz
RN,Rio Grande do Norte,Extremoz,Centro
RN,Rio Grande do Norte,Extremoz,Distrito Industrial
RN,Rio Grande do Norte,Extremoz,Estrela Mar
RN,Rio Grande do Norte,Extremoz,Extremoz
RN,Rio Grande do Norte,Extremoz,Malvinas
RN,Rio Grande do Norte,Extremoz,Potengi
RN,Rio Grande do Norte,Extremoz,Sítio Arco Íris
RN,Rio Grande do Norte,Exu Queimado
RN,Rio Grande do Norte,Exu Queimado,Exu Queimado
RN,Rio Grande do Norte,Felipe Guerra
RN,Rio Grande do Norte,Felipe Guerra,Centro
RN,Rio Grande do Norte,Felipe Guerra,Felipe Guerra
RN,Rio Grande do Norte,Fernandes
RN,Rio Grande do Norte,Fernandes,Fernando
RN,Rio Grande do Norte,Fernandes,Nova Cruz
RN,Rio Grande do Norte,Fernandes,Passa e Fica
RN,Rio Grande do Norte,Fernando Pedroza
RN,Rio Grande do Norte,Fernando Pedroza,Fernando Pedroza
RN,Rio Grande do Norte,Fernando Pedroza,Sao Joaquim
RN,Rio Grande do Norte,Florânia
RN,Rio Grande do Norte,Florânia,Bugi
RN,Rio Grande do Norte,Florânia,Centro
RN,Rio Grande do Norte,Florânia,Cohab
RN,Rio Grande do Norte,Florânia,Florania
RN,Rio Grande do Norte,Florânia,Flores
RN,Rio Grande do Norte,Florânia,Paz e Amor
RN,Rio Grande do Norte,Fontes 1
RN,Rio Grande do Norte,Francisco Dantas
RN,Rio Grande do Norte,Francisco Dantas,Francisco Dantas
RN,Rio Grande do Norte,Frutuoso Gomes
RN,Rio Grande do Norte,Frutuoso Gomes,Frutuoso Gomes
RN,Rio Grande do Norte,Frutuoso Gomes,Raimundo Belarmin
RN,Rio Grande do Norte,Galinhos
RN,Rio Grande do Norte,Galinhos,Centro
RN,Rio Grande do Norte,Galinhos,Distrito Galo
RN,Rio Grande do Norte,Galinhos,Galinhos
RN,Rio Grande do Norte,Galos
RN,Rio Grande do Norte,Galos,Galos
RN,Rio Grande do Norte,Genipabu
RN,Rio Grande do Norte,Genipabu,Genipabu
RN,Rio Grande do Norte,Genipabu,Neópolis
RN,Rio Grande do Norte,Genipapeira
RN,Rio Grande do Norte,Genipapeira,Genipapeira
RN,Rio Grande do Norte,Genipapeira,Nisia Floresta
RN,Rio Grande do Norte,Goianinha
RN,Rio Grande do Norte,Goianinha,Boa Vista
RN,Rio Grande do Norte,Goianinha,Centro
RN,Rio Grande do Norte,Goianinha,Cidade Nova
RN,Rio Grande do Norte,Goianinha,Cj Batalha
RN,Rio Grande do Norte,Goianinha,Cohab
RN,Rio Grande do Norte,Goianinha,Estacao
RN,Rio Grande do Norte,Goianinha,Goianinha
RN,Rio Grande do Norte,Goianinha,Novo Horizonte
RN,Rio Grande do Norte,Goianinha,Novo Paraiso
RN,Rio Grande do Norte,Goianinha,Pitombeira
RN,Rio Grande do Norte,Goianinha,Potengi
RN,Rio Grande do Norte,Goianinha,Quintas
RN,Rio Grande do Norte,Goianinha,São José de Mipibu
RN,Rio Grande do Norte,Goianinha,Sapucaia
RN,Rio Grande do Norte,Goianinha,Sem Bairro
RN,Rio Grande do Norte,Goianinha,Una
RN,Rio Grande do Norte,Goianinha,Zona Rural
RN,Rio Grande do Norte,Governador Dix-Sept Rosado
RN,Rio Grande do Norte,Governador Dix-Sept Rosado,Centro
RN,Rio Grande do Norte,Governador Dix-Sept Rosado,Gov Dix Sept Rosado
RN,Rio Grande do Norte,Governador Dix-Sept Rosado,Petrobrás
RN,Rio Grande do Norte,Governador Dix-Sept Rosado,Sítio Gangorrinha
RN,Rio Grande do Norte,Graçandu
RN,Rio Grande do Norte,Graçandu,Barra Rio
RN,Rio Grande do Norte,Graçandu,Bom Pastor
RN,Rio Grande do Norte,Graçandu,Gracandu
RN,Rio Grande do Norte,Graçandu,Pitangui
RN,Rio Grande do Norte,Gravatá
RN,Rio Grande do Norte,Gravatá,Gravata
RN,Rio Grande do Norte,Grossos
RN,Rio Grande do Norte,Grossos,Aeroporto
RN,Rio Grande do Norte,Grossos,Centro
RN,Rio Grande do Norte,Grossos,Coqueiros
RN,Rio Grande do Norte,Grossos,Grossos
RN,Rio Grande do Norte,Grossos,Zona Rural
RN,Rio Grande do Norte,Guajiru - São Bento do Norte
RN,Rio Grande do Norte,Guajiru - São Bento do Norte,Guajiru
RN,Rio Grande do Norte,Guamaré
RN,Rio Grande do Norte,Guamaré,Alecrim
RN,Rio Grande do Norte,Guamaré,Centro
RN,Rio Grande do Norte,Guamaré,Galinhos
RN,Rio Grande do Norte,Guamaré,Guamare
RN,Rio Grande do Norte,Guamaré,Loteamento Esperança
RN,Rio Grande do Norte,Guamaré,Madre de Deus
RN,Rio Grande do Norte,Guanduba
RN,Rio Grande do Norte,Guanduba,Guanduba
RN,Rio Grande do Norte,Guarapes - Macaíba
RN,Rio Grande do Norte,Guarapes - Macaíba,Guarapes
RN,Rio Grande do Norte,Ielmo Marinho
RN,Rio Grande do Norte,Ielmo Marinho,Ielmo Marinho
RN,Rio Grande do Norte,Igreja Nova
RN,Rio Grande do Norte,Igreja Nova,Igreja Nova
RN,Rio Grande do Norte,Igreja Nova,Sao Goncalo Amarant
RN,Rio Grande do Norte,Ilha de Santana
RN,Rio Grande do Norte,Ilha de Santana,Centro
RN,Rio Grande do Norte,Ilha de Santana,Macau
RN,Rio Grande do Norte,Ipanguaçu
RN,Rio Grande do Norte,Ipanguaçu,Baldum
RN,Rio Grande do Norte,Ipanguaçu,Centro
RN,Rio Grande do Norte,Ipanguaçu,Ipanguacu
RN,Rio Grande do Norte,Ipanguaçu,Maria Romana
RN,Rio Grande do Norte,Ipueira
RN,Rio Grande do Norte,Ipueira,Ipueira
RN,Rio Grande do Norte,Itajá
RN,Rio Grande do Norte,Itajá,Barro Vermelho
RN,Rio Grande do Norte,Itajá,Centro
RN,Rio Grande do Norte,Itajá,Distrito Acaua
RN,Rio Grande do Norte,Itajá,Iguaracu
RN,Rio Grande do Norte,Itajá,Joao Leopoldo Lopes
RN,Rio Grande do Norte,Itajá,Luiz Inacio
RN,Rio Grande do Norte,Itajá,Sao Manoel
RN,Rio Grande do Norte,Itaú
RN,Rio Grande do Norte,Itaú,Centro
RN,Rio Grande do Norte,Itaú,Felicidade
RN,Rio Grande do Norte,Itaú,Itau
RN,Rio Grande do Norte,Itaú,Ns Dores
RN,Rio Grande do Norte,Jaçanã
RN,Rio Grande do Norte,Jaçanã,Centro
RN,Rio Grande do Norte,Jaçanã,Jacana
RN,Rio Grande do Norte,Jaçanã,Sao Jose
RN,Rio Grande do Norte,Jacumã
RN,Rio Grande do Norte,Jacumã,Jacuma
RN,Rio Grande do Norte,Jandaíra
RN,Rio Grande do Norte,Jandaíra,Jandaira
RN,Rio Grande do Norte,Janduís
RN,Rio Grande do Norte,Janduís,Amelia Queiroz
RN,Rio Grande do Norte,Janduís,Centro
RN,Rio Grande do Norte,Janduís,Janduis
RN,Rio Grande do Norte,Janúncio Afonso
RN,Rio Grande do Norte,Janúncio Afonso,Januncio Afonso
RN,Rio Grande do Norte,Japi
RN,Rio Grande do Norte,Japi,Japi
RN,Rio Grande do Norte,Jardim de Angicos
RN,Rio Grande do Norte,Jardim de Angicos,Jardim Angicos
RN,Rio Grande do Norte,Jardim de Piranhas
RN,Rio Grande do Norte,Jardim de Piranhas,Centro
RN,Rio Grande do Norte,Jardim de Piranhas,Imboca
RN,Rio Grande do Norte,Jardim de Piranhas,Jardim Piranhas
RN,Rio Grande do Norte,Jardim de Piranhas,Santa Cecilia
RN,Rio Grande do Norte,Jardim de Piranhas,São José
RN,Rio Grande do Norte,Jardim de Piranhas,Zona Rural
RN,Rio Grande do Norte,Jardim do Seridó
RN,Rio Grande do Norte,Jardim do Seridó,Alto Abrigo
RN,Rio Grande do Norte,Jardim do Seridó,Alto Bela Vista
RN,Rio Grande do Norte,Jardim do Seridó,Baixa Beleza
RN,Rio Grande do Norte,Jardim do Seridó,Bandeira Branca
RN,Rio Grande do Norte,Jardim do Seridó,Caturite
RN,Rio Grande do Norte,Jardim do Seridó,Centro
RN,Rio Grande do Norte,Jardim do Seridó,Cj Cohab
RN,Rio Grande do Norte,Jardim do Seridó,Cj Princesa Seridó
RN,Rio Grande do Norte,Jardim do Seridó,Comissao
RN,Rio Grande do Norte,Jardim do Seridó,Esplanada
RN,Rio Grande do Norte,Jardim do Seridó,Jardim Serido
RN,Rio Grande do Norte,Jardim do Seridó,Luzia Leopoldina
RN,Rio Grande do Norte,Jardim do Seridó,Matadouro
RN,Rio Grande do Norte,Jardim do Seridó,Parelhas
RN,Rio Grande do Norte,João Câmara
RN,Rio Grande do Norte,João Câmara,Assuncao
RN,Rio Grande do Norte,João Câmara,Baixa Verde
RN,Rio Grande do Norte,João Câmara,Barroso
RN,Rio Grande do Norte,João Câmara,Bela Vista
RN,Rio Grande do Norte,João Câmara,Boa Vista
RN,Rio Grande do Norte,João Câmara,Candelária
RN,Rio Grande do Norte,João Câmara,Centro
RN,Rio Grande do Norte,João Câmara,Cohab
RN,Rio Grande do Norte,João Câmara,Ipe
RN,Rio Grande do Norte,João Câmara,Joao Camara
RN,Rio Grande do Norte,João Câmara,Loteamento Esperança
RN,Rio Grande do Norte,João Câmara,n s Fatima
RN,Rio Grande do Norte,João Câmara,Neópolis
RN,Rio Grande do Norte,João Câmara,Potengi
RN,Rio Grande do Norte,João Câmara,SÃO FRANCISCO
RN,Rio Grande do Norte,João Dias
RN,Rio Grande do Norte,João Dias,Joao Dias
RN,Rio Grande do Norte,José da Penha
RN,Rio Grande do Norte,José da Penha,Centro
RN,Rio Grande do Norte,José da Penha,Jose Penha
RN,Rio Grande do Norte,Juazeiro
RN,Rio Grande do Norte,Juazeiro,Juazeiro
RN,Rio Grande do Norte,Jucuri
RN,Rio Grande do Norte,Jucuri,Centro
RN,Rio Grande do Norte,Jucuri,Jucuri
RN,Rio Grande do Norte,Jucurutu
RN,Rio Grande do Norte,Jucurutu,Centro
RN,Rio Grande do Norte,Jucurutu,Cj Severina Lopes
RN,Rio Grande do Norte,Jucurutu,Cj Vila do Príncipe
RN,Rio Grande do Norte,Jucurutu,Denoke
RN,Rio Grande do Norte,Jucurutu,Jucurutu
RN,Rio Grande do Norte,Jucurutu,Novo Horizonte
RN,Rio Grande do Norte,Jucurutu,Vila Santa Isabel
RN,Rio Grande do Norte,Jundiá
RN,Rio Grande do Norte,Jundiá,Jundia
RN,Rio Grande do Norte,Juremal
RN,Rio Grande do Norte,Juremal,Barauna
RN,Rio Grande do Norte,Juremal,Juremal
RN,Rio Grande do Norte,Ladeira Grande
RN,Rio Grande do Norte,Ladeira Grande,Ladeira Grande
RN,Rio Grande do Norte,Lagoa D'Anta
RN,Rio Grande do Norte,Lagoa D'Anta,Lagoa D'anta
RN,Rio Grande do Norte,Lagoa de Dentro
RN,Rio Grande do Norte,Lagoa de Dentro,Doutor Severiano
RN,Rio Grande do Norte,Lagoa de Pedras
RN,Rio Grande do Norte,Lagoa de Pedras,Centro
RN,Rio Grande do Norte,Lagoa de Pedras,Lagoa Pedras
RN,Rio Grande do Norte,Lagoa de Velhos
RN,Rio Grande do Norte,Lagoa de Velhos,Lagoa Velhos
RN,Rio Grande do Norte,Lagoa do Boqueirão
RN,Rio Grande do Norte,Lagoa do Boqueirão,Lagoa Boqueirao
RN,Rio Grande do Norte,Lagoa do Boqueirão,Touros
RN,Rio Grande do Norte,Lagoa do Chico
RN,Rio Grande do Norte,Lagoa do Chico,Lagoa Chico
RN,Rio Grande do Norte,Lagoa do Feijão
RN,Rio Grande do Norte,Lagoa do Feijão,Lagoa Feijao
RN,Rio Grande do Norte,Lagoa do Mato
RN,Rio Grande do Norte,Lagoa do Mato,Lagoa Mato
RN,Rio Grande do Norte,Lagoa do Mato,Xique Xique
RN,Rio Grande do Norte,Lagoa do Poço
RN,Rio Grande do Norte,Lagoa do Poço,Lagoa Poco
RN,Rio Grande do Norte,Lagoa do Sal
RN,Rio Grande do Norte,Lagoa do Sal,Lagoa Sal
RN,Rio Grande do Norte,Lagoa do Sal,Touros
RN,Rio Grande do Norte,Lagoa do Serrote
RN,Rio Grande do Norte,Lagoa do Sítio
RN,Rio Grande do Norte,Lagoa do Sítio,Lagoa Sitio
RN,Rio Grande do Norte,Lagoa dos Cavalos - Macaíba
RN,Rio Grande do Norte,Lagoa dos Cavalos - Macaíba,Lagoa Cavalos
RN,Rio Grande do Norte,Lagoa dos Cavalos - Senador Eloi de Souza
RN,Rio Grande do Norte,Lagoa dos Cavalos - Senador Eloi de Souza,Lagoa Cavalos
RN,Rio Grande do Norte,Lagoa Grande
RN,Rio Grande do Norte,Lagoa Grande,Lagoa Grande
RN,Rio Grande do Norte,Lagoa Limpa
RN,Rio Grande do Norte,Lagoa Limpa,Lagoa Limpa
RN,Rio Grande do Norte,Lagoa Limpa,Nova Cruz
RN,Rio Grande do Norte,Lagoa Nova
RN,Rio Grande do Norte,Lagoa Nova,Centro
RN,Rio Grande do Norte,Lagoa Nova,Lagoa Nova
RN,Rio Grande do Norte,Lagoa Nova - Martins
RN,Rio Grande do Norte,Lagoa Nova - Martins,Centro
RN,Rio Grande do Norte,Lagoa Nova - Martins,Martins
RN,Rio Grande do Norte,Lagoa Salgada
RN,Rio Grande do Norte,Lagoa Salgada,Lagoa Salgada
RN,Rio Grande do Norte,Lajedo Grande
RN,Rio Grande do Norte,Lajedo Grande,Lajedo Grande
RN,Rio Grande do Norte,Lajedo Grande,Varzea
RN,Rio Grande do Norte,Lajes
RN,Rio Grande do Norte,Lajes,Alto Beleza
RN,Rio Grande do Norte,Lajes,Centro
RN,Rio Grande do Norte,Lajes,Lajes
RN,Rio Grande do Norte,Lajes,Mariana Gomes
RN,Rio Grande do Norte,Lajes,Pedro Avelino
RN,Rio Grande do Norte,Lajes Pintadas
RN,Rio Grande do Norte,Lajes Pintadas,Lajes Pintada
RN,Rio Grande do Norte,Laranjeira do Cosmo
RN,Rio Grande do Norte,Laranjeira do Cosmo,Laranjeira Cosme
RN,Rio Grande do Norte,Laranjeiras do Abdias
RN,Rio Grande do Norte,Laranjeiras do Abdias,Laranjeiras Abdia
RN,Rio Grande do Norte,Linda Flor
RN,Rio Grande do Norte,Linda Flor,Acu
RN,Rio Grande do Norte,Linda Flor,Centro
RN,Rio Grande do Norte,Linda Flor,Linda Flor
RN,Rio Grande do Norte,Logradouro
RN,Rio Grande do Norte,Logradouro,Logradouro
RN,Rio Grande do Norte,Lucrécia
RN,Rio Grande do Norte,Lucrécia,Centro
RN,Rio Grande do Norte,Lucrécia,Lucrecia
RN,Rio Grande do Norte,Luís Gomes
RN,Rio Grande do Norte,Luís Gomes,Centro
RN,Rio Grande do Norte,Luís Gomes,Luiz Gomes
RN,Rio Grande do Norte,Macaíba
RN,Rio Grande do Norte,Macaíba,Água Vermelha
RN,Rio Grande do Norte,Macaíba,Alberto Maranhao
RN,Rio Grande do Norte,Macaíba,Alianca
RN,Rio Grande do Norte,Macaíba,Alto Raiz
RN,Rio Grande do Norte,Macaíba,Auta Souza
RN,Rio Grande do Norte,Macaíba,Bom Sossego
RN,Rio Grande do Norte,Macaíba,Campo Mangueira
RN,Rio Grande do Norte,Macaíba,Campo Santa Cruz
RN,Rio Grande do Norte,Macaíba,Cana Brava
RN,Rio Grande do Norte,Macaíba,Centro
RN,Rio Grande do Norte,Macaíba,Cidade Alta
RN,Rio Grande do Norte,Macaíba,Cj Monte Líbano
RN,Rio Grande do Norte,Macaíba,Cuite
RN,Rio Grande do Norte,Macaíba,Dist. Industrial
RN,Rio Grande do Norte,Macaíba,Distrito Industrial
RN,Rio Grande do Norte,Macaíba,Fabricio Pedroza
RN,Rio Grande do Norte,Macaíba,Ferreiro Torto
RN,Rio Grande do Norte,Macaíba,Lagoa Azul
RN,Rio Grande do Norte,Macaíba,Lagoa Grande
RN,Rio Grande do Norte,Macaíba,Liberdade
RN,Rio Grande do Norte,Macaíba,Loteamento Tavares Lira
RN,Rio Grande do Norte,Macaíba,Lt Bom Sossego
RN,Rio Grande do Norte,Macaíba,Lt Liberdade
RN,Rio Grande do Norte,Macaíba,Macaiba
RN,Rio Grande do Norte,Macaíba,Mangabeira
RN,Rio Grande do Norte,Macaíba,Morada Fe
RN,Rio Grande do Norte,Macaíba,Pe Galo
RN,Rio Grande do Norte,Macaíba,Potengi
RN,Rio Grande do Norte,Macaíba,Pov Marias
RN,Rio Grande do Norte,Macaíba,Recreio Trevo
RN,Rio Grande do Norte,Macaíba,Santa Tereza
RN,Rio Grande do Norte,Macaíba,São José
RN,Rio Grande do Norte,Macaíba,Tirol
RN,Rio Grande do Norte,Macaíba,Village f Torto
RN,Rio Grande do Norte,Macaíba,Zona Rural
RN,Rio Grande do Norte,Macau
RN,Rio Grande do Norte,Macau,Barreiras
RN,Rio Grande do Norte,Macau,Centro
RN,Rio Grande do Norte,Macau,Cj Cohab
RN,Rio Grande do Norte,Macau,Guamare
RN,Rio Grande do Norte,Macau,Ilha Alagamar
RN,Rio Grande do Norte,Macau,João Câmara
RN,Rio Grande do Norte,Macau,Joao Paulo ii
RN,Rio Grande do Norte,Macau,Macau
RN,Rio Grande do Norte,Macau,Macauzinho
RN,Rio Grande do Norte,Macau,Navegantes
RN,Rio Grande do Norte,Macau,Porto
RN,Rio Grande do Norte,Macau,Porto Areia
RN,Rio Grande do Norte,Macau,Porto Pescaria
RN,Rio Grande do Norte,Macau,Porto Sao Pedro
RN,Rio Grande do Norte,Macau,Valadao
RN,Rio Grande do Norte,Major Felipe
RN,Rio Grande do Norte,Major Felipe,Jose Penha
RN,Rio Grande do Norte,Major Felipe,Major Felipe
RN,Rio Grande do Norte,Major Sales
RN,Rio Grande do Norte,Major Sales,Centro
RN,Rio Grande do Norte,Major Sales,Major Sales
RN,Rio Grande do Norte,Malhada Vermelha
RN,Rio Grande do Norte,Malhada Vermelha,Malhada Vermelha
RN,Rio Grande do Norte,Malhada Vermelha,Severiano Melo
RN,Rio Grande do Norte,Malhada Vermelha
RN,Rio Grande do Norte,Mangabeira
RN,Rio Grande do Norte,Mangabeira,Mangabeira
RN,Rio Grande do Norte,Manimbu
RN,Rio Grande do Norte,Manimbu,Curral Novo
RN,Rio Grande do Norte,Manimbu,Manimbu
RN,Rio Grande do Norte,Manoel Domingos
RN,Rio Grande do Norte,Manoel Domingos,Lagoa Nova
RN,Rio Grande do Norte,Manoel Domingos,Manoel Domingos
RN,Rio Grande do Norte,Maracajaú
RN,Rio Grande do Norte,Maracajaú,Maracajau
RN,Rio Grande do Norte,Maracajaú,Maxaranguape
RN,Rio Grande do Norte,Marcelino Vieira
RN,Rio Grande do Norte,Marcelino Vieira,Centro
RN,Rio Grande do Norte,Marcelino Vieira,Marcelino Vieira
RN,Rio Grande do Norte,Maretas
RN,Rio Grande do Norte,Maretas,Serrinha
RN,Rio Grande do Norte,Martins
RN,Rio Grande do Norte,Martins,Centro
RN,Rio Grande do Norte,Martins,Cohab
RN,Rio Grande do Norte,Martins,Lagoa
RN,Rio Grande do Norte,Martins,Martins
RN,Rio Grande do Norte,Massapas
RN,Rio Grande do Norte,Massaranduba - Ceará-Mirim
RN,Rio Grande do Norte,Massaranduba - Ceará-Mirim,Massaranduba
RN,Rio Grande do Norte,Massaranduba - São Gonçalo do Amarante
RN,Rio Grande do Norte,Massaranduba - São Gonçalo do Amarante,Massaranduba
RN,Rio Grande do Norte,Matas
RN,Rio Grande do Norte,Matas,Matas
RN,Rio Grande do Norte,Maxaranguape
RN,Rio Grande do Norte,Maxaranguape,Barra Maxaranguape
RN,Rio Grande do Norte,Maxaranguape,Centro
RN,Rio Grande do Norte,Maxaranguape,Cj Novo Horizonte
RN,Rio Grande do Norte,Maxaranguape,Pantanal
RN,Rio Grande do Norte,Meira Lima
RN,Rio Grande do Norte,Meira Lima,Meira Lima
RN,Rio Grande do Norte,Melancia
RN,Rio Grande do Norte,Melancia,Apodi
RN,Rio Grande do Norte,Melancia,Melancias
RN,Rio Grande do Norte,Merejo
RN,Rio Grande do Norte,Merejo,Centro
RN,Rio Grande do Norte,Merejo,Merejo
RN,Rio Grande do Norte,Messias Targino
RN,Rio Grande do Norte,Messias Targino,Centro
RN,Rio Grande do Norte,Messias Targino,Messias Targino
RN,Rio Grande do Norte,Mineiros
RN,Rio Grande do Norte,Mineiros,Mineiros
RN,Rio Grande do Norte,Miranda - Caraúbas
RN,Rio Grande do Norte,Miranda - Caraúbas,Miranda
RN,Rio Grande do Norte,Miranda - Goianinha
RN,Rio Grande do Norte,Miranda - Goianinha,Miranda
RN,Rio Grande do Norte,Montanhas
RN,Rio Grande do Norte,Montanhas,Centro
RN,Rio Grande do Norte,Montanhas,Montanhas
RN,Rio Grande do Norte,Montanhas,Nova Cruz
RN,Rio Grande do Norte,Monte Alegre
RN,Rio Grande do Norte,Monte Alegre,Bom Pastor
RN,Rio Grande do Norte,Monte Alegre,Brejinho
RN,Rio Grande do Norte,Monte Alegre,Carnaúba
RN,Rio Grande do Norte,Monte Alegre,Centro
RN,Rio Grande do Norte,Monte Alegre,Esperanca
RN,Rio Grande do Norte,Monte Alegre,Ipe
RN,Rio Grande do Norte,Monte Alegre,Monte Alegre
RN,Rio Grande do Norte,Monte Alegre,Novo
RN,Rio Grande do Norte,Monte Alegre,Pov Timbauba
RN,Rio Grande do Norte,Monte das Gameleiras
RN,Rio Grande do Norte,Monte das Gameleiras,Monte Gameleiras
RN,Rio Grande do Norte,Morada Nova
RN,Rio Grande do Norte,Morada Nova,Joao Camara
RN,Rio Grande do Norte,Morrinhos
RN,Rio Grande do Norte,Morrinhos,Morrinhos
RN,Rio Grande do Norte,Morrinhos,Nisia Floresta
RN,Rio Grande do Norte,Morro dos Martins
RN,Rio Grande do Norte,Morro dos Martins,Morro Martins
RN,Rio Grande do Norte,Mossoró
RN,Rio Grande do Norte,Mossoró,12 Anos
RN,Rio Grande do Norte,Mossoró,12 Anos\Centro
RN,Rio Grande do Norte,Mossoró,3 Vintens
RN,Rio Grande do Norte,Mossoró,30 De Setembro
RN,Rio Grande do Norte,Mossoró,Abolicao
RN,Rio Grande do Norte,Mossoró,Abolicao i
RN,Rio Grande do Norte,Mossoró,Abolicao ii
RN,Rio Grande do Norte,Mossoró,Abolicao iii
RN,Rio Grande do Norte,Mossoró,Abolicao iv
RN,Rio Grande do Norte,Mossoró,Abolicao Santo Antonio
RN,Rio Grande do Norte,Mossoró,Aeroporto
RN,Rio Grande do Norte,Mossoró,Aeroporto i
RN,Rio Grande do Norte,Mossoró,Aeroporto ii
RN,Rio Grande do Norte,Mossoró,Al Cajueiros
RN,Rio Grande do Norte,Mossoró,Alecrim
RN,Rio Grande do Norte,Mossoró,Alto Conceicao
RN,Rio Grande do Norte,Mossoró,Alto do Mandu
RN,Rio Grande do Norte,Mossoró,Alto Pelonha
RN,Rio Grande do Norte,Mossoró,Alto Sao Manoel
RN,Rio Grande do Norte,Mossoró,Alto Sumare
RN,Rio Grande do Norte,Mossoró,Alto Xerem
RN,Rio Grande do Norte,Mossoró,Barrocas
RN,Rio Grande do Norte,Mossoró,Belo Horizonte
RN,Rio Grande do Norte,Mossoró,Boa Vista
RN,Rio Grande do Norte,Mossoró,Bom Jardim
RN,Rio Grande do Norte,Mossoró,Bom Jardim\Paredoes
RN,Rio Grande do Norte,Mossoró,Bom Jesus
RN,Rio Grande do Norte,Mossoró,Bom Pastor
RN,Rio Grande do Norte,Mossoró,Brasilandia
RN,Rio Grande do Norte,Mossoró,Campo Grande
RN,Rio Grande do Norte,Mossoró,Capim Macio
RN,Rio Grande do Norte,Mossoró,Carnaubal
RN,Rio Grande do Norte,Mossoró,Catu
RN,Rio Grande do Norte,Mossoró,Centro
RN,Rio Grande do Norte,Mossoró,Centro\Bom Jardim
RN,Rio Grande do Norte,Mossoró,Cidade Alta
RN,Rio Grande do Norte,Mossoró,Cidade Nova
RN,Rio Grande do Norte,Mossoró,Conjunto Nova Natal
RN,Rio Grande do Norte,Mossoró,Conjunto Parque das Nações
RN,Rio Grande do Norte,Mossoró,Contorno
RN,Rio Grande do Norte,Mossoró,Costa e Silva
RN,Rio Grande do Norte,Mossoró,Damas
RN,Rio Grande do Norte,Mossoró,Dix Sept Rosado
RN,Rio Grande do Norte,Mossoró,Dom Jaime Camara
RN,Rio Grande do Norte,Mossoró,Doze Anos
RN,Rio Grande do Norte,Mossoró,Engenho Velho de Brotas
RN,Rio Grande do Norte,Mossoró,Est Alagoinha
RN,Rio Grande do Norte,Mossoró,Estrada Raiz
RN,Rio Grande do Norte,Mossoró,Farias Brito
RN,Rio Grande do Norte,Mossoró,Fátima
RN,Rio Grande do Norte,Mossoró,Fazenda Gangorra
RN,Rio Grande do Norte,Mossoró,Forquilha
RN,Rio Grande do Norte,Mossoró,Geraldo Melo
RN,Rio Grande do Norte,Mossoró,Grossos
RN,Rio Grande do Norte,Mossoró,Gurilandia
RN,Rio Grande do Norte,Mossoró,Henrique Jorge
RN,Rio Grande do Norte,Mossoró,Ilha Santa Luzia
RN,Rio Grande do Norte,Mossoró,Independencia i
RN,Rio Grande do Norte,Mossoró,Independencia ii
RN,Rio Grande do Norte,Mossoró,Integracao
RN,Rio Grande do Norte,Mossoró,Itapetinga
RN,Rio Grande do Norte,Mossoró,j Agripin Barroc
RN,Rio Grande do Norte,Mossoró,Jacarecanga
RN,Rio Grande do Norte,Mossoró,João 23
RN,Rio Grande do Norte,Mossoró,Jose f Nobre
RN,Rio Grande do Norte,Mossoró,Jucuri
RN,Rio Grande do Norte,Mossoró,Juliana
RN,Rio Grande do Norte,Mossoró,Lagoa Azul
RN,Rio Grande do Norte,Mossoró,Lagoa Mato
RN,Rio Grande do Norte,Mossoró,Lagoa Nova
RN,Rio Grande do Norte,Mossoró,Leblon
RN,Rio Grande do Norte,Mossoró,Leste Oeste
RN,Rio Grande do Norte,Mossoró,Liberdade
RN,Rio Grande do Norte,Mossoró,Liberdade i
RN,Rio Grande do Norte,Mossoró,Liberdade ii
RN,Rio Grande do Norte,Mossoró,Loteamento Pousada Termas
RN,Rio Grande do Norte,Mossoró,Lt Pousada Termas
RN,Rio Grande do Norte,Mossoró,M Tirol/I Marinho
RN,Rio Grande do Norte,Mossoró,Malvinas
RN,Rio Grande do Norte,Mossoró,Monte Castelo
RN,Rio Grande do Norte,Mossoró,Mossoro
RN,Rio Grande do Norte,Mossoró,Mota Neto
RN,Rio Grande do Norte,Mossoró,Neópolis
RN,Rio Grande do Norte,Mossoró,Nova Betania
RN,Rio Grande do Norte,Mossoró,Nova Parnamirim
RN,Rio Grande do Norte,Mossoró,Nova Vida
RN,Rio Grande do Norte,Mossoró,Ouro Negro
RN,Rio Grande do Norte,Mossoró,Pajuçara
RN,Rio Grande do Norte,Mossoró,Paredões
RN,Rio Grande do Norte,Mossoró,Parnamirim
RN,Rio Grande do Norte,Mossoró,Parque Girassois
RN,Rio Grande do Norte,Mossoró,Parque Menescal
RN,Rio Grande do Norte,Mossoró,Parque Rosas
RN,Rio Grande do Norte,Mossoró,Pereiros
RN,Rio Grande do Norte,Mossoró,Pintos
RN,Rio Grande do Norte,Mossoró,Pitimbu
RN,Rio Grande do Norte,Mossoró,Planalto 13 Maio
RN,Rio Grande do Norte,Mossoró,Ponta Negra
RN,Rio Grande do Norte,Mossoró,Portal Sol
RN,Rio Grande do Norte,Mossoró,Potengi
RN,Rio Grande do Norte,Mossoró,Pres Kennedy
RN,Rio Grande do Norte,Mossoró,Promorar
RN,Rio Grande do Norte,Mossoró,QUINTAS
RN,Rio Grande do Norte,Mossoró,Quixabeirinha
RN,Rio Grande do Norte,Mossoró,Redencao
RN,Rio Grande do Norte,Mossoró,Redencao i
RN,Rio Grande do Norte,Mossoró,Redencao ii
RN,Rio Grande do Norte,Mossoró,Resistencia
RN,Rio Grande do Norte,Mossoró,Roselandia
RN,Rio Grande do Norte,Mossoró,Santa Delmira
RN,Rio Grande do Norte,Mossoró,Santa Delmira i
RN,Rio Grande do Norte,Mossoró,Santa Delmira ii
RN,Rio Grande do Norte,Mossoró,Santa Luzia
RN,Rio Grande do Norte,Mossoró,Santo Antonio
RN,Rio Grande do Norte,Mossoró,Sao Jose
RN,Rio Grande do Norte,Mossoró,Serra Mel
RN,Rio Grande do Norte,Mossoró,Tomba
RN,Rio Grande do Norte,Mossoró,Ulrick Graff
RN,Rio Grande do Norte,Mossoró,Vila Peri
RN,Rio Grande do Norte,Mossoró,Vila Velha
RN,Rio Grande do Norte,Mossoró,Vingt Rosado
RN,Rio Grande do Norte,Mossoró,Walfredo Gurgel
RN,Rio Grande do Norte,Mossoró,Wilson Rosado
RN,Rio Grande do Norte,Mossoró,Zona Rural
RN,Rio Grande do Norte,Mulungu
RN,Rio Grande do Norte,Mulungu,Macau
RN,Rio Grande do Norte,Mulungu,Mulungu
RN,Rio Grande do Norte,Muriú
RN,Rio Grande do Norte,Muriú,Ceará Mirim
RN,Rio Grande do Norte,Muriú,Muriu
RN,Rio Grande do Norte,Muriú,Praia Jacuma
RN,Rio Grande do Norte,Mutamba Caeira
RN,Rio Grande do Norte,Mutamba Caeira,Centro
RN,Rio Grande do Norte,Mutamba Caeira,Mutamba Caeira
RN,Rio Grande do Norte,Natal
RN,Rio Grande do Norte,Natal,Abolição III
RN,Rio Grande do Norte,Natal,Aeroporto II
RN,Rio Grande do Norte,Natal,Água Nova
RN,Rio Grande do Norte,Natal,Alecrim
RN,Rio Grande do Norte,Natal,Alianca
RN,Rio Grande do Norte,Natal,Altiplano
RN,Rio Grande do Norte,Natal,Amarante
RN,Rio Grande do Norte,Natal,Antônio Bezerra
RN,Rio Grande do Norte,Natal,Areia Preta
RN,Rio Grande do Norte,Natal,Arizona
RN,Rio Grande do Norte,Natal,Baldo
RN,Rio Grande do Norte,Natal,Barro Vermelho
RN,Rio Grande do Norte,Natal,BARROCAS\DOZE ANOS
RN,Rio Grande do Norte,Natal,Boa Vista
RN,Rio Grande do Norte,Natal,Bom Pastor
RN,Rio Grande do Norte,Natal,Caicó
RN,Rio Grande do Norte,Natal,Campinas
RN,Rio Grande do Norte,Natal,Campo Alegre
RN,Rio Grande do Norte,Natal,Candelária
RN,Rio Grande do Norte,Natal,Capim Macio
RN,Rio Grande do Norte,Natal,Capim Melo
RN,Rio Grande do Norte,Natal,Ceará Mirim
RN,Rio Grande do Norte,Natal,Centro
RN,Rio Grande do Norte,Natal,Cidade Alta
RN,Rio Grande do Norte,Natal,Cidade Esperanca
RN,Rio Grande do Norte,Natal,Cidade Jardim
RN,Rio Grande do Norte,Natal,Cidade Nova
RN,Rio Grande do Norte,Natal,Cidade Satelite
RN,Rio Grande do Norte,Natal,Cidade Verde
RN,Rio Grande do Norte,Natal,Cj Calcanhar
RN,Rio Grande do Norte,Natal,Cj Cohab
RN,Rio Grande do Norte,Natal,Cj Jardim Aeroporto
RN,Rio Grande do Norte,Natal,Cj Jardim Petrópolis
RN,Rio Grande do Norte,Natal,Cj Santa Catarina
RN,Rio Grande do Norte,Natal,Conjunto Alagamar
RN,Rio Grande do Norte,Natal,Conjunto Gramore
RN,Rio Grande do Norte,Natal,Conjunto Jardim Acácia
RN,Rio Grande do Norte,Natal,Conjunto Jardim América
RN,Rio Grande do Norte,Natal,Conjunto Jiqui
RN,Rio Grande do Norte,Natal,Conjunto Mirassol
RN,Rio Grande do Norte,Natal,Conjunto Morada Natal Sul
RN,Rio Grande do Norte,Natal,Conjunto Natal Sul
RN,Rio Grande do Norte,Natal,Conjunto Nova Natal
RN,Rio Grande do Norte,Natal,Conjunto Parque Coqueiros
RN,Rio Grande do Norte,Natal,Conjunto Piranci
RN,Rio Grande do Norte,Natal,Conjunto Pirangi
RN,Rio Grande do Norte,Natal,Conjunto Piranji
RN,Rio Grande do Norte,Natal,Conjunto Princeza Izabel
RN,Rio Grande do Norte,Natal,Conjunto Santarém
RN,Rio Grande do Norte,Natal,Conjunto Soledade II
RN,Rio Grande do Norte,Natal,Coqueiral
RN,Rio Grande do Norte,Natal,Cruz das Armas
RN,Rio Grande do Norte,Natal,Currais Novos
RN,Rio Grande do Norte,Natal,Distrito Industrial
RN,Rio Grande do Norte,Natal,Dix - Sert Rosado
RN,Rio Grande do Norte,Natal,Dix Sept Rosado
RN,Rio Grande do Norte,Natal,Dixsept Rosário
RN,Rio Grande do Norte,Natal,Dom Eliseu
RN,Rio Grande do Norte,Natal,Dom Jaime Câmara
RN,Rio Grande do Norte,Natal,Dom Pedro i
RN,Rio Grande do Norte,Natal,Emaus
RN,Rio Grande do Norte,Natal,Esperanca
RN,Rio Grande do Norte,Natal,Felipe Camarao
RN,Rio Grande do Norte,Natal,Fundão
RN,Rio Grande do Norte,Natal,Golandim
RN,Rio Grande do Norte,Natal,Guajiru
RN,Rio Grande do Norte,Natal,Guarapes
RN,Rio Grande do Norte,Natal,Guaratiba
RN,Rio Grande do Norte,Natal,Ibura
RN,Rio Grande do Norte,Natal,Igapo
RN,Rio Grande do Norte,Natal,Itanhangá
RN,Rio Grande do Norte,Natal,Jaqueline
RN,Rio Grande do Norte,Natal,Jardim Brasil
RN,Rio Grande do Norte,Natal,Jardim das Acácias
RN,Rio Grande do Norte,Natal,Jardim Lola
RN,Rio Grande do Norte,Natal,Jardim Progresso
RN,Rio Grande do Norte,Natal,Lagoa Azul
RN,Rio Grande do Norte,Natal,Lagoa Nova
RN,Rio Grande do Norte,Natal,Lagoa Nova II
RN,Rio Grande do Norte,Natal,Lagoa Seca
RN,Rio Grande do Norte,Natal,Latino
RN,Rio Grande do Norte,Natal,Logoa Nova
RN,Rio Grande do Norte,Natal,Loteamento Algimar
RN,Rio Grande do Norte,Natal,Loteamento Câmara Cascudo
RN,Rio Grande do Norte,Natal,Loteamento Mar Del Plata
RN,Rio Grande do Norte,Natal,Lotm Nova República
RN,Rio Grande do Norte,Natal,Macaíba
RN,Rio Grande do Norte,Natal,Mae Luiza
RN,Rio Grande do Norte,Natal,Manaíra
RN,Rio Grande do Norte,Natal,Maria da Graça
RN,Rio Grande do Norte,Natal,Monte Alegre
RN,Rio Grande do Norte,Natal,Monte Castelo
RN,Rio Grande do Norte,Natal,Morro Branco
RN,Rio Grande do Norte,Natal,Mossoró
RN,Rio Grande do Norte,Natal,Mossoro/Areia Branc
RN,Rio Grande do Norte,Natal,Município de Açú
RN,Rio Grande do Norte,Natal,Município S Miguel
RN,Rio Grande do Norte,Natal,N S da Apresentação
RN,Rio Grande do Norte,Natal,N. S. de Nazaré
RN,Rio Grande do Norte,Natal,N. Sra de Nazaré
RN,Rio Grande do Norte,Natal,Nazaré
RN,Rio Grande do Norte,Natal,Neopolis
RN,Rio Grande do Norte,Natal,Nordelandia
RN,Rio Grande do Norte,Natal,Nordeste
RN,Rio Grande do Norte,Natal,Nossa Senhora da Apresent
RN,Rio Grande do Norte,Natal,Nossa Senhora da Apresentação
RN,Rio Grande do Norte,Natal,Nossa Senhora de Nazaré
RN,Rio Grande do Norte,Natal,Nova Cidade
RN,Rio Grande do Norte,Natal,Nova Descoberta
RN,Rio Grande do Norte,Natal,Nova Desconerta
RN,Rio Grande do Norte,Natal,Nova Parnamarim
RN,Rio Grande do Norte,Natal,Nova Parnamerim
RN,Rio Grande do Norte,Natal,Nova Parnamirim
RN,Rio Grande do Norte,Natal,Nova Republica
RN,Rio Grande do Norte,Natal,Nova Zelandia
RN,Rio Grande do Norte,Natal,Novo Amarante
RN,Rio Grande do Norte,Natal,Ns Apresentação
RN,Rio Grande do Norte,Natal,NS de Nazaré
RN,Rio Grande do Norte,Natal,NSª da Apresentação
RN,Rio Grande do Norte,Natal,NSª Nazaré
RN,Rio Grande do Norte,Natal,NSrª de Nazaré
RN,Rio Grande do Norte,Natal,Olho D'agua Carrilho
RN,Rio Grande do Norte,Natal,Pajucara
RN,Rio Grande do Norte,Natal,Pajussara
RN,Rio Grande do Norte,Natal,Panatis
RN,Rio Grande do Norte,Natal,Panatis ii
RN,Rio Grande do Norte,Natal,Panatis iii
RN,Rio Grande do Norte,Natal,Paraú
RN,Rio Grande do Norte,Natal,Parnamirim
RN,Rio Grande do Norte,Natal,Parque Colinas
RN,Rio Grande do Norte,Natal,Parque das Dunas
RN,Rio Grande do Norte,Natal,Parque Exposicao
RN,Rio Grande do Norte,Natal,Parque Floresta
RN,Rio Grande do Norte,Natal,Parque Industrial
RN,Rio Grande do Norte,Natal,Passagem de Areia
RN,Rio Grande do Norte,Natal,Passo Patria
RN,Rio Grande do Norte,Natal,Petrópilis
RN,Rio Grande do Norte,Natal,Petropolis
RN,Rio Grande do Norte,Natal,Piraji III Etapa
RN,Rio Grande do Norte,Natal,Pirangi do Norte
RN,Rio Grande do Norte,Natal,Pirangi III Etapa
RN,Rio Grande do Norte,Natal,Piranji ii
RN,Rio Grande do Norte,Natal,Pitimbu
RN,Rio Grande do Norte,Natal,Planalto
RN,Rio Grande do Norte,Natal,Ponta Grossa
RN,Rio Grande do Norte,Natal,Ponta Negra
RN,Rio Grande do Norte,Natal,Ponto Negra
RN,Rio Grande do Norte,Natal,Potengi
RN,Rio Grande do Norte,Natal,Potilândia
RN,Rio Grande do Norte,Natal,Praia Meio
RN,Rio Grande do Norte,Natal,Quintas
RN,Rio Grande do Norte,Natal,Quintino Cunha
RN,Rio Grande do Norte,Natal,Redenção
RN,Rio Grande do Norte,Natal,Redinha
RN,Rio Grande do Norte,Natal,Redinha Nova
RN,Rio Grande do Norte,Natal,Rego Moleiro
RN,Rio Grande do Norte,Natal,Rego Muleiro
RN,Rio Grande do Norte,Natal,Ribeira
RN,Rio Grande do Norte,Natal,Rocas
RN,Rio Grande do Norte,Natal,Rosa dos Ventos
RN,Rio Grande do Norte,Natal,Salinas
RN,Rio Grande do Norte,Natal,San Vale
RN,Rio Grande do Norte,Natal,Santa Cruz
RN,Rio Grande do Norte,Natal,Santa Ines
RN,Rio Grande do Norte,Natal,Santa Rita
RN,Rio Grande do Norte,Natal,Santa Tereza
RN,Rio Grande do Norte,Natal,Santos Reis
RN,Rio Grande do Norte,Natal,São Gonçalo
RN,Rio Grande do Norte,Natal,São Gonçalo Amarant
RN,Rio Grande do Norte,Natal,Satelite
RN,Rio Grande do Norte,Natal,Secretário
RN,Rio Grande do Norte,Natal,Sem Bairro
RN,Rio Grande do Norte,Natal,Serra do Mel
RN,Rio Grande do Norte,Natal,Setor Industrial
RN,Rio Grande do Norte,Natal,Tejipió
RN,Rio Grande do Norte,Natal,Tirol
RN,Rio Grande do Norte,Natal,Torre
RN,Rio Grande do Norte,Natal,Treze de Maio
RN,Rio Grande do Norte,Natal,Urucuia
RN,Rio Grande do Norte,Natal,Vale do Patimbu
RN,Rio Grande do Norte,Natal,Vale Do Sol
RN,Rio Grande do Norte,Natal,Vale Dourado
RN,Rio Grande do Norte,Natal,Vila Paraiso
RN,Rio Grande do Norte,Natal,Vila Peri
RN,Rio Grande do Norte,Natal,Vila Ponta Negra
RN,Rio Grande do Norte,Natal,Vitória
RN,Rio Grande do Norte,Natal,Weda Nova
RN,Rio Grande do Norte,Natal,Wona
RN,Rio Grande do Norte,Nísia Floresta
RN,Rio Grande do Norte,Nísia Floresta,Alto Monte Hermínio
RN,Rio Grande do Norte,Nísia Floresta,Celina
RN,Rio Grande do Norte,Nísia Floresta,Centro
RN,Rio Grande do Norte,Nísia Floresta,Clovis Carvalho
RN,Rio Grande do Norte,Nísia Floresta,Jesse Freire
RN,Rio Grande do Norte,Nísia Floresta,Lagoa do Bomfim
RN,Rio Grande do Norte,Nísia Floresta,Nisia Floresta
RN,Rio Grande do Norte,Nísia Floresta,Porto
RN,Rio Grande do Norte,Nova Cruz
RN,Rio Grande do Norte,Nova Cruz,Alto das Flores
RN,Rio Grande do Norte,Nova Cruz,CAPIM MACIO
RN,Rio Grande do Norte,Nova Cruz,Centro
RN,Rio Grande do Norte,Nova Cruz,Cidade Sol
RN,Rio Grande do Norte,Nova Cruz,Cohab
RN,Rio Grande do Norte,Nova Cruz,Frei Damiao
RN,Rio Grande do Norte,Nova Cruz,Goianinha
RN,Rio Grande do Norte,Nova Cruz,Ipe
RN,Rio Grande do Norte,Nova Cruz,Matadouro
RN,Rio Grande do Norte,Nova Cruz,Montanhas
RN,Rio Grande do Norte,Nova Cruz,Nova Cruz
RN,Rio Grande do Norte,Nova Cruz,Salgado
RN,Rio Grande do Norte,Nova Cruz,Santa Luzia
RN,Rio Grande do Norte,Nova Cruz,Santa Maria Gorete
RN,Rio Grande do Norte,Nova Cruz,Sao Judas Tadeu
RN,Rio Grande do Norte,Nova Cruz,Sao Sebastiao
RN,Rio Grande do Norte,Nova Descoberta - Afonso Bezerra
RN,Rio Grande do Norte,Nova Descoberta - Afonso Bezerra,Nova Descoberta
RN,Rio Grande do Norte,Nova Descoberta - Ielmo Marinho
RN,Rio Grande do Norte,Nova Descoberta - Ielmo Marinho,Ielmo Marinho
RN,Rio Grande do Norte,Nova Descoberta - Ielmo Marinho,Nova Descoberta
RN,Rio Grande do Norte,Nova Esperança - Açu
RN,Rio Grande do Norte,Nova Esperança - Açu,Nova Esperanca
RN,Rio Grande do Norte,Olho-D'Água do Borges
RN,Rio Grande do Norte,Olho-D'Água do Borges,Centro
RN,Rio Grande do Norte,Ouro Branco
RN,Rio Grande do Norte,Ouro Branco,Alecrim
RN,Rio Grande do Norte,Ouro Branco,Ouro Branco
RN,Rio Grande do Norte,Pajuçara
RN,Rio Grande do Norte,Pajuçara,Pajucara
RN,Rio Grande do Norte,Panon I
RN,Rio Grande do Norte,Panon I,Centro
RN,Rio Grande do Norte,Panon II
RN,Rio Grande do Norte,Panon II,Centro
RN,Rio Grande do Norte,Paraná
RN,Rio Grande do Norte,Paraná,Parana
RN,Rio Grande do Norte,Paraú
RN,Rio Grande do Norte,Paraú,Centro
RN,Rio Grande do Norte,Paraú,Parau
RN,Rio Grande do Norte,Parazinho
RN,Rio Grande do Norte,Parazinho,Parazinho
RN,Rio Grande do Norte,Parelhas
RN,Rio Grande do Norte,Parelhas,Campo Grande
RN,Rio Grande do Norte,Parelhas,Centro
RN,Rio Grande do Norte,Parelhas,Cohab
RN,Rio Grande do Norte,Parelhas,Cruz Monte
RN,Rio Grande do Norte,Parelhas,Ivan Bezerra
RN,Rio Grande do Norte,Parelhas,Jardim Seridó
RN,Rio Grande do Norte,Parelhas,Maria iii
RN,Rio Grande do Norte,Parelhas,Parelhas
RN,Rio Grande do Norte,Parnamirim
RN,Rio Grande do Norte,Parnamirim,Água Vermelha
RN,Rio Grande do Norte,Parnamirim,Alecrim
RN,Rio Grande do Norte,Parnamirim,Bela Vista
RN,Rio Grande do Norte,Parnamirim,Boa Esperanca
RN,Rio Grande do Norte,Parnamirim,Boa Vista
RN,Rio Grande do Norte,Parnamirim,Cajupiranga
RN,Rio Grande do Norte,Parnamirim,CANDELÁRIA
RN,Rio Grande do Norte,Parnamirim,Centro
RN,Rio Grande do Norte,Parnamirim,Cidade Alta
RN,Rio Grande do Norte,Parnamirim,Cj Cohabnal
RN,Rio Grande do Norte,Parnamirim,Cj Jardim Aeroporto
RN,Rio Grande do Norte,Parnamirim,Cj Pqe Orquídeas
RN,Rio Grande do Norte,Parnamirim,Cohabinal
RN,Rio Grande do Norte,Parnamirim,Conjunto Jiqui
RN,Rio Grande do Norte,Parnamirim,Conjunto Santa Catarina
RN,Rio Grande do Norte,Parnamirim,Cotovelo
RN,Rio Grande do Norte,Parnamirim,Distrito Industrial
RN,Rio Grande do Norte,Parnamirim,Emaus
RN,Rio Grande do Norte,Parnamirim,Jardim Blumenau
RN,Rio Grande do Norte,Parnamirim,Jardim Cohabnal
RN,Rio Grande do Norte,Parnamirim,Jardim Planalto
RN,Rio Grande do Norte,Parnamirim,Jóckei Club
RN,Rio Grande do Norte,Parnamirim,LAGOA AZUL
RN,Rio Grande do Norte,Parnamirim,Liberdade
RN,Rio Grande do Norte,Parnamirim,Loteamento Guajiru
RN,Rio Grande do Norte,Parnamirim,Marília
RN,Rio Grande do Norte,Parnamirim,Monte Castelo
RN,Rio Grande do Norte,Parnamirim,Morada Nova
RN,Rio Grande do Norte,Parnamirim,Neópolis
RN,Rio Grande do Norte,Parnamirim,Nordeste
RN,Rio Grande do Norte,Parnamirim,Nossa Senhora da Apresentação
RN,Rio Grande do Norte,Parnamirim,Nova Parnamirim
RN,Rio Grande do Norte,Parnamirim,Novo Horizonte
RN,Rio Grande do Norte,Parnamirim,Pajuçara
RN,Rio Grande do Norte,Parnamirim,Parnamirim
RN,Rio Grande do Norte,Parnamirim,Parque do Pitimbu
RN,Rio Grande do Norte,Parnamirim,Parque Exposição
RN,Rio Grande do Norte,Parnamirim,Parque Exposicoes
RN,Rio Grande do Norte,Parnamirim,Parque Industrial
RN,Rio Grande do Norte,Parnamirim,Passagem Areia
RN,Rio Grande do Norte,Parnamirim,Pirangi Dentro
RN,Rio Grande do Norte,Parnamirim,Pirangi Do Norte
RN,Rio Grande do Norte,Parnamirim,Pium
RN,Rio Grande do Norte,Parnamirim,Planalto
RN,Rio Grande do Norte,Parnamirim,Potengi
RN,Rio Grande do Norte,Parnamirim,Prq Jockei Clube
RN,Rio Grande do Norte,Parnamirim,Redinha
RN,Rio Grande do Norte,Parnamirim,Rosa Ventos
RN,Rio Grande do Norte,Parnamirim,Santa Tereza
RN,Rio Grande do Norte,Parnamirim,Santos Reis
RN,Rio Grande do Norte,Parnamirim,Sem Bairro
RN,Rio Grande do Norte,Parnamirim,Taborda
RN,Rio Grande do Norte,Parnamirim,Tirol
RN,Rio Grande do Norte,Parnamirim,Touros
RN,Rio Grande do Norte,Parnamirim,Vale Sol
RN,Rio Grande do Norte,Parnamirim,Vida Nova
RN,Rio Grande do Norte,Parnamirim,Vila Ponta Negra
RN,Rio Grande do Norte,Parnamirim,Zona de Expansão
RN,Rio Grande do Norte,Parnamirim,Zona Urbana
RN,Rio Grande do Norte,Passa e Fica
RN,Rio Grande do Norte,Passa e Fica,Bela Vista
RN,Rio Grande do Norte,Passa e Fica,Centro
RN,Rio Grande do Norte,Passa e Fica,Macaíba
RN,Rio Grande do Norte,Passa e Fica,Ns Aparecida
RN,Rio Grande do Norte,Passa e Fica,Passa e Fica
RN,Rio Grande do Norte,Passa e Fica,Sao Pedro
RN,Rio Grande do Norte,Passa e Fica,Zona Rural
RN,Rio Grande do Norte,Passagem
RN,Rio Grande do Norte,Passagem,Passagem
RN,Rio Grande do Norte,Passagem de Pedra
RN,Rio Grande do Norte,Patane
RN,Rio Grande do Norte,Patane,Patane
RN,Rio Grande do Norte,Pataxó
RN,Rio Grande do Norte,Pataxó,Ipanguacu
RN,Rio Grande do Norte,Pataxó,Pataxo
RN,Rio Grande do Norte,Patu
RN,Rio Grande do Norte,Patu,Centro
RN,Rio Grande do Norte,Patu,Costa e Silva
RN,Rio Grande do Norte,Patu,Francisco Dantas
RN,Rio Grande do Norte,Patu,Patu
RN,Rio Grande do Norte,Patu,Quartel
RN,Rio Grande do Norte,Patu,Santa Terezinha
RN,Rio Grande do Norte,Pau Branco - Mossoró
RN,Rio Grande do Norte,Pau Branco - Mossoró,Mossoró
RN,Rio Grande do Norte,Pau Branco - Mossoró,Pau Branco
RN,Rio Grande do Norte,Pau Branco - São Miguel
RN,Rio Grande do Norte,Pau Branco - São Miguel,Centro
RN,Rio Grande do Norte,Pau dos Ferros
RN,Rio Grande do Norte,Pau dos Ferros,Alto Acude
RN,Rio Grande do Norte,Pau dos Ferros,Alto Ipiranga
RN,Rio Grande do Norte,Pau dos Ferros,Alto Jatoba
RN,Rio Grande do Norte,Pau dos Ferros,Arizona
RN,Rio Grande do Norte,Pau dos Ferros,Centro
RN,Rio Grande do Norte,Pau dos Ferros,Chico Caja
RN,Rio Grande do Norte,Pau dos Ferros,Currais Novos
RN,Rio Grande do Norte,Pau dos Ferros,Frei Damiao
RN,Rio Grande do Norte,Pau dos Ferros,João 23
RN,Rio Grande do Norte,Pau dos Ferros,Lagoa Pedra
RN,Rio Grande do Norte,Pau dos Ferros,Liberdade
RN,Rio Grande do Norte,Pau dos Ferros,Lot Ligeirinho
RN,Rio Grande do Norte,Pau dos Ferros,Manoel Deodato
RN,Rio Grande do Norte,Pau dos Ferros,Manoel Domingos
RN,Rio Grande do Norte,Pau dos Ferros,Nacoes Unidas
RN,Rio Grande do Norte,Pau dos Ferros,Paraiso
RN,Rio Grande do Norte,Pau dos Ferros,Pau Ferros
RN,Rio Grande do Norte,Pau dos Ferros,Portal Oeste
RN,Rio Grande do Norte,Pau dos Ferros,Princezinha Oeste
RN,Rio Grande do Norte,Pau dos Ferros,Riacho do Meio
RN,Rio Grande do Norte,Pau dos Ferros,Sao Benedito
RN,Rio Grande do Norte,Pau dos Ferros,Sao Geraldo
RN,Rio Grande do Norte,Pau dos Ferros,São José
RN,Rio Grande do Norte,Pau dos Ferros,Sao Judas Tadeu
RN,Rio Grande do Norte,Pau dos Ferros,Tirol
RN,Rio Grande do Norte,Pau-Brasil
RN,Rio Grande do Norte,Pau-Brasil,Pau Brasil
RN,Rio Grande do Norte,Pedra Grande
RN,Rio Grande do Norte,Pedra Grande,Pedra Grande
RN,Rio Grande do Norte,Pedra Preta
RN,Rio Grande do Norte,Pedra Preta,Pedra Preta
RN,Rio Grande do Norte,Pedro Avelino
RN,Rio Grande do Norte,Pedro Avelino,Centro
RN,Rio Grande do Norte,Pedro Avelino,Cohab
RN,Rio Grande do Norte,Pedro Avelino,Donatile
RN,Rio Grande do Norte,Pedro Avelino,Pedro Avelino
RN,Rio Grande do Norte,Pedro Velho
RN,Rio Grande do Norte,Pedro Velho,Centro
RN,Rio Grande do Norte,Pedro Velho,Pedro Velho
RN,Rio Grande do Norte,Pendências
RN,Rio Grande do Norte,Pendências,Campos
RN,Rio Grande do Norte,Pendências,Centro
RN,Rio Grande do Norte,Pendências,Independencia
RN,Rio Grande do Norte,Pendências,j Novo
RN,Rio Grande do Norte,Pendências,Mulungu
RN,Rio Grande do Norte,Pendências,Pendencias
RN,Rio Grande do Norte,Pendências,Promorar
RN,Rio Grande do Norte,Pendências,Rocas
RN,Rio Grande do Norte,Pendências,Sao Joao
RN,Rio Grande do Norte,Pendências,Tirol
RN,Rio Grande do Norte,Perobas
RN,Rio Grande do Norte,Perobas,Perobas
RN,Rio Grande do Norte,Piau
RN,Rio Grande do Norte,Piau,Piau
RN,Rio Grande do Norte,Piau,Tibau Sul
RN,Rio Grande do Norte,Pico Estreito
RN,Rio Grande do Norte,Pico Estreito,Baraunas
RN,Rio Grande do Norte,Pilões
RN,Rio Grande do Norte,Pilões,Piloes
RN,Rio Grande do Norte,Pipa
RN,Rio Grande do Norte,Pipa,Alecrim
RN,Rio Grande do Norte,Pipa,Barra de Cunhaú
RN,Rio Grande do Norte,Pipa,Centro
RN,Rio Grande do Norte,Pipa,João Paulo II
RN,Rio Grande do Norte,Pipa,Pipa
RN,Rio Grande do Norte,Pipa,PITIMBU
RN,Rio Grande do Norte,Pipa,Praia Do Amor
RN,Rio Grande do Norte,Pipa,Praia Minas
RN,Rio Grande do Norte,Pipa,São José de Mipibu
RN,Rio Grande do Norte,Pipa,Tibau Sul
RN,Rio Grande do Norte,Piquiri - Canguaretama
RN,Rio Grande do Norte,Piquiri - Canguaretama,Piquiri
RN,Rio Grande do Norte,Piquiri - Mossoró
RN,Rio Grande do Norte,Piquiri - Mossoró,Centro
RN,Rio Grande do Norte,Pirangi do Norte
RN,Rio Grande do Norte,Pirangi do Norte,Centro
RN,Rio Grande do Norte,Pirangi do Norte,Cotovelo
RN,Rio Grande do Norte,Pirangi do Norte,Pirangi Norte
RN,Rio Grande do Norte,Pirangi do Norte,Pium
RN,Rio Grande do Norte,Pirangi do Sul
RN,Rio Grande do Norte,Pirangi do Sul,Nisia Floresta
RN,Rio Grande do Norte,Pirangi do Sul,Pirangi Sul
RN,Rio Grande do Norte,Pitangui
RN,Rio Grande do Norte,Pitangui,Gracandu
RN,Rio Grande do Norte,Pitangui,Pitangui
RN,Rio Grande do Norte,Pititinga
RN,Rio Grande do Norte,Pititinga,Pititinga
RN,Rio Grande do Norte,Pium
RN,Rio Grande do Norte,Pium,Pium
RN,Rio Grande do Norte,Pium,Portalegre
RN,Rio Grande do Norte,Poço Branco
RN,Rio Grande do Norte,Poço Branco,Poco Branco
RN,Rio Grande do Norte,Poço de Pedra - São Gonçalo do Amarante
RN,Rio Grande do Norte,Poço de Pedra - São Gonçalo do Amarante,Genipapo
RN,Rio Grande do Norte,Poço de Pedra - São Gonçalo do Amarante,Poco Pedra
RN,Rio Grande do Norte,Ponta do Mato
RN,Rio Grande do Norte,Ponta do Mato,Ponta Mato
RN,Rio Grande do Norte,Ponta do Mel
RN,Rio Grande do Norte,Ponta do Mel,Areia Branca
RN,Rio Grande do Norte,Ponta do Mel,Centro
RN,Rio Grande do Norte,Ponta do Mel,Ponta Mel
RN,Rio Grande do Norte,Portalegre
RN,Rio Grande do Norte,Portalegre,Centro
RN,Rio Grande do Norte,Portalegre,Portalegre
RN,Rio Grande do Norte,Porto do Mangue
RN,Rio Grande do Norte,Porto do Mangue,Centro
RN,Rio Grande do Norte,Porto do Mangue,Porto Mangue
RN,Rio Grande do Norte,Pousa
RN,Rio Grande do Norte,Pousa,Pousa
RN,Rio Grande do Norte,Praia do Marco
RN,Rio Grande do Norte,Primeira Lagoa - Ceará-Mirim
RN,Rio Grande do Norte,Primeira Lagoa - Ceará-Mirim,Ceara Mirim
RN,Rio Grande do Norte,Primeira Lagoa - Ceará-Mirim,Primeira Lagoa
RN,Rio Grande do Norte,Primeira Lagoa - Nova Cruz
RN,Rio Grande do Norte,Primeira Lagoa - Nova Cruz,Nova Cruz
RN,Rio Grande do Norte,Primeira Lagoa - Nova Cruz,Primeira Lagoa
RN,Rio Grande do Norte,Punau
RN,Rio Grande do Norte,Punau,Punau
RN,Rio Grande do Norte,Pureza
RN,Rio Grande do Norte,Pureza,Pureza
RN,Rio Grande do Norte,Queimadas
RN,Rio Grande do Norte,Queimadas,Queimadas
RN,Rio Grande do Norte,Rafael Fernandes
RN,Rio Grande do Norte,Rafael Fernandes,Centro
RN,Rio Grande do Norte,Rafael Fernandes,Rafael Fernandes
RN,Rio Grande do Norte,Rafael Godeiro
RN,Rio Grande do Norte,Rafael Godeiro,Rafael Godeiro
RN,Rio Grande do Norte,Raposa
RN,Rio Grande do Norte,Raposa,Raposa
RN,Rio Grande do Norte,Redenção
RN,Rio Grande do Norte,Redenção,Redencao
RN,Rio Grande do Norte,Redenção,Santo Antonio
RN,Rio Grande do Norte,Redinha
RN,Rio Grande do Norte,Redinha,Candelária
RN,Rio Grande do Norte,Redinha,Neópolis
RN,Rio Grande do Norte,Redinha,Redinha
RN,Rio Grande do Norte,Redinha,Santa Rita
RN,Rio Grande do Norte,Redinha,Tirol
RN,Rio Grande do Norte,Redonda
RN,Rio Grande do Norte,Redonda,Redonda
RN,Rio Grande do Norte,Riacho da Cruz
RN,Rio Grande do Norte,Riacho da Cruz,Centro
RN,Rio Grande do Norte,Riacho da Cruz,Riacho Cruz
RN,Rio Grande do Norte,Riacho de Santana
RN,Rio Grande do Norte,Riacho de Santana,Centro
RN,Rio Grande do Norte,Riacho de Santana,Esperanca
RN,Rio Grande do Norte,Riacho de Santana,Novo Horizonte
RN,Rio Grande do Norte,Riacho de Santana,Renascer
RN,Rio Grande do Norte,Riacho de Santana,Riacho Santana
RN,Rio Grande do Norte,Riacho de Santana,Sao Goncalo
RN,Rio Grande do Norte,Riacho de Santana,Sao Joao Batista
RN,Rio Grande do Norte,Riacho do Sangue
RN,Rio Grande do Norte,Riachuelo
RN,Rio Grande do Norte,Riachuelo,Riachuelo
RN,Rio Grande do Norte,Rio da Prata
RN,Rio Grande do Norte,Rio da Prata,Lt Liberdade
RN,Rio Grande do Norte,Rio da Prata,Rio Prata
RN,Rio Grande do Norte,Rio da Prata,Utinga
RN,Rio Grande do Norte,Rio do Fogo
RN,Rio Grande do Norte,Rio do Fogo,Perobas
RN,Rio Grande do Norte,Rio do Fogo,Praia do Zumbi
RN,Rio Grande do Norte,Rio do Fogo,Rio Fogo
RN,Rio Grande do Norte,Rio dos Índios
RN,Rio Grande do Norte,Rio dos Índios,Rio Indios
RN,Rio Grande do Norte,Rodolfo Fernandes
RN,Rio Grande do Norte,Rodolfo Fernandes,Centro
RN,Rio Grande do Norte,Rodolfo Fernandes,Lot Ligeirinho
RN,Rio Grande do Norte,Rodolfo Fernandes,Rodolfo Fernandes
RN,Rio Grande do Norte,Ruy Barbosa
RN,Rio Grande do Norte,Ruy Barbosa,Ruy Barbosa
RN,Rio Grande do Norte,Sagi
RN,Rio Grande do Norte,Sagi,Sagi
RN,Rio Grande do Norte,Santa Aguida
RN,Rio Grande do Norte,Santa Cruz
RN,Rio Grande do Norte,Santa Cruz,Aluizio Bezerra
RN,Rio Grande do Norte,Santa Cruz,Barro Vermelho
RN,Rio Grande do Norte,Santa Cruz,Centro
RN,Rio Grande do Norte,Santa Cruz,Conego Monte
RN,Rio Grande do Norte,Santa Cruz,Dner
RN,Rio Grande do Norte,Santa Cruz,Jaçanã
RN,Rio Grande do Norte,Santa Cruz,Maracuja
RN,Rio Grande do Norte,Santa Cruz,Nova Cruz
RN,Rio Grande do Norte,Santa Cruz,Nova Parnamirim
RN,Rio Grande do Norte,Santa Cruz,Paraiso
RN,Rio Grande do Norte,Santa Cruz,Santa Cruz
RN,Rio Grande do Norte,Santa Cruz,São Paulo Potengi
RN,Rio Grande do Norte,Santa Cruz,Tangará
RN,Rio Grande do Norte,Santa Fé
RN,Rio Grande do Norte,Santa Fé,Santa Fe
RN,Rio Grande do Norte,Santa Luzia - Touros
RN,Rio Grande do Norte,Santa Luzia - Touros,Santa Luzia
RN,Rio Grande do Norte,Santa Luzia - Touros,Touros
RN,Rio Grande do Norte,Santa Maria
RN,Rio Grande do Norte,Santa Maria,Santa Maria
RN,Rio Grande do Norte,Santana do Matos
RN,Rio Grande do Norte,Santana do Matos,Centro
RN,Rio Grande do Norte,Santana do Matos,Santa Luzia
RN,Rio Grande do Norte,Santana do Matos,Santana Matos
RN,Rio Grande do Norte,Santana do Seridó
RN,Rio Grande do Norte,Santana do Seridó,Parelhas
RN,Rio Grande do Norte,Santana do Seridó,Santana Serido
RN,Rio Grande do Norte,Santo Antônio
RN,Rio Grande do Norte,Santo Antônio,Centro
RN,Rio Grande do Norte,Santo Antônio,Gracandu
RN,Rio Grande do Norte,Santo Antônio,Santo Antonio
RN,Rio Grande do Norte,Santo Antônio,Sao Domingos
RN,Rio Grande do Norte,Santo Antônio,Serrinha
RN,Rio Grande do Norte,Santo Antônio - Severiano Melo
RN,Rio Grande do Norte,Santo Antônio - Severiano Melo,Santo Antonio
RN,Rio Grande do Norte,Santo Antônio da Cobra
RN,Rio Grande do Norte,Santo Antônio da Cobra,Santo Antonio Cobras
RN,Rio Grande do Norte,Santo Antônio do Potengi
RN,Rio Grande do Norte,Santo Antônio do Potengi,Santo a Potengi
RN,Rio Grande do Norte,Santo Antônio do Potengi,São Gonçalo Amarant
RN,Rio Grande do Norte,São Bento do Norte
RN,Rio Grande do Norte,São Bento do Norte,Caiçara
RN,Rio Grande do Norte,São Bento do Norte,Centro
RN,Rio Grande do Norte,São Bento do Norte,Sao Bento Norte
RN,Rio Grande do Norte,São Bento do Trairi
RN,Rio Grande do Norte,São Bento do Trairi,Sao Bento Trairi
RN,Rio Grande do Norte,São Bernardo
RN,Rio Grande do Norte,São Bernardo,Sao Bernardo
RN,Rio Grande do Norte,São Fernando
RN,Rio Grande do Norte,São Fernando,Centro
RN,Rio Grande do Norte,São Fernando,Júlio Bezerra
RN,Rio Grande do Norte,São Fernando,Sao Fernando
RN,Rio Grande do Norte,São Fernando,Vital g Medeiros
RN,Rio Grande do Norte,São Francisco do Oeste
RN,Rio Grande do Norte,São Francisco do Oeste,7 Setembro
RN,Rio Grande do Norte,São Francisco do Oeste,Ceara
RN,Rio Grande do Norte,São Francisco do Oeste,Centro
RN,Rio Grande do Norte,São Francisco do Oeste,Novo Horizonte
RN,Rio Grande do Norte,São Francisco do Oeste,Sao Francisco Oeste
RN,Rio Grande do Norte,São Francisco do Oeste,Vila Nova
RN,Rio Grande do Norte,São Geraldo
RN,Rio Grande do Norte,São Geraldo,Centro
RN,Rio Grande do Norte,São Geraldo,Sao Geraldo
RN,Rio Grande do Norte,São Gonçalo do Amarante
RN,Rio Grande do Norte,São Gonçalo do Amarante,Canaa
RN,Rio Grande do Norte,São Gonçalo do Amarante,CAPIM MACIO
RN,Rio Grande do Norte,São Gonçalo do Amarante,Centro
RN,Rio Grande do Norte,São Gonçalo do Amarante,Emaus
RN,Rio Grande do Norte,São Gonçalo do Amarante,Guanduba
RN,Rio Grande do Norte,São Gonçalo do Amarante,Jardim Leblom
RN,Rio Grande do Norte,São Gonçalo do Amarante,Neópolis
RN,Rio Grande do Norte,São Gonçalo do Amarante,Nova Parnamirim
RN,Rio Grande do Norte,São Gonçalo do Amarante,Novo Amarante
RN,Rio Grande do Norte,São Gonçalo do Amarante,Novo s Goncalo
RN,Rio Grande do Norte,São Gonçalo do Amarante,Olho Dagua
RN,Rio Grande do Norte,São Gonçalo do Amarante,Pitimbu
RN,Rio Grande do Norte,São Gonçalo do Amarante,Rêgo Moleiro
RN,Rio Grande do Norte,São Gonçalo do Amarante,Sambura
RN,Rio Grande do Norte,São Gonçalo do Amarante,Santa Terezinha
RN,Rio Grande do Norte,São Gonçalo do Amarante,Santa Terezinha 3
RN,Rio Grande do Norte,São Gonçalo do Amarante,Santo a Potengi
RN,Rio Grande do Norte,São Gonçalo do Amarante,Sao Goncalo Amarante
RN,Rio Grande do Norte,São Gonçalo do Amarante,Tirol
RN,Rio Grande do Norte,São João do Sabugi
RN,Rio Grande do Norte,São João do Sabugi,Centro
RN,Rio Grande do Norte,São João do Sabugi,Sao Joao Sabugi
RN,Rio Grande do Norte,São José
RN,Rio Grande do Norte,São José,Alto Rodrigues
RN,Rio Grande do Norte,São José,Sao Jose
RN,Rio Grande do Norte,São José de Mipibu
RN,Rio Grande do Norte,São José de Mipibu,Bairro Novo
RN,Rio Grande do Norte,São José de Mipibu,Boa Esperança
RN,Rio Grande do Norte,São José de Mipibu,Brisa Bomfim
RN,Rio Grande do Norte,São José de Mipibu,Centro
RN,Rio Grande do Norte,São José de Mipibu,Cohab
RN,Rio Grande do Norte,São José de Mipibu,Ipe
RN,Rio Grande do Norte,São José de Mipibu,Lagoa Azul
RN,Rio Grande do Norte,São José de Mipibu,Lagoa Bomfim
RN,Rio Grande do Norte,São José de Mipibu,Parnamirim
RN,Rio Grande do Norte,São José de Mipibu,Parque Praia
RN,Rio Grande do Norte,São José de Mipibu,Parque s Cristovao
RN,Rio Grande do Norte,São José de Mipibu,Quebra Fuzil
RN,Rio Grande do Norte,São José de Mipibu,Sao Jose Mipibu
RN,Rio Grande do Norte,São José de Mipibu,Taborda
RN,Rio Grande do Norte,São José de Mipibu,Tancredo Neves
RN,Rio Grande do Norte,São José de Touros
RN,Rio Grande do Norte,São José de Touros,Sao Jose Touros
RN,Rio Grande do Norte,São José do Campestre
RN,Rio Grande do Norte,São José do Campestre,Bairro das Indústrias
RN,Rio Grande do Norte,São José do Campestre,Centro
RN,Rio Grande do Norte,São José do Campestre,Sao Jose Campestre
RN,Rio Grande do Norte,São José do Potengi
RN,Rio Grande do Norte,São José do Potengi,Sao Jose Potengi
RN,Rio Grande do Norte,São José do Seridó
RN,Rio Grande do Norte,São José do Seridó,Centro
RN,Rio Grande do Norte,São José do Seridó,Sao Jose Serido
RN,Rio Grande do Norte,São Miguel
RN,Rio Grande do Norte,São Miguel,Alto Santa Tereza
RN,Rio Grande do Norte,São Miguel,Centro
RN,Rio Grande do Norte,São Miguel,Lima
RN,Rio Grande do Norte,São Miguel,Sao Miguel
RN,Rio Grande do Norte,São Miguel,Zona Rural
RN,Rio Grande do Norte,São Miguel de Touros
RN,Rio Grande do Norte,São Miguel de Touros,Monte Alegre
RN,Rio Grande do Norte,São Miguel de Touros,Sao Miguel Gostoso
RN,Rio Grande do Norte,São Miguel de Touros,Touros
RN,Rio Grande do Norte,São Paulo do Potengi
RN,Rio Grande do Norte,São Paulo do Potengi,Alto Potengi
RN,Rio Grande do Norte,São Paulo do Potengi,Assunção
RN,Rio Grande do Norte,São Paulo do Potengi,Centro
RN,Rio Grande do Norte,São Paulo do Potengi,Ns Aparecida
RN,Rio Grande do Norte,São Paulo do Potengi,Potengi
RN,Rio Grande do Norte,São Paulo do Potengi,Santa Clara
RN,Rio Grande do Norte,São Paulo do Potengi,Santos Dumont
RN,Rio Grande do Norte,São Paulo do Potengi,Sao Paulo Potengi
RN,Rio Grande do Norte,São Paulo do Potengi,São Tomé
RN,Rio Grande do Norte,São Pedro
RN,Rio Grande do Norte,São Pedro,Sao Pedro Potengi
RN,Rio Grande do Norte,São Rafael
RN,Rio Grande do Norte,São Rafael,Alto Bela Vista
RN,Rio Grande do Norte,São Rafael,Centro
RN,Rio Grande do Norte,São Rafael,Sao Rafael
RN,Rio Grande do Norte,São Tomé
RN,Rio Grande do Norte,São Tomé,Centro
RN,Rio Grande do Norte,São Tomé,Sao Tome
RN,Rio Grande do Norte,São Vicente
RN,Rio Grande do Norte,São Vicente,Sao Vicente
RN,Rio Grande do Norte,Senador Eloi de Souza
RN,Rio Grande do Norte,Senador Eloi de Souza,Sen Eloi Souza
RN,Rio Grande do Norte,Senador Georgino Avelino
RN,Rio Grande do Norte,Senador Georgino Avelino,Sen Georgino Avelin
RN,Rio Grande do Norte,Serra Caiada
RN,Rio Grande do Norte,Serra Caiada,Saudade
RN,Rio Grande do Norte,Serra Caiada,Serra Caiada
RN,Rio Grande do Norte,Serra da Tapuia
RN,Rio Grande do Norte,Serra da Tapuia,Serra Tapuia
RN,Rio Grande do Norte,Serra de São Bento
RN,Rio Grande do Norte,Serra de São Bento,Boa Vista
RN,Rio Grande do Norte,Serra de São Bento,Serra Sao Bento
RN,Rio Grande do Norte,Serra do Mel
RN,Rio Grande do Norte,Serra do Mel,Centro
RN,Rio Grande do Norte,Serra do Mel,São Francisco
RN,Rio Grande do Norte,Serra do Mel,Serra Mel
RN,Rio Grande do Norte,Serra Negra do Norte
RN,Rio Grande do Norte,Serra Negra do Norte,Centro
RN,Rio Grande do Norte,Serra Negra do Norte,Serra Negra Norte
RN,Rio Grande do Norte,Serra Pelada
RN,Rio Grande do Norte,Serra Pelada,Serra Pelada
RN,Rio Grande do Norte,Serra Pelada,Taipu
RN,Rio Grande do Norte,Serrinha
RN,Rio Grande do Norte,Serrinha,Serrinha
RN,Rio Grande do Norte,Serrinha de Cima
RN,Rio Grande do Norte,Serrinha de Cima,Serrinha Cima
RN,Rio Grande do Norte,Serrinha dos Pintos
RN,Rio Grande do Norte,Serrinha dos Pintos,Serrinha Pintos
RN,Rio Grande do Norte,Serrote dos Bezerros
RN,Rio Grande do Norte,Serrote dos Bezerros,Serrote Bezerros
RN,Rio Grande do Norte,Severiano Melo
RN,Rio Grande do Norte,Severiano Melo,Centro
RN,Rio Grande do Norte,Severiano Melo,Cj Ulrick Graff
RN,Rio Grande do Norte,Severiano Melo,Santo Antonio
RN,Rio Grande do Norte,Severiano Melo,Severiano Melo
RN,Rio Grande do Norte,Sibaúma
RN,Rio Grande do Norte,Sibaúma,Pipa
RN,Rio Grande do Norte,Sibaúma,Simbauma
RN,Rio Grande do Norte,Sítio de Dentro
RN,Rio Grande do Norte,Sítio de Dentro,Sitio Dentro
RN,Rio Grande do Norte,Sítio Novo
RN,Rio Grande do Norte,Sítio Novo,Sitio Novo
RN,Rio Grande do Norte,Sítio Pedrinhas
RN,Rio Grande do Norte,Sítio Pedrinhas,Centro
RN,Rio Grande do Norte,Sítio Santa Cruz
RN,Rio Grande do Norte,Sítio Santa Cruz,Sitio Santa Cruz
RN,Rio Grande do Norte,Sítio Santana
RN,Rio Grande do Norte,Sítio Velame
RN,Rio Grande do Norte,Sítio Velame,Centro
RN,Rio Grande do Norte,Sítio Velame,Sitio Velame
RN,Rio Grande do Norte,Sobrado
RN,Rio Grande do Norte,Sobrado,Monte Alegre
RN,Rio Grande do Norte,Sobrado,Sobrado
RN,Rio Grande do Norte,Soledade
RN,Rio Grande do Norte,Soledade,Apodi
RN,Rio Grande do Norte,Soledade,Soledade
RN,Rio Grande do Norte,Sumaré
RN,Rio Grande do Norte,Taboca
RN,Rio Grande do Norte,Taboleiro Grande
RN,Rio Grande do Norte,Taboleiro Grande,Centro
RN,Rio Grande do Norte,Taboleiro Grande,Tabuleiro Grande
RN,Rio Grande do Norte,Tabuao
RN,Rio Grande do Norte,Taipu
RN,Rio Grande do Norte,Taipu,Poço Branco
RN,Rio Grande do Norte,Taipu,Taipu
RN,Rio Grande do Norte,Tangará
RN,Rio Grande do Norte,Tangará,Centro
RN,Rio Grande do Norte,Tangará,Cohab
RN,Rio Grande do Norte,Tangará,Ns Fatima
RN,Rio Grande do Norte,Tangará,QUINTAS
RN,Rio Grande do Norte,Tangará,Tangara
RN,Rio Grande do Norte,Tapará
RN,Rio Grande do Norte,Tapará,Tapara
RN,Rio Grande do Norte,Tenente Ananias
RN,Rio Grande do Norte,Tenente Ananias,Centro
RN,Rio Grande do Norte,Tenente Ananias,Cohab
RN,Rio Grande do Norte,Tenente Ananias,Olimpio
RN,Rio Grande do Norte,Tenente Ananias,Tenente Ananias
RN,Rio Grande do Norte,Tenente Laurentino Cruz
RN,Rio Grande do Norte,Tenente Laurentino Cruz,Tenente Laurentino
RN,Rio Grande do Norte,Tibau
RN,Rio Grande do Norte,Tibau,Alexandria
RN,Rio Grande do Norte,Tibau,Centro
RN,Rio Grande do Norte,Tibau,Emanuelas
RN,Rio Grande do Norte,Tibau,Tibau
RN,Rio Grande do Norte,Tibau do Sul
RN,Rio Grande do Norte,Tibau do Sul,Alecrim
RN,Rio Grande do Norte,Tibau do Sul,Centro
RN,Rio Grande do Norte,Tibau do Sul,Pipa
RN,Rio Grande do Norte,Tibau do Sul,Praia de Pipa
RN,Rio Grande do Norte,Tibau do Sul,Tibau Sul
RN,Rio Grande do Norte,Timbaúba - Monte Alegre
RN,Rio Grande do Norte,Timbaúba - Monte Alegre,Timbauba
RN,Rio Grande do Norte,Timbaúba dos Batistas
RN,Rio Grande do Norte,Timbaúba dos Batistas,Timbauba Batista
RN,Rio Grande do Norte,Timbó
RN,Rio Grande do Norte,Timbó,Timbo
RN,Rio Grande do Norte,Touros
RN,Rio Grande do Norte,Touros,Cajueiro
RN,Rio Grande do Norte,Touros,Calcanhar
RN,Rio Grande do Norte,Touros,Centro
RN,Rio Grande do Norte,Touros,Jardim Paraíso
RN,Rio Grande do Norte,Touros,Tirol
RN,Rio Grande do Norte,Touros,Touros
RN,Rio Grande do Norte,Traíras
RN,Rio Grande do Norte,Triunfo Potiguar
RN,Rio Grande do Norte,Triunfo Potiguar,Campo Grande
RN,Rio Grande do Norte,Triunfo Potiguar,Centro
RN,Rio Grande do Norte,Tubibal
RN,Rio Grande do Norte,Tubibal,Tubibau
RN,Rio Grande do Norte,Umari - Ielmo Marinho
RN,Rio Grande do Norte,Umari - Ielmo Marinho,Umari
RN,Rio Grande do Norte,Umari de Baixo
RN,Rio Grande do Norte,Umari de Baixo,Umari Baixo
RN,Rio Grande do Norte,Umarizal
RN,Rio Grande do Norte,Umarizal,Centro
RN,Rio Grande do Norte,Umarizal,Cohab
RN,Rio Grande do Norte,Umarizal,Ipe
RN,Rio Grande do Norte,Umarizal,La Lins
RN,Rio Grande do Norte,Umarizal,Mossoró
RN,Rio Grande do Norte,Umarizal,Umarizal
RN,Rio Grande do Norte,Umarizal,Zona Urbana
RN,Rio Grande do Norte,Upanema
RN,Rio Grande do Norte,Upanema,Centro
RN,Rio Grande do Norte,Upanema,Cohab
RN,Rio Grande do Norte,Upanema,Upanema
RN,Rio Grande do Norte,Upanema de Cima
RN,Rio Grande do Norte,Uruaçú
RN,Rio Grande do Norte,Uruaçú,Uruacu
RN,Rio Grande do Norte,Várzea
RN,Rio Grande do Norte,Várzea,Varzea
RN,Rio Grande do Norte,Venha-Ver
RN,Rio Grande do Norte,Venha-Ver,Venha Ver
RN,Rio Grande do Norte,Vera Cruz
RN,Rio Grande do Norte,Vera Cruz,Vera Cruz
RN,Rio Grande do Norte,Viçosa
RN,Rio Grande do Norte,Viçosa,Vicosa
RN,Rio Grande do Norte,Vila Ângelo Calmon de Sá
RN,Rio Grande do Norte,Vila Ângelo Calmon de Sá,Vila Angelo c Sa
RN,Rio Grande do Norte,Vila Assis
RN,Rio Grande do Norte,Vila Assis,Assis Chateaubriand
RN,Rio Grande do Norte,Vila Baía Formosa
RN,Rio Grande do Norte,Vila Baía Formosa,Baia Formosa
RN,Rio Grande do Norte,Vila Ceará
RN,Rio Grande do Norte,Vila de Fátima
RN,Rio Grande do Norte,Vila de Fátima,Vila Fatima
RN,Rio Grande do Norte,Vila de São Sebastião
RN,Rio Grande do Norte,Vila de São Sebastião,Vila Sao Sebastiao
RN,Rio Grande do Norte,Vila Flor
RN,Rio Grande do Norte,Vila Flor,Ps Vila Flor
RN,Rio Grande do Norte,Vila Flor,Vila Flor
RN,Rio Grande do Norte,Vila Goiás
RN,Rio Grande do Norte,Vila Goiás,Serra Mel
RN,Rio Grande do Norte,Vila Guanabara
RN,Rio Grande do Norte,Vila Guanabara,Serra Mel
RN,Rio Grande do Norte,Vila Israel
RN,Rio Grande do Norte,Vila Mata
RN,Rio Grande do Norte,Vila Mata,Vila Mata
RN,Rio Grande do Norte,Vila Mato Grosso
RN,Rio Grande do Norte,Vila Mato Grosso,Serra Mel
RN,Rio Grande do Norte,Vila Mayne
RN,Rio Grande do Norte,Vila Paraná
RN,Rio Grande do Norte,Vila Paraná,Serra Mel
RN,Rio Grande do Norte,Vila Piauí
RN,Rio Grande do Norte,Vila Piauí,Serra Mel
RN,Rio Grande do Norte,Vila Rio de Janeiro
RN,Rio Grande do Norte,Vila São Paulo
RN,Rio Grande do Norte,Vila São Paulo,Serra Mel
RN,Rio Grande do Norte,Zumbi
RN,Rio Grande do Norte,Zumbi,Maxaranguape
RN,Rio Grande do Norte,Zumbi,Zumbi
