RO,Rondônia
RO,Rondônia,Porto Velho
RO,Rondônia,Porto Velho,22 de Dezembro
RO,Rondônia,Porto Velho,3 Maria
RO,Rondônia,Porto Velho,A Floresta
RO,Rondônia,Porto Velho,Aeroclub
RO,Rondônia,Porto Velho,Aeroporto
RO,Rondônia,Porto Velho,Agenor Carvalho
RO,Rondônia,Porto Velho,Agenor M. Carvalho
RO,Rondônia,Porto Velho,Agenor Martins de Carvalh
RO,Rondônia,Porto Velho,Agenor Martins de Carvalho
RO,Rondônia,Porto Velho,Alphaville
RO,Rondônia,Porto Velho,Aponia
RO,Rondônia,Porto Velho,Areal
RO,Rondônia,Porto Velho,Areal Floresta
RO,Rondônia,Porto Velho,Areia Branca
RO,Rondônia,Porto Velho,Arigolândia
RO,Rondônia,Porto Velho,B Vista
RO,Rondônia,Porto Velho,Baixa União
RO,Rondônia,Porto Velho,Balsa
RO,Rondônia,Porto Velho,Bela Vista
RO,Rondônia,Porto Velho,Belvederes
RO,Rondônia,Porto Velho,Bosque
RO,Rondônia,Porto Velho,Br
RO,Rondônia,Porto Velho,Br 364
RO,Rondônia,Porto Velho,C Lobo
RO,Rondônia,Porto Velho,C Silva
RO,Rondônia,Porto Velho,Caiari
RO,Rondônia,Porto Velho,Caladinho
RO,Rondônia,Porto Velho,Calama
RO,Rondônia,Porto Velho,Carvalho
RO,Rondônia,Porto Velho,Cascalheira
RO,Rondônia,Porto Velho,Castanheira
RO,Rondônia,Porto Velho,Centro
RO,Rondônia,Porto Velho,Cidade Jardim
RO,Rondônia,Porto Velho,Cidade Lobo
RO,Rondônia,Porto Velho,Cidade Nova
RO,Rondônia,Porto Velho,Cj M Rondon
RO,Rondônia,Porto Velho,Cj R Guaporé
RO,Rondônia,Porto Velho,Clodoaldo Ponte Pinto
RO,Rondônia,Porto Velho,Codaron
RO,Rondônia,Porto Velho,Cohab
RO,Rondônia,Porto Velho,Cohab Floresta
RO,Rondônia,Porto Velho,Cohab-Floresanta II
RO,Rondônia,Porto Velho,Cohab-Floresta II
RO,Rondônia,Porto Velho,Comunidade
RO,Rondônia,Porto Velho,Conceição
RO,Rondônia,Porto Velho,Conj. Mal. Rondon
RO,Rondônia,Porto Velho,Conjunto 4 de Janeir
RO,Rondônia,Porto Velho,Conjunto 4 de Janeiro I
RO,Rondônia,Porto Velho,Conjunto Acapu
RO,Rondônia,Porto Velho,Conjunto Antares
RO,Rondônia,Porto Velho,Conjunto Chagas Neto
RO,Rondônia,Porto Velho,Conjunto Juscelino K
RO,Rondônia,Porto Velho,Conjunto Juscelino Kubitschek
RO,Rondônia,Porto Velho,Conjunto Juscelino Kubstichek
RO,Rondônia,Porto Velho,Conjunto Rio Mamoré
RO,Rondônia,Porto Velho,Conjunto Santo Anton
RO,Rondônia,Porto Velho,Conquista
RO,Rondônia,Porto Velho,Costa e Silva
RO,Rondônia,Porto Velho,Cunia
RO,Rondônia,Porto Velho,Distrito Industrial
RO,Rondônia,Porto Velho,Eldorado
RO,Rondônia,Porto Velho,Eletronorte
RO,Rondônia,Porto Velho,Embrapel
RO,Rondônia,Porto Velho,Embratel
RO,Rondônia,Porto Velho,Escola de Polícia
RO,Rondônia,Porto Velho,Escretótio de Polícia
RO,Rondônia,Porto Velho,Esperança da Comunidade
RO,Rondônia,Porto Velho,Flodoaldo Pontes Pin
RO,Rondônia,Porto Velho,Flodoaldo Pontes Pinto
RO,Rondônia,Porto Velho,Floresta
RO,Rondônia,Porto Velho,Fortaleza
RO,Rondônia,Porto Velho,Icaraí
RO,Rondônia,Porto Velho,Iguarapé
RO,Rondônia,Porto Velho,Industrial
RO,Rondônia,Porto Velho,Ipanema
RO,Rondônia,Porto Velho,Jamari
RO,Rondônia,Porto Velho,Jardim América
RO,Rondônia,Porto Velho,Jardim Boa Esperança
RO,Rondônia,Porto Velho,Jardim das Mangueira
RO,Rondônia,Porto Velho,Jardim das Mangueiras
RO,Rondônia,Porto Velho,Jardim das Mangueiras II
RO,Rondônia,Porto Velho,Jardim Eldorado
RO,Rondônia,Porto Velho,Jardim Eldorado II
RO,Rondônia,Porto Velho,Jardim Ipanema
RO,Rondônia,Porto Velho,Jardim Miraflores
RO,Rondônia,Porto Velho,Jardim Palmeiras
RO,Rondônia,Porto Velho,Jardim Primavera
RO,Rondônia,Porto Velho,Jardim Santana
RO,Rondônia,Porto Velho,Jardim V Régia
RO,Rondônia,Porto Velho,Jd. Acapu
RO,Rondônia,Porto Velho,Jd. Bela Vista
RO,Rondônia,Porto Velho,Jk
RO,Rondônia,Porto Velho,JK I
RO,Rondônia,Porto Velho,João Bosco
RO,Rondônia,Porto Velho,Kaiary
RO,Rondônia,Porto Velho,Kibtuz
RO,Rondônia,Porto Velho,Km 1
RO,Rondônia,Porto Velho,Km 11 Km 18
RO,Rondônia,Porto Velho,KM 2
RO,Rondônia,Porto Velho,Km 4 Km 109
RO,Rondônia,Porto Velho,Lagoa
RO,Rondônia,Porto Velho,Lagoinha
RO,Rondônia,Porto Velho,Liberdade
RO,Rondônia,Porto Velho,Marcos Freire
RO,Rondônia,Porto Velho,Mariana
RO,Rondônia,Porto Velho,Mato Grosso
RO,Rondônia,Porto Velho,Militar
RO,Rondônia,Porto Velho,Mocambo
RO,Rondônia,Porto Velho,Morada Leste
RO,Rondônia,Porto Velho,Mucambo
RO,Rondônia,Porto Velho,Mucuripe
RO,Rondônia,Porto Velho,N Floresta
RO,Rondônia,Porto Velho,N Pto Velho
RO,Rondônia,Porto Velho,N S das Graças
RO,Rondônia,Porto Velho,N Sª das Graças
RO,Rondônia,Porto Velho,N Srª das Graças
RO,Rondônia,Porto Velho,Nª Sª Graças
RO,Rondônia,Porto Velho,Nº Sª das Graças
RO,Rondônia,Porto Velho,Nacional
RO,Rondônia,Porto Velho,Nossa Sra. das Graça
RO,Rondônia,Porto Velho,Nossa Sra. das Graça
RO,Rondônia,Porto Velho,Nossa Sra. Das Graças
RO,Rondônia,Porto Velho,Nova Brasilia
RO,Rondônia,Porto Velho,Nova Caiari
RO,Rondônia,Porto Velho,Nova Caiari I
RO,Rondônia,Porto Velho,Nova Caiari II
RO,Rondônia,Porto Velho,Nova Esperança
RO,Rondônia,Porto Velho,Nova Floresta
RO,Rondônia,Porto Velho,Nova Porto Velho
RO,Rondônia,Porto Velho,Nova Pvh
RO,Rondônia,Porto Velho,Novo Estado
RO,Rondônia,Porto Velho,Novo Horizonte
RO,Rondônia,Porto Velho,Novo Porto Velho
RO,Rondônia,Porto Velho,Ns das Graças
RO,Rondônia,Porto Velho,Ns Graça
RO,Rondônia,Porto Velho,Ns Graças
RO,Rondônia,Porto Velho,Nsª Srª Graças
RO,Rondônia,Porto Velho,NSrª das Graças
RO,Rondônia,Porto Velho,Olaria
RO,Rondônia,Porto Velho,Panair
RO,Rondônia,Porto Velho,Parque Amazônia
RO,Rondônia,Porto Velho,Parque Ceara
RO,Rondônia,Porto Velho,Pedacinho do Chão
RO,Rondônia,Porto Velho,Pedrinhas
RO,Rondônia,Porto Velho,Planato
RO,Rondônia,Porto Velho,Porto Velho
RO,Rondônia,Porto Velho,Porto Verde
RO,Rondônia,Porto Velho,Quatro de Janeiro
RO,Rondônia,Porto Velho,R Guajará
RO,Rondônia,Porto Velho,Rasgado
RO,Rondônia,Porto Velho,Rio Guajara
RO,Rondônia,Porto Velho,Rio Guaporé
RO,Rondônia,Porto Velho,Rio Madeira
RO,Rondônia,Porto Velho,Ronaldo Aragão
RO,Rondônia,Porto Velho,Roque
RO,Rondônia,Porto Velho,S Cristóvão
RO,Rondônia,Porto Velho,S J Bosco
RO,Rondônia,Porto Velho,Santa Bábara
RO,Rondônia,Porto Velho,Santa Barbara
RO,Rondônia,Porto Velho,Santo Antônio
RO,Rondônia,Porto Velho,São Cristovão
RO,Rondônia,Porto Velho,Sao Francisto
RO,Rondônia,Porto Velho,São João Batista
RO,Rondônia,Porto Velho,São João Bosco
RO,Rondônia,Porto Velho,São João Bosco / Liberdade
RO,Rondônia,Porto Velho,São Sebastião
RO,Rondônia,Porto Velho,São Sebastião I
RO,Rondônia,Porto Velho,São Sebastião ii
RO,Rondônia,Porto Velho,Sem Bairro
RO,Rondônia,Porto Velho,Setor Industrial
RO,Rondônia,Porto Velho,Socialista
RO,Rondônia,Porto Velho,Tancredo Neves
RO,Rondônia,Porto Velho,Teixeirão
RO,Rondônia,Porto Velho,Tiradentes
RO,Rondônia,Porto Velho,Três Marias
RO,Rondônia,Porto Velho,Trevo Roque
RO,Rondônia,Porto Velho,Triângulo
RO,Rondônia,Porto Velho,Tucumanzal
RO,Rondônia,Porto Velho,Tupy
RO,Rondônia,Porto Velho,Ulisses Guimarães
RO,Rondônia,Porto Velho,União Vitória
RO,Rondônia,Porto Velho,Vila Aeronáutica
RO,Rondônia,Porto Velho,Vila Eletronorte
RO,Rondônia,Porto Velho,Vila Militar
RO,Rondônia,Porto Velho,Vila Princesa
RO,Rondônia,Porto Velho,Vila Tupi
RO,Rondônia,Porto Velho,Zona Rural
RO,Rondônia,Abunã
RO,Rondônia,Abunã,Centro
RO,Rondônia,Alta Floresta do Oeste
RO,Rondônia,Alta Floresta do Oeste,Br 383
RO,Rondônia,Alta Floresta do Oeste,Centro
RO,Rondônia,Alta Floresta do Oeste,Cidade Alta
RO,Rondônia,Alta Floresta do Oeste,Liberdade
RO,Rondônia,Alta Floresta do Oeste,Princesa Isabel
RO,Rondônia,Alta Floresta do Oeste,Princs Isabel
RO,Rondônia,Alta Floresta do Oeste,Redondo
RO,Rondônia,Alta Floresta do Oeste,Rendondo
RO,Rondônia,Alta Floresta do Oeste,Santa Felicidade
RO,Rondônia,Alta Floresta do Oeste,Setor Industrial
RO,Rondônia,Alta Floresta do Oeste,Tucano
RO,Rondônia,Alta Floresta do Oeste,Zona Rural
RO,Rondônia,Alto Alegre dos Parecis
RO,Rondônia,Alto Alegre dos Parecis,Centro
RO,Rondônia,Alto Guarajus
RO,Rondônia,Alto Paraíso
RO,Rondônia,Alto Paraíso,Centro
RO,Rondônia,Alto Paraíso,Jardim Alvorada
RO,Rondônia,Alto Paraíso,Jardim Alvorada I
RO,Rondônia,Alto Paraíso,Perdizes
RO,Rondônia,Alto Paraíso,Sol Nascente
RO,Rondônia,Alto Paraíso,Sol Poente
RO,Rondônia,Alto Paraíso,St 2
RO,Rondônia,Alto Paraíso,St 5
RO,Rondônia,Alto Paraíso,Zona Rural
RO,Rondônia,Alvorada do Oeste
RO,Rondônia,Alvorada do Oeste,Alto Alegre
RO,Rondônia,Alvorada do Oeste,Centro
RO,Rondônia,Alvorada do Oeste,Sentido Sao Miguel
RO,Rondônia,Alvorada do Oeste,Setor 1
RO,Rondônia,Alvorada do Oeste,Setor 2
RO,Rondônia,Alvorada do Oeste,Setor 3
RO,Rondônia,Alvorada do Oeste,Setor 4
RO,Rondônia,Alvorada do Oeste,Setor 6
RO,Rondônia,Alvorada do Oeste,St 5
RO,Rondônia,Alvorada do Oeste,Zona Rural
RO,Rondônia,Araras
RO,Rondônia,Ariquemes
RO,Rondônia,Ariquemes,25 De Dezembro
RO,Rondônia,Ariquemes,Apoio Social
RO,Rondônia,Ariquemes,Ariquemes
RO,Rondônia,Ariquemes,Bom Jesus
RO,Rondônia,Ariquemes,Centro
RO,Rondônia,Ariquemes,Colonial
RO,Rondônia,Ariquemes,Coqueiral
RO,Rondônia,Ariquemes,Jardim Jorge Teixeira
RO,Rondônia,Ariquemes,Jardim Palmeiras
RO,Rondônia,Ariquemes,Jardim Pedras
RO,Rondônia,Ariquemes,Jardim Renascer
RO,Rondônia,Ariquemes,Marechal Rondon
RO,Rondônia,Ariquemes,Mutirao
RO,Rondônia,Ariquemes,Nova Londrina
RO,Rondônia,Ariquemes,Nova Uniao
RO,Rondônia,Ariquemes,Parque Gemas
RO,Rondônia,Ariquemes,Pólo Moveleiro
RO,Rondônia,Ariquemes,Rota Sol
RO,Rondônia,Ariquemes,Sao Luiz
RO,Rondônia,Ariquemes,Sentido Cuiaba
RO,Rondônia,Ariquemes,Sentido Monte Negro
RO,Rondônia,Ariquemes,Sentido Porto Velho
RO,Rondônia,Ariquemes,Setor Áreas Especiais i
RO,Rondônia,Ariquemes,Setor Áreas Especiais ii
RO,Rondônia,Ariquemes,Setor Chacaras
RO,Rondônia,Ariquemes,Setor Grandes Areas
RO,Rondônia,Ariquemes,Setor i
RO,Rondônia,Ariquemes,Setor ii
RO,Rondônia,Ariquemes,Setor iii
RO,Rondônia,Ariquemes,Setor Induatrial
RO,Rondônia,Ariquemes,Setor Industrial
RO,Rondônia,Ariquemes,Setor Institucional
RO,Rondônia,Ariquemes,Setor iv
RO,Rondônia,Ariquemes,Setor v
RO,Rondônia,Ariquemes,Setor vi
RO,Rondônia,Ariquemes,Setor vii
RO,Rondônia,Ariquemes,Setor viii
RO,Rondônia,Ariquemes,Setor x
RO,Rondônia,Ariquemes,Setor Xi
RO,Rondônia,Ariquemes,Setor Xii
RO,Rondônia,Ariquemes,St Áreas Especiais
RO,Rondônia,Ariquemes,Vila Sossego
RO,Rondônia,Ariquemes,Zona Rural
RO,Rondônia,Ariquemes,Zona Rural Mach
RO,Rondônia,Bandeira Branca
RO,Rondônia,Boa Esperança
RO,Rondônia,Boa Vista do Pacarana
RO,Rondônia,Boa Vista do Pacarana,Centro
RO,Rondônia,Bom Jesus - Porto Velho
RO,Rondônia,Buritis
RO,Rondônia,Buritis,Setor 1
RO,Rondônia,Buritis,Setor 2
RO,Rondônia,Buritis,Setor 3
RO,Rondônia,Buritis,Setor 4
RO,Rondônia,Buritis,Setor 5
RO,Rondônia,Buritis,Setor 6
RO,Rondônia,Buritis,Setor 7
RO,Rondônia,Buritis,Setor 8
RO,Rondônia,Buritis,Setor 9
RO,Rondônia,Buritis,Zona Rural
RO,Rondônia,Cabixi
RO,Rondônia,Cabixi,Centro
RO,Rondônia,Cabixi,Setor Chacareiro
RO,Rondônia,Cacaulândia
RO,Rondônia,Cacaulândia,Setor 1
RO,Rondônia,Cacaulândia,Setor 2
RO,Rondônia,Cacaulândia,Setor 3
RO,Rondônia,Cacaulândia,Setor 4
RO,Rondônia,Cacaulândia,Setor 5
RO,Rondônia,Cacaulândia,Setor 6
RO,Rondônia,Cacaulândia,Zona Rural
RO,Rondônia,Cacoal
RO,Rondônia,Cacoal,Balneario Arco Iris
RO,Rondônia,Cacoal,Br 364 Cuiaba
RO,Rondônia,Cacoal,Br 364 Pvo
RO,Rondônia,Cacoal,Centro
RO,Rondônia,Cacoal,Cj Halley
RO,Rondônia,Cacoal,Eldorado
RO,Rondônia,Cacoal,Floresta
RO,Rondônia,Cacoal,Habitar Brasil
RO,Rondônia,Cacoal,Incra
RO,Rondônia,Cacoal,Industrial
RO,Rondônia,Cacoal,Jardim Bandeirantes
RO,Rondônia,Cacoal,Jardim Clodoaldo
RO,Rondônia,Cacoal,Jardim Saude
RO,Rondônia,Cacoal,Jardim Vista Alegre
RO,Rondônia,Cacoal,Josino Brito
RO,Rondônia,Cacoal,Liberdade
RO,Rondônia,Cacoal,Linha 5
RO,Rondônia,Cacoal,Linha 6
RO,Rondônia,Cacoal,Linha 7
RO,Rondônia,Cacoal,Linha 8
RO,Rondônia,Cacoal,Mutirao
RO,Rondônia,Cacoal,Nova Esperanca
RO,Rondônia,Cacoal,Novo Cacoal
RO,Rondônia,Cacoal,Novo Horizonte
RO,Rondônia,Cacoal,Parque Brizon
RO,Rondônia,Cacoal,Parque Fortaleza
RO,Rondônia,Cacoal,Princesa Isabel
RO,Rondônia,Cacoal,Princs Isabel
RO,Rondônia,Cacoal,Reutilizar
RO,Rondônia,Cacoal,Ro 383
RO,Rondônia,Cacoal,Santo Antônio
RO,Rondônia,Cacoal,St Industrial
RO,Rondônia,Cacoal,Teixeirão
RO,Rondônia,Cacoal,Village Do Sol I
RO,Rondônia,Cacoal,Village Do Sol II
RO,Rondônia,Cacoal,Vista Alegre
RO,Rondônia,Cacoal,Zona Rural
RO,Rondônia,Cacoal,Zona Rural (Cuiaba)
RO,Rondônia,Cacoal,Zona Rural (Pvo)
RO,Rondônia,Calama
RO,Rondônia,Calama,Centro
RO,Rondônia,Campo Novo de Rondônia
RO,Rondônia,Campo Novo de Rondônia,Setor 1
RO,Rondônia,Campo Novo de Rondônia,Setor 2
RO,Rondônia,Campo Novo de Rondônia,Setor 3
RO,Rondônia,Campo Novo de Rondônia,Setor 4
RO,Rondônia,Candeias do Jamari
RO,Rondônia,Candeias do Jamari,Br 364 (Porto Velho)
RO,Rondônia,Candeias do Jamari,Br 364 Cuiaba
RO,Rondônia,Candeias do Jamari,Flores
RO,Rondônia,Candeias do Jamari,Novo Horizonte
RO,Rondônia,Candeias do Jamari,Palheiral
RO,Rondônia,Candeias do Jamari,Santa Isabel
RO,Rondônia,Candeias do Jamari,Satelite
RO,Rondônia,Candeias do Jamari,Uniao
RO,Rondônia,Castanheiras
RO,Rondônia,Castanheiras,Centro
RO,Rondônia,Cerejeiras
RO,Rondônia,Cerejeiras,Centro
RO,Rondônia,Cerejeiras,Setor 4
RO,Rondônia,Cerejeiras,Setor Chacareiro
RO,Rondônia,Cerejeiras,Setor Prainha
RO,Rondônia,Chupinguaia
RO,Rondônia,Chupinguaia,Centro
RO,Rondônia,Colina Verde
RO,Rondônia,Colina Verde,Centro
RO,Rondônia,Colorado do Oeste
RO,Rondônia,Colorado do Oeste,Centro
RO,Rondônia,Colorado do Oeste,Setor Chacareiro
RO,Rondônia,Colorado do Oeste,Zona Rural Cbxi
RO,Rondônia,Colorado do Oeste,Zona Rural Vha
RO,Rondônia,Corumbiara
RO,Rondônia,Corumbiara,Centro
RO,Rondônia,Costa Marques
RO,Rondônia,Costa Marques,Setor 1
RO,Rondônia,Costa Marques,Setor 2
RO,Rondônia,Costa Marques,Setor 3
RO,Rondônia,Costa Marques,Setor 4
RO,Rondônia,Costa Marques,Setor 5
RO,Rondônia,Cujubim
RO,Rondônia,Cujubim,Centro
RO,Rondônia,Cujubim,Setor 3
RO,Rondônia,Espigão do Oeste
RO,Rondônia,Espigão do Oeste,Caixa D'agua
RO,Rondônia,Espigão do Oeste,Centro
RO,Rondônia,Espigão do Oeste,Jorge t Oliveira
RO,Rondônia,Espigão do Oeste,Km 1
RO,Rondônia,Espigão do Oeste,Liberdade
RO,Rondônia,Espigão do Oeste,Morada Sol
RO,Rondônia,Espigão do Oeste,Sao Jose
RO,Rondônia,Espigão do Oeste,Setor Industrial
RO,Rondônia,Espigão do Oeste,Vista Alegre
RO,Rondônia,Espigão do Oeste,Zona Rural
RO,Rondônia,Estrela de Rondônia - Presidente Médici
RO,Rondônia,Estrela de Rondônia - Presidente Médici,Centro
RO,Rondônia,Fortaleza do Abunã
RO,Rondônia,Garimpo Bom Futuro
RO,Rondônia,Governador Jorge Teixeira
RO,Rondônia,Governador Jorge Teixeira,Centro
RO,Rondônia,Guajará-Mirim
RO,Rondônia,Guajará-Mirim,10 De Abril
RO,Rondônia,Guajará-Mirim,Caetano
RO,Rondônia,Guajará-Mirim,Centro
RO,Rondônia,Guajará-Mirim,Cristo Rei
RO,Rondônia,Guajará-Mirim,Industrial
RO,Rondônia,Guajará-Mirim,Jardim Esmeraldas i
RO,Rondônia,Guajará-Mirim,Jardim Esmeraldas ii
RO,Rondônia,Guajará-Mirim,Liberdade
RO,Rondônia,Guajará-Mirim,Ns Aparecida
RO,Rondônia,Guajará-Mirim,Ns Fátima
RO,Rondônia,Guajará-Mirim,Prospero
RO,Rondônia,Guajará-Mirim,Santa Luzia
RO,Rondônia,Guajará-Mirim,Santo Antonio
RO,Rondônia,Guajará-Mirim,Sao Jose
RO,Rondônia,Guajará-Mirim,Serraria
RO,Rondônia,Guajará-Mirim,St Industrial
RO,Rondônia,Guajará-Mirim,Tamandare
RO,Rondônia,Guajará-Mirim,Triângulo
RO,Rondônia,Guaporé
RO,Rondônia,Itapuã do Oeste
RO,Rondônia,Itapuã do Oeste,Br 364
RO,Rondônia,Itapuã do Oeste,Centro
RO,Rondônia,Itapuã do Oeste,Cesbra s a
RO,Rondônia,Itapuã do Oeste,Km Meio
RO,Rondônia,Itapuã do Oeste,Município De Itapuã
RO,Rondônia,Itapuã do Oeste,Setor 04
RO,Rondônia,Itapuã do Oeste,Setor Industrial
RO,Rondônia,Itapuã do Oeste,Zona Rural
RO,Rondônia,Jaci-Paraná
RO,Rondônia,Jaci-Paraná,Centro
RO,Rondônia,Jaci-Paraná,Jaci Parana
RO,Rondônia,Jardinopolis
RO,Rondônia,Jaru
RO,Rondônia,Jaru,Br 364 Cuiaba
RO,Rondônia,Jaru,Br 364 Porto Velho
RO,Rondônia,Jaru,Centro
RO,Rondônia,Jaru,Chacara Santa Rita
RO,Rondônia,Jaru,Jardim Estados
RO,Rondônia,Jaru,Setor 1
RO,Rondônia,Jaru,Setor 1a
RO,Rondônia,Jaru,Setor 2
RO,Rondônia,Jaru,Setor 3
RO,Rondônia,Jaru,Setor 4
RO,Rondônia,Jaru,Setor 5
RO,Rondônia,Jaru,Setor 6
RO,Rondônia,Jaru,Setor 7
RO,Rondônia,Jaru,Setor 8
RO,Rondônia,Jaru,Setor Industrial
RO,Rondônia,Jaru,Zona Rural
RO,Rondônia,Jaru-Uaru
RO,Rondônia,Ji-Paraná
RO,Rondônia,Ji-Paraná,2 Abril
RO,Rondônia,Ji-Paraná,Aeroporto
RO,Rondônia,Ji-Paraná,Alto Alegre
RO,Rondônia,Ji-Paraná,Alvorada Oeste
RO,Rondônia,Ji-Paraná,Bela Vista
RO,Rondônia,Ji-Paraná,Boa Esperanca
RO,Rondônia,Ji-Paraná,Br 364
RO,Rondônia,Ji-Paraná,Br 364 s Porto Velho
RO,Rondônia,Ji-Paraná,Br 364 Saida Cuiaba
RO,Rondônia,Ji-Paraná,Brasil Novo
RO,Rondônia,Ji-Paraná,Cafezinho
RO,Rondônia,Ji-Paraná,Casa Preta
RO,Rondônia,Ji-Paraná,Centro
RO,Rondônia,Ji-Paraná,Chacara Bacuri
RO,Rondônia,Ji-Paraná,Distrito Industrial
RO,Rondônia,Ji-Paraná,Dom Bosco
RO,Rondônia,Ji-Paraná,Dq Caxias
RO,Rondônia,Ji-Paraná,Duque de Caxias
RO,Rondônia,Ji-Paraná,Faz Arco Iris
RO,Rondônia,Ji-Paraná,Flórida
RO,Rondônia,Ji-Paraná,Gleba 12a
RO,Rondônia,Ji-Paraná,Gleba 4
RO,Rondônia,Ji-Paraná,Gleba 4b
RO,Rondônia,Ji-Paraná,Gleba 8a
RO,Rondônia,Ji-Paraná,Gleba 8c
RO,Rondônia,Ji-Paraná,Gleba 8d
RO,Rondônia,Ji-Paraná,Gleba Pirineus
RO,Rondônia,Ji-Paraná,Industrial
RO,Rondônia,Ji-Paraná,Jardim Aurelio Bernardi
RO,Rondônia,Ji-Paraná,Jardim Florida
RO,Rondônia,Ji-Paraná,Jardim Migrantes
RO,Rondônia,Ji-Paraná,Jardim Presidencial
RO,Rondônia,Ji-Paraná,Jardim Sao Cristovao
RO,Rondônia,Ji-Paraná,Jardim Seringueiras
RO,Rondônia,Ji-Paraná,Ji Parana
RO,Rondônia,Ji-Paraná,Jk
RO,Rondônia,Ji-Paraná,Jorge Teixeira
RO,Rondônia,Ji-Paraná,Jotão
RO,Rondônia,Ji-Paraná,Km 12
RO,Rondônia,Ji-Paraná,Km 4
RO,Rondônia,Ji-Paraná,Linha 28
RO,Rondônia,Ji-Paraná,Mario Andreazza
RO,Rondônia,Ji-Paraná,N Sª de Fátima
RO,Rondônia,Ji-Paraná,n Sâª Fatima
RO,Rondônia,Ji-Paraná,Nova Brasilandia
RO,Rondônia,Ji-Paraná,Nova Brasília
RO,Rondônia,Ji-Paraná,Nova Ji Paraná
RO,Rondônia,Ji-Paraná,Nova Londrina
RO,Rondônia,Ji-Paraná,Nova Porto Velho
RO,Rondônia,Ji-Paraná,Novo Horizonte
RO,Rondônia,Ji-Paraná,Novo Ji Paraná
RO,Rondônia,Ji-Paraná,Ns Fátima
RO,Rondônia,Ji-Paraná,Ouro Preto
RO,Rondônia,Ji-Paraná,Parque Pioneiros
RO,Rondônia,Ji-Paraná,Parque Sao Pedro
RO,Rondônia,Ji-Paraná,Posto Perfil s Cuiab
RO,Rondônia,Ji-Paraná,Pres Medice
RO,Rondônia,Ji-Paraná,Primavera
RO,Rondônia,Ji-Paraná,Projeto Riachuelo
RO,Rondônia,Ji-Paraná,Riachuelo
RO,Rondônia,Ji-Paraná,Rondominas
RO,Rondônia,Ji-Paraná,Ruralvan
RO,Rondônia,Ji-Paraná,Santa Prainha
RO,Rondônia,Ji-Paraná,Santa Rita
RO,Rondônia,Ji-Paraná,Santiago
RO,Rondônia,Ji-Paraná,Sao Bernardo
RO,Rondônia,Ji-Paraná,São Bernardo/ 2 de Abril
RO,Rondônia,Ji-Paraná,Sao Francisco
RO,Rondônia,Ji-Paraná,Sao Pedro
RO,Rondônia,Ji-Paraná,Setor Jaru
RO,Rondônia,Ji-Paraná,Setor Rondominas
RO,Rondônia,Ji-Paraná,Setor Sao Jose
RO,Rondônia,Ji-Paraná,Teixeiropolis
RO,Rondônia,Ji-Paraná,União 2
RO,Rondônia,Ji-Paraná,Urupa
RO,Rondônia,Ji-Paraná,Valparaíso
RO,Rondônia,Ji-Paraná,Vila Jatao
RO,Rondônia,Ji-Paraná,Vila Jotao
RO,Rondônia,Ji-Paraná,VL Capelasso
RO,Rondônia,Ji-Paraná,VL Der
RO,Rondônia,Ji-Paraná,VL Urupá
RO,Rondônia,Ji-Paraná,Zona Rural
RO,Rondônia,Machadinho do Oeste
RO,Rondônia,Machadinho do Oeste,Bom Fujturo
RO,Rondônia,Machadinho do Oeste,Bom Futuro
RO,Rondônia,Machadinho do Oeste,Centro
RO,Rondônia,Machadinho do Oeste,Setor Industrial
RO,Rondônia,Machadinho do Oeste,Uniao
RO,Rondônia,Migrantinópolis
RO,Rondônia,Migrantinópolis,Centro
RO,Rondônia,Mineração Jacundá
RO,Rondônia,Ministro Andreazza
RO,Rondônia,Ministro Andreazza,Centro
RO,Rondônia,Ministro Andreazza,Zona Rural
RO,Rondônia,Mirante da Serra
RO,Rondônia,Mirante da Serra,Centro
RO,Rondônia,Mirante da Serra,Zona Rural
RO,Rondônia,Monte Negro
RO,Rondônia,Monte Negro,Centro
RO,Rondônia,Monte Negro,Morar Melhor
RO,Rondônia,Monte Negro,Setor 1
RO,Rondônia,Monte Negro,Setor 2
RO,Rondônia,Monte Negro,Setor 3
RO,Rondônia,Monte Negro,Setor 4
RO,Rondônia,Monte Negro,Setor Industrial
RO,Rondônia,Monte Negro,Zona Rural
RO,Rondônia,Mutum Paraná
RO,Rondônia,Nazaré
RO,Rondônia,Nova Brasilândia do Oeste
RO,Rondônia,Nova Brasilândia do Oeste,Setor 1
RO,Rondônia,Nova Brasilândia do Oeste,Setor 14
RO,Rondônia,Nova Brasilândia do Oeste,Setor 2
RO,Rondônia,Nova Brasilândia do Oeste,Setor 3
RO,Rondônia,Nova Brasilândia do Oeste,Setor 4
RO,Rondônia,Nova Brasilândia do Oeste,Setor 5
RO,Rondônia,Nova Brasilândia do Oeste,Setor 6
RO,Rondônia,Nova Brasilândia do Oeste,Setor 7
RO,Rondônia,Nova Brasilândia do Oeste,Setor 8
RO,Rondônia,Nova Brasilândia do Oeste,Zona Rural
RO,Rondônia,Nova Brasilândia do Oeste,Zona Rural (Smge)
RO,Rondônia,Nova Brasilândia do Oeste,Zona Rural Rmm
RO,Rondônia,Nova Colina
RO,Rondônia,Nova Colina,Centro
RO,Rondônia,Nova Colina,Zona Rural
RO,Rondônia,Nova Conquista
RO,Rondônia,Nova Conquista,Via Rádio
RO,Rondônia,Nova Dimensão
RO,Rondônia,Nova Dimensão,Centro
RO,Rondônia,Nova Dimensão,Cristo Redentor
RO,Rondônia,Nova Dimensão,Liberdade
RO,Rondônia,Nova Dimensão,Santa Clara
RO,Rondônia,Nova Esperança
RO,Rondônia,Nova Esperança,Centro
RO,Rondônia,Nova Estrela de Rondônia
RO,Rondônia,Nova Estrela de Rondônia,Centro
RO,Rondônia,Nova Gease do Oeste
RO,Rondônia,Nova Londrina
RO,Rondônia,Nova Londrina,Centro
RO,Rondônia,Nova Mamoré
RO,Rondônia,Nova Mamoré,Br 425 (Pvh)
RO,Rondônia,Nova Mamoré,Br 425 Gum
RO,Rondônia,Nova Mamoré,Centro
RO,Rondônia,Nova Mamoré,Chacareiro
RO,Rondônia,Nova Mamoré,Cidade Nova
RO,Rondônia,Nova Mamoré,Joao f Climaco
RO,Rondônia,Nova Mamoré,Novo Horizonte
RO,Rondônia,Nova Mamoré,Ns Sra Fátima
RO,Rondônia,Nova Mamoré,Planalto
RO,Rondônia,Nova Mamoré,Santa Luzia
RO,Rondônia,Nova Mamoré,São José
RO,Rondônia,Nova Mamoré,Zona Rural
RO,Rondônia,Nova União
RO,Rondônia,Nova União,Centro
RO,Rondônia,Nova União,Zona Rural
RO,Rondônia,Novo Horizonte do Oeste
RO,Rondônia,Novo Horizonte do Oeste,Centro
RO,Rondônia,Novo Horizonte do Oeste,Zona Rural Nba
RO,Rondônia,Novo Paraíso - São Felipe do Oeste
RO,Rondônia,Novo Paraíso - São Felipe do Oeste,Centro
RO,Rondônia,Novo Plano
RO,Rondônia,Ouro Preto do Oeste
RO,Rondônia,Ouro Preto do Oeste,Alvorada
RO,Rondônia,Ouro Preto do Oeste,Bela Floresta
RO,Rondônia,Ouro Preto do Oeste,Br 364
RO,Rondônia,Ouro Preto do Oeste,Centro
RO,Rondônia,Ouro Preto do Oeste,Embrapa
RO,Rondônia,Ouro Preto do Oeste,Incra
RO,Rondônia,Ouro Preto do Oeste,Jardim Aeroporto
RO,Rondônia,Ouro Preto do Oeste,Jardim Bandeirantes
RO,Rondônia,Ouro Preto do Oeste,Jardim Novo Estado
RO,Rondônia,Ouro Preto do Oeste,Jardim Tropical
RO,Rondônia,Ouro Preto do Oeste,Jd Novo Horizonte
RO,Rondônia,Ouro Preto do Oeste,Liberdade
RO,Rondônia,Ouro Preto do Oeste,Nova Ouro Preto
RO,Rondônia,Ouro Preto do Oeste,Setor Industrial
RO,Rondônia,Ouro Preto do Oeste,St Chácaras
RO,Rondônia,Ouro Preto do Oeste,Uniao
RO,Rondônia,Ouro Preto do Oeste,Zona Rural
RO,Rondônia,Palmeiras
RO,Rondônia,Palmeiras,Centro
RO,Rondônia,Parecis
RO,Rondônia,Parecis,Centro
RO,Rondônia,Pimenta Bueno
RO,Rondônia,Pimenta Bueno,Aabb
RO,Rondônia,Pimenta Bueno,Aeroporto
RO,Rondônia,Pimenta Bueno,Alvorada
RO,Rondônia,Pimenta Bueno,Apedia
RO,Rondônia,Pimenta Bueno,Apidia
RO,Rondônia,Pimenta Bueno,Beira Rio
RO,Rondônia,Pimenta Bueno,Bela Vista
RO,Rondônia,Pimenta Bueno,Bnh
RO,Rondônia,Pimenta Bueno,Br 364 Pvo
RO,Rondônia,Pimenta Bueno,Br 364 Vha
RO,Rondônia,Pimenta Bueno,Centro
RO,Rondônia,Pimenta Bueno,Ctg
RO,Rondônia,Pimenta Bueno,Industrial
RO,Rondônia,Pimenta Bueno,Jardim Oliveiras
RO,Rondônia,Pimenta Bueno,Nova Pimenta
RO,Rondônia,Pimenta Bueno,Pioneiros
RO,Rondônia,Pimenta Bueno,Reutilizar
RO,Rondônia,Pimenta Bueno,Ro 387 Eoe
RO,Rondônia,Pimenta Bueno,Seringal
RO,Rondônia,Pimenta Bueno,Setor Abaitara
RO,Rondônia,Pimenta Bueno,Setor Industrial
RO,Rondônia,Pimenta Bueno,Triângulo Verde
RO,Rondônia,Pimenta Bueno,VL Nova
RO,Rondônia,Pimenta Bueno,Zona Rural
RO,Rondônia,Pimenta Bueno,Zona Rural (Eoe)
RO,Rondônia,Pimenta Bueno,Zona Rural (Pvo)
RO,Rondônia,Pimenta Bueno,Zona Rural (Vha)
RO,Rondônia,Pimenteiras do Oeste
RO,Rondônia,Pimenteiras do Oeste,Centro
RO,Rondônia,Planalto São Luiz
RO,Rondônia,Porto Murtinho
RO,Rondônia,Porto Velho
RO,Rondônia,Porto Velho,22 de Dezembro
RO,Rondônia,Porto Velho,3 Maria
RO,Rondônia,Porto Velho,A Floresta
RO,Rondônia,Porto Velho,Aeroclub
RO,Rondônia,Porto Velho,Aeroporto
RO,Rondônia,Porto Velho,Agenor Carvalho
RO,Rondônia,Porto Velho,Agenor M. Carvalho
RO,Rondônia,Porto Velho,Agenor Martins de Carvalh
RO,Rondônia,Porto Velho,Agenor Martins de Carvalho
RO,Rondônia,Porto Velho,Alphaville
RO,Rondônia,Porto Velho,Aponia
RO,Rondônia,Porto Velho,Areal
RO,Rondônia,Porto Velho,Areal Floresta
RO,Rondônia,Porto Velho,Areia Branca
RO,Rondônia,Porto Velho,Arigolândia
RO,Rondônia,Porto Velho,B Vista
RO,Rondônia,Porto Velho,Baixa União
RO,Rondônia,Porto Velho,Balsa
RO,Rondônia,Porto Velho,Bela Vista
RO,Rondônia,Porto Velho,Belvederes
RO,Rondônia,Porto Velho,Bosque
RO,Rondônia,Porto Velho,Br
RO,Rondônia,Porto Velho,Br 364
RO,Rondônia,Porto Velho,C Lobo
RO,Rondônia,Porto Velho,C Silva
RO,Rondônia,Porto Velho,Caiari
RO,Rondônia,Porto Velho,Caladinho
RO,Rondônia,Porto Velho,Calama
RO,Rondônia,Porto Velho,Carvalho
RO,Rondônia,Porto Velho,Cascalheira
RO,Rondônia,Porto Velho,Castanheira
RO,Rondônia,Porto Velho,Centro
RO,Rondônia,Porto Velho,Cidade Jardim
RO,Rondônia,Porto Velho,Cidade Lobo
RO,Rondônia,Porto Velho,Cidade Nova
RO,Rondônia,Porto Velho,Cj M Rondon
RO,Rondônia,Porto Velho,Cj R Guaporé
RO,Rondônia,Porto Velho,Clodoaldo Ponte Pinto
RO,Rondônia,Porto Velho,Codaron
RO,Rondônia,Porto Velho,Cohab
RO,Rondônia,Porto Velho,Cohab Floresta
RO,Rondônia,Porto Velho,Cohab-Floresanta II
RO,Rondônia,Porto Velho,Cohab-Floresta II
RO,Rondônia,Porto Velho,Comunidade
RO,Rondônia,Porto Velho,Conceição
RO,Rondônia,Porto Velho,Conj. Mal. Rondon
RO,Rondônia,Porto Velho,Conjunto 4 de Janeir
RO,Rondônia,Porto Velho,Conjunto 4 de Janeiro I
RO,Rondônia,Porto Velho,Conjunto Acapu
RO,Rondônia,Porto Velho,Conjunto Antares
RO,Rondônia,Porto Velho,Conjunto Chagas Neto
RO,Rondônia,Porto Velho,Conjunto Juscelino K
RO,Rondônia,Porto Velho,Conjunto Juscelino Kubitschek
RO,Rondônia,Porto Velho,Conjunto Juscelino Kubstichek
RO,Rondônia,Porto Velho,Conjunto Rio Mamoré
RO,Rondônia,Porto Velho,Conjunto Santo Anton
RO,Rondônia,Porto Velho,Conquista
RO,Rondônia,Porto Velho,Costa e Silva
RO,Rondônia,Porto Velho,Cunia
RO,Rondônia,Porto Velho,Distrito Industrial
RO,Rondônia,Porto Velho,Eldorado
RO,Rondônia,Porto Velho,Eletronorte
RO,Rondônia,Porto Velho,Embrapel
RO,Rondônia,Porto Velho,Embratel
RO,Rondônia,Porto Velho,Escola de Polícia
RO,Rondônia,Porto Velho,Escretótio de Polícia
RO,Rondônia,Porto Velho,Esperança da Comunidade
RO,Rondônia,Porto Velho,Flodoaldo Pontes Pin
RO,Rondônia,Porto Velho,Flodoaldo Pontes Pinto
RO,Rondônia,Porto Velho,Floresta
RO,Rondônia,Porto Velho,Fortaleza
RO,Rondônia,Porto Velho,Icaraí
RO,Rondônia,Porto Velho,Iguarapé
RO,Rondônia,Porto Velho,Industrial
RO,Rondônia,Porto Velho,Ipanema
RO,Rondônia,Porto Velho,Jamari
RO,Rondônia,Porto Velho,Jardim América
RO,Rondônia,Porto Velho,Jardim Boa Esperança
RO,Rondônia,Porto Velho,Jardim das Mangueira
RO,Rondônia,Porto Velho,Jardim das Mangueiras
RO,Rondônia,Porto Velho,Jardim das Mangueiras II
RO,Rondônia,Porto Velho,Jardim Eldorado
RO,Rondônia,Porto Velho,Jardim Eldorado II
RO,Rondônia,Porto Velho,Jardim Ipanema
RO,Rondônia,Porto Velho,Jardim Miraflores
RO,Rondônia,Porto Velho,Jardim Palmeiras
RO,Rondônia,Porto Velho,Jardim Primavera
RO,Rondônia,Porto Velho,Jardim Santana
RO,Rondônia,Porto Velho,Jardim V Régia
RO,Rondônia,Porto Velho,Jd. Acapu
RO,Rondônia,Porto Velho,Jd. Bela Vista
RO,Rondônia,Porto Velho,Jk
RO,Rondônia,Porto Velho,JK I
RO,Rondônia,Porto Velho,João Bosco
RO,Rondônia,Porto Velho,Kaiary
RO,Rondônia,Porto Velho,Kibtuz
RO,Rondônia,Porto Velho,Km 1
RO,Rondônia,Porto Velho,Km 11 Km 18
RO,Rondônia,Porto Velho,KM 2
RO,Rondônia,Porto Velho,Km 4 Km 109
RO,Rondônia,Porto Velho,Lagoa
RO,Rondônia,Porto Velho,Lagoinha
RO,Rondônia,Porto Velho,Liberdade
RO,Rondônia,Porto Velho,Marcos Freire
RO,Rondônia,Porto Velho,Mariana
RO,Rondônia,Porto Velho,Mato Grosso
RO,Rondônia,Porto Velho,Militar
RO,Rondônia,Porto Velho,Mocambo
RO,Rondônia,Porto Velho,Morada Leste
RO,Rondônia,Porto Velho,Mucambo
RO,Rondônia,Porto Velho,Mucuripe
RO,Rondônia,Porto Velho,N Floresta
RO,Rondônia,Porto Velho,N Pto Velho
RO,Rondônia,Porto Velho,N S das Graças
RO,Rondônia,Porto Velho,N Sª das Graças
RO,Rondônia,Porto Velho,N Srª das Graças
RO,Rondônia,Porto Velho,Nª Sª Graças
RO,Rondônia,Porto Velho,Nº Sª das Graças
RO,Rondônia,Porto Velho,Nacional
RO,Rondônia,Porto Velho,Nossa Sra. das Graça
RO,Rondônia,Porto Velho,Nossa Sra. das Graça
RO,Rondônia,Porto Velho,Nossa Sra. Das Graças
RO,Rondônia,Porto Velho,Nova Brasilia
RO,Rondônia,Porto Velho,Nova Caiari
RO,Rondônia,Porto Velho,Nova Caiari I
RO,Rondônia,Porto Velho,Nova Caiari II
RO,Rondônia,Porto Velho,Nova Esperança
RO,Rondônia,Porto Velho,Nova Floresta
RO,Rondônia,Porto Velho,Nova Porto Velho
RO,Rondônia,Porto Velho,Nova Pvh
RO,Rondônia,Porto Velho,Novo Estado
RO,Rondônia,Porto Velho,Novo Horizonte
RO,Rondônia,Porto Velho,Novo Porto Velho
RO,Rondônia,Porto Velho,Ns das Graças
RO,Rondônia,Porto Velho,Ns Graça
RO,Rondônia,Porto Velho,Ns Graças
RO,Rondônia,Porto Velho,Nsª Srª Graças
RO,Rondônia,Porto Velho,NSrª das Graças
RO,Rondônia,Porto Velho,Olaria
RO,Rondônia,Porto Velho,Panair
RO,Rondônia,Porto Velho,Parque Amazônia
RO,Rondônia,Porto Velho,Parque Ceara
RO,Rondônia,Porto Velho,Pedacinho do Chão
RO,Rondônia,Porto Velho,Pedrinhas
RO,Rondônia,Porto Velho,Planato
RO,Rondônia,Porto Velho,Porto Velho
RO,Rondônia,Porto Velho,Porto Verde
RO,Rondônia,Porto Velho,Quatro de Janeiro
RO,Rondônia,Porto Velho,R Guajará
RO,Rondônia,Porto Velho,Rasgado
RO,Rondônia,Porto Velho,Rio Guajara
RO,Rondônia,Porto Velho,Rio Guaporé
RO,Rondônia,Porto Velho,Rio Madeira
RO,Rondônia,Porto Velho,Ronaldo Aragão
RO,Rondônia,Porto Velho,Roque
RO,Rondônia,Porto Velho,S Cristóvão
RO,Rondônia,Porto Velho,S J Bosco
RO,Rondônia,Porto Velho,Santa Bábara
RO,Rondônia,Porto Velho,Santa Barbara
RO,Rondônia,Porto Velho,Santo Antônio
RO,Rondônia,Porto Velho,São Cristovão
RO,Rondônia,Porto Velho,Sao Francisto
RO,Rondônia,Porto Velho,São João Batista
RO,Rondônia,Porto Velho,São João Bosco
RO,Rondônia,Porto Velho,São João Bosco / Liberdade
RO,Rondônia,Porto Velho,São Sebastião
RO,Rondônia,Porto Velho,São Sebastião I
RO,Rondônia,Porto Velho,São Sebastião ii
RO,Rondônia,Porto Velho,Sem Bairro
RO,Rondônia,Porto Velho,Setor Industrial
RO,Rondônia,Porto Velho,Socialista
RO,Rondônia,Porto Velho,Tancredo Neves
RO,Rondônia,Porto Velho,Teixeirão
RO,Rondônia,Porto Velho,Tiradentes
RO,Rondônia,Porto Velho,Três Marias
RO,Rondônia,Porto Velho,Trevo Roque
RO,Rondônia,Porto Velho,Triângulo
RO,Rondônia,Porto Velho,Tucumanzal
RO,Rondônia,Porto Velho,Tupy
RO,Rondônia,Porto Velho,Ulisses Guimarães
RO,Rondônia,Porto Velho,União Vitória
RO,Rondônia,Porto Velho,Vila Aeronáutica
RO,Rondônia,Porto Velho,Vila Eletronorte
RO,Rondônia,Porto Velho,Vila Militar
RO,Rondônia,Porto Velho,Vila Princesa
RO,Rondônia,Porto Velho,Vila Tupi
RO,Rondônia,Porto Velho,Zona Rural
RO,Rondônia,Presidente Médici
RO,Rondônia,Presidente Médici,Br 364 Pvo
RO,Rondônia,Presidente Médici,Br 364 Vha
RO,Rondônia,Presidente Médici,Centro
RO,Rondônia,Presidente Médici,Cunha e Silva
RO,Rondônia,Presidente Médici,Ernandes Goncalves
RO,Rondônia,Presidente Médici,Lino Teixeira
RO,Rondônia,Presidente Médici,Zona Rural
RO,Rondônia,Presidente Médici,Zona Rural (Pvo)
RO,Rondônia,Presidente Médici,Zona Rural (Vha)
RO,Rondônia,Primavera de Rondônia
RO,Rondônia,Primavera de Rondônia,Centro
RO,Rondônia,Primavera de Rondônia,Zona Rural
RO,Rondônia,Príncipe da Beira
RO,Rondônia,Querência do Norte - Primavera de Rondônia
RO,Rondônia,Quinto Bec
RO,Rondônia,Quinto Bec,Centro
RO,Rondônia,Quinto Bec,Zona Rural
RO,Rondônia,Riachuelo
RO,Rondônia,Rio Branco
RO,Rondônia,Rio Crespo
RO,Rondônia,Rio Crespo,Centro
RO,Rondônia,Rio Crespo,Zona Rural
RO,Rondônia,Riozinho
RO,Rondônia,Riozinho,Br 364 (Cuiaba)
RO,Rondônia,Riozinho,Br 364 (Cwl)
RO,Rondônia,Riozinho,Centro
RO,Rondônia,Rolim de Moura
RO,Rondônia,Rolim de Moura,Beira Rio
RO,Rondônia,Rolim de Moura,Boa Esperanca
RO,Rondônia,Rolim de Moura,Bom Jardim
RO,Rondônia,Rolim de Moura,Centenario
RO,Rondônia,Rolim de Moura,Centro
RO,Rondônia,Rolim de Moura,Cidade Alta
RO,Rondônia,Rolim de Moura,Cidade Alta ii
RO,Rondônia,Rolim de Moura,Industrial
RO,Rondônia,Rolim de Moura,Jardim Eldorado
RO,Rondônia,Rolim de Moura,Jardim Tropical
RO,Rondônia,Rolim de Moura,Nova Morada
RO,Rondônia,Rolim de Moura,Olimpico
RO,Rondônia,Rolim de Moura,Planalto
RO,Rondônia,Rolim de Moura,Ro 10
RO,Rondônia,Rolim de Moura,São Cristóvão
RO,Rondônia,Rolim de Moura,Zona Rural
RO,Rondônia,Rolim de Moura do Guaporé
RO,Rondônia,Rondominas
RO,Rondônia,Rondominas,Centro
RO,Rondônia,Santa Luzia do Oeste
RO,Rondônia,Santa Luzia do Oeste,Centro
RO,Rondônia,Santa Luzia do Oeste,Zona Rural
RO,Rondônia,Santa Maria
RO,Rondônia,Santa Rosa
RO,Rondônia,Santana do Guaporé
RO,Rondônia,São Carlos
RO,Rondônia,São Carlos,Centro
RO,Rondônia,São Domingos
RO,Rondônia,São Domingos,Centro
RO,Rondônia,São Felipe do Oeste
RO,Rondônia,São Felipe do Oeste,Centro
RO,Rondônia,São Francisco do Guaporé
RO,Rondônia,São Francisco do Guaporé,Bela Vista
RO,Rondônia,São Francisco do Guaporé,Centro
RO,Rondônia,São Francisco do Guaporé,Cetro
RO,Rondônia,São Francisco do Guaporé,Cidade Alta
RO,Rondônia,São Miguel do Guaporé
RO,Rondônia,São Miguel do Guaporé,Centro
RO,Rondônia,São Miguel do Guaporé,Setor 1
RO,Rondônia,São Miguel do Guaporé,Setor 2
RO,Rondônia,São Miguel do Guaporé,Setor 3
RO,Rondônia,São Miguel do Guaporé,Setor 4
RO,Rondônia,São Miguel do Guaporé,Zona Rural
RO,Rondônia,São Miguel do Guaporé,Zona Rural Adw
RO,Rondônia,São Miguel do Guaporé,Zona Rural Cmr
RO,Rondônia,Seringueiras
RO,Rondônia,Seringueiras,Centro
RO,Rondônia,Seringueiras,Sent Costa Marques
RO,Rondônia,Seringueiras,Sent Sao Miguel
RO,Rondônia,Seringueiras,Zona Rural
RO,Rondônia,Surpresa
RO,Rondônia,Tarilândia
RO,Rondônia,Tarilândia,Centro
RO,Rondônia,Teixeirópolis
RO,Rondônia,Teixeirópolis,Centro
RO,Rondônia,Terra Boa
RO,Rondônia,Theobroma
RO,Rondônia,Theobroma,Centro
RO,Rondônia,Triunfo
RO,Rondônia,Triunfo,Centro
RO,Rondônia,Triunfo,Zona Rural
RO,Rondônia,União Bandeirantes
RO,Rondônia,Urupá
RO,Rondônia,Urupá,Alto Alegre
RO,Rondônia,Urupá,Centro
RO,Rondônia,Urupá,Novo Horizonte
RO,Rondônia,Urupá,Samauma
RO,Rondônia,Urupá,Santa Trindade
RO,Rondônia,Urupá,Zona Rural
RO,Rondônia,Vale do Anari
RO,Rondônia,Vale do Anari,Centro
RO,Rondônia,Vale do Paraíso
RO,Rondônia,Vale do Paraíso,Setor 1
RO,Rondônia,Vale do Paraíso,Setor 2
RO,Rondônia,Vale do Paraíso,Setor 3
RO,Rondônia,Vale do Paraíso,Setor 4
RO,Rondônia,Vale do Paraíso,Vila Esperanca
RO,Rondônia,Vale do Paraíso,Zona Rural
RO,Rondônia,Vila Extrema
RO,Rondônia,Vila Extrema
RO,Rondônia,Vila Nova Califórnia
RO,Rondônia,Vila Nova Califórnia
RO,Rondônia,Vilhena
RO,Rondônia,Vilhena,5 Bec
RO,Rondônia,Vilhena,Aeroporto
RO,Rondônia,Vilhena,Alto Alegre
RO,Rondônia,Vilhena,Area Lazer Ebt
RO,Rondônia,Vilhena,Bodanese
RO,Rondônia,Vilhena,Br 364 Cuiaba
RO,Rondônia,Vilhena,Br 364 Pvo
RO,Rondônia,Vilhena,Centro
RO,Rondônia,Vilhena,Cohab
RO,Rondônia,Vilhena,Cristo Rei
RO,Rondônia,Vilhena,Embratel
RO,Rondônia,Vilhena,Ind Tancredo Neves
RO,Rondônia,Vilhena,Ind Tancredo Neves 2
RO,Rondônia,Vilhena,Jardim America
RO,Rondônia,Vilhena,Jardim Eldorado
RO,Rondônia,Vilhena,Jardim Oliveiras
RO,Rondônia,Vilhena,Jardim Primavera
RO,Rondônia,Vilhena,Jardim Vilhena
RO,Rondônia,Vilhena,Marcos Freire
RO,Rondônia,Vilhena,Mato Grosso Cba
RO,Rondônia,Vilhena,Nova Esperanca
RO,Rondônia,Vilhena,Nova Vilhena
RO,Rondônia,Vilhena,Parque Ind Novo Tempo
RO,Rondônia,Vilhena,Parque Ind Sao Paulo
RO,Rondônia,Vilhena,Santo Antonio
RO,Rondônia,Vilhena,Sao Jose
RO,Rondônia,Vilhena,Setor 13
RO,Rondônia,Vilhena,Setor 16
RO,Rondônia,Vilhena,Setor 18
RO,Rondônia,Vilhena,Setor 23
RO,Rondônia,Vilhena,Setor 27
RO,Rondônia,Vilhena,Setor 28
RO,Rondônia,Vilhena,Setor 29
RO,Rondônia,Vilhena,Setor Chacara Embratel
RO,Rondônia,Vilhena,Setor Chacareiro
RO,Rondônia,Vilhena,Setor Chacareiro 10
RO,Rondônia,Vilhena,Setor Chacareiro 52
RO,Rondônia,Vilhena,Setor Chacareiro 53
RO,Rondônia,Vilhena,Setor Chacareiro 55
RO,Rondônia,Vilhena,Setor Chacareiro d
RO,Rondônia,Vilhena,Setor Embratel
RO,Rondônia,Vilhena,Setor Zico
RO,Rondônia,Vilhena,St 11
RO,Rondônia,Vilhena,St 22
RO,Rondônia,Vilhena,Zona Rural
RO,Rondônia,Vilhena,Zona Rural (Pvo)
RO,Rondônia,Vista Alegre do Abunã
RO,Rondônia,Vista Alegre do Abunã,Centro
RO,Rondônia,Vitória da União
RO,Rondônia,Vitória da União,Centro
