SE,Sergipe
SE,Sergipe,Aracaju
SE,Sergipe,Aracaju,a Chateuabriand
SE,Sergipe,Aracaju,a Magalhães
SE,Sergipe,Aracaju,Aeroporto
SE,Sergipe,Aracaju,Alameda Tamandaré
SE,Sergipe,Aracaju,Alto Divinéia
SE,Sergipe,Aracaju,Alvorada
SE,Sergipe,Aracaju,Amazonino Mendes
SE,Sergipe,Aracaju,América
SE,Sergipe,Aracaju,Amintas Garcez
SE,Sergipe,Aracaju,Anchietão
SE,Sergipe,Aracaju,Angela Catarina
SE,Sergipe,Aracaju,Areia Branca
SE,Sergipe,Aracaju,Aruana
SE,Sergipe,Aracaju,Atacaia
SE,Sergipe,Aracaju,Atalaia
SE,Sergipe,Aracaju,Atalaia Velha
SE,Sergipe,Aracaju,Augusto Franco
SE,Sergipe,Aracaju,Bairro Industrial
SE,Sergipe,Aracaju,Baixa de Quintas
SE,Sergipe,Aracaju,Barra
SE,Sergipe,Aracaju,Barra da Tijuca
SE,Sergipe,Aracaju,Beira Mar
SE,Sergipe,Aracaju,Beira Rio
SE,Sergipe,Aracaju,Benedito Bentes
SE,Sergipe,Aracaju,Boca do Rio
SE,Sergipe,Aracaju,Br 101
SE,Sergipe,Aracaju,Br 235
SE,Sergipe,Aracaju,Bugio
SE,Sergipe,Aracaju,Cabanga
SE,Sergipe,Aracaju,Cajazeiras
SE,Sergipe,Aracaju,Caminho das Árvores
SE,Sergipe,Aracaju,Campo Grande
SE,Sergipe,Aracaju,Capuchinhos
SE,Sergipe,Aracaju,Capucho
SE,Sergipe,Aracaju,Castelo Branco
SE,Sergipe,Aracaju,Cecília
SE,Sergipe,Aracaju,Célia c Duarte
SE,Sergipe,Aracaju,Centro
SE,Sergipe,Aracaju,Cidade dos Funcionários
SE,Sergipe,Aracaju,Cidade Nova
SE,Sergipe,Aracaju,Cirurgia
SE,Sergipe,Aracaju,Cj Albano Franco
SE,Sergipe,Aracaju,Cj Gen João Pereira
SE,Sergipe,Aracaju,Cj Gov João A Filho
SE,Sergipe,Aracaju,Cj Loyola
SE,Sergipe,Aracaju,Cj M Freire II
SE,Sergipe,Aracaju,Cj Novo Horizonte
SE,Sergipe,Aracaju,Cj Taicoca
SE,Sergipe,Aracaju,Comércio
SE,Sergipe,Aracaju,Conjunto Alto Jerusalém
SE,Sergipe,Aracaju,Conjunto Assis Chateaubriand
SE,Sergipe,Aracaju,Conjunto Célia Cabral Duarte
SE,Sergipe,Aracaju,Conjunto Jessé Pinto Freire
SE,Sergipe,Aracaju,Conjunto Juscelino Kubitschek
SE,Sergipe,Aracaju,Conjunto Marcos Freire II
SE,Sergipe,Aracaju,Conjunto Médice II
SE,Sergipe,Aracaju,Conol ii
SE,Sergipe,Aracaju,Conveniência
SE,Sergipe,Aracaju,Coqueiral
SE,Sergipe,Aracaju,Coroa do Meio
SE,Sergipe,Aracaju,Costa do Sol
SE,Sergipe,Aracaju,Costa e Silva
SE,Sergipe,Aracaju,Dezoito do Forte
SE,Sergipe,Aracaju,Dia
SE,Sergipe,Aracaju,Distrito Industrial
SE,Sergipe,Aracaju,Dom Pedro i
SE,Sergipe,Aracaju,Duque de Caxias
SE,Sergipe,Aracaju,Esperança
SE,Sergipe,Aracaju,Estrela do Oriente
SE,Sergipe,Aracaju,Farolândia
SE,Sergipe,Aracaju,Gajará
SE,Sergipe,Aracaju,Gentil Mota
SE,Sergipe,Aracaju,Getúlio Vargas
SE,Sergipe,Aracaju,Glória
SE,Sergipe,Aracaju,Grangero
SE,Sergipe,Aracaju,Guagarú
SE,Sergipe,Aracaju,Guaratiba
SE,Sergipe,Aracaju,Inácio Barbosa
SE,Sergipe,Aracaju,Industrial
SE,Sergipe,Aracaju,Ipês
SE,Sergipe,Aracaju,Itacanema
SE,Sergipe,Aracaju,j r de Moraes
SE,Sergipe,Aracaju,Jabotiana
SE,Sergipe,Aracaju,Jabotiana-cj Sol Nascente
SE,Sergipe,Aracaju,Jardim
SE,Sergipe,Aracaju,Jardim Alvorada
SE,Sergipe,Aracaju,Jardim Aperipê
SE,Sergipe,Aracaju,Jardim Atlantico
SE,Sergipe,Aracaju,Jardim Baiano
SE,Sergipe,Aracaju,Jardim Centenário
SE,Sergipe,Aracaju,Jardim Encantado
SE,Sergipe,Aracaju,Jardim Esperança
SE,Sergipe,Aracaju,Jardim Godofredo Diniz
SE,Sergipe,Aracaju,Jardim i
SE,Sergipe,Aracaju,Jardim ii
SE,Sergipe,Aracaju,Jardim Itacanema ii
SE,Sergipe,Aracaju,Jardim Jussara
SE,Sergipe,Aracaju,Jardim Jussara i
SE,Sergipe,Aracaju,Jardim Mar Azul
SE,Sergipe,Aracaju,Jardim Nice
SE,Sergipe,Aracaju,Jardim Pai André
SE,Sergipe,Aracaju,Jardim Santo Antônio
SE,Sergipe,Aracaju,Jardim Vila Ney
SE,Sergipe,Aracaju,Jardins
SE,Sergipe,Aracaju,Jd Mar De Rosas
SE,Sergipe,Aracaju,Jd São Francisco
SE,Sergipe,Aracaju,Jesse P. Freire
SE,Sergipe,Aracaju,Jk
SE,Sergipe,Aracaju,João Batista Nascimento
SE,Sergipe,Aracaju,João Paulo ii
SE,Sergipe,Aracaju,Jornalista Orlando Dantas
SE,Sergipe,Aracaju,José Carlos Araújo
SE,Sergipe,Aracaju,José Conrado de Araújo
SE,Sergipe,Aracaju,Jose o l Neto
SE,Sergipe,Aracaju,Lamarão
SE,Sergipe,Aracaju,Largo Sao Conrado
SE,Sergipe,Aracaju,Liberdade
SE,Sergipe,Aracaju,Loteamento Boa Viagem
SE,Sergipe,Aracaju,Loteamento Santa Inês
SE,Sergipe,Aracaju,Lourival Batista
SE,Sergipe,Aracaju,Lourival Fontes
SE,Sergipe,Aracaju,Ltm Paulo Pereira
SE,Sergipe,Aracaju,Ltm São Benedito
SE,Sergipe,Aracaju,Ltm São Domingos
SE,Sergipe,Aracaju,Luzia
SE,Sergipe,Aracaju,Luzia/Ponto Novo
SE,Sergipe,Aracaju,Luzia/Ponto Novo
SE,Sergipe,Aracaju,Mar de Rosas
SE,Sergipe,Aracaju,Maria c n Alves
SE,Sergipe,Aracaju,Marivan
SE,Sergipe,Aracaju,Matinha
SE,Sergipe,Aracaju,Medici i
SE,Sergipe,Aracaju,Medici ii
SE,Sergipe,Aracaju,Miguel Cacho
SE,Sergipe,Aracaju,Montal
SE,Sergipe,Aracaju,Morada do Mar
SE,Sergipe,Aracaju,Morada dos Bosques
SE,Sergipe,Aracaju,Mosqueiro
SE,Sergipe,Aracaju,Nelson Costa
SE,Sergipe,Aracaju,Nossa Senhora de Fátima
SE,Sergipe,Aracaju,Nossa Senhora do Socorro
SE,Sergipe,Aracaju,Nova Palestina
SE,Sergipe,Aracaju,Novo Paraíso
SE,Sergipe,Aracaju,Novo Ponto
SE,Sergipe,Aracaju,Olaria
SE,Sergipe,Aracaju,Orlando Dantas
SE,Sergipe,Aracaju,Palestina
SE,Sergipe,Aracaju,Palmares
SE,Sergipe,Aracaju,Parque dos Coqueiros
SE,Sergipe,Aracaju,Parque dos Farois
SE,Sergipe,Aracaju,Parque Ipe
SE,Sergipe,Aracaju,Parque São José
SE,Sergipe,Aracaju,Paulo Barreto
SE,Sergipe,Aracaju,Pereira Lobo
SE,Sergipe,Aracaju,Pituba
SE,Sergipe,Aracaju,Ponto Novo
SE,Sergipe,Aracaju,Porto D'Antas
SE,Sergipe,Aracaju,Porto Dantas
SE,Sergipe,Aracaju,Povoado Taboca
SE,Sergipe,Aracaju,Praia de Aruana
SE,Sergipe,Aracaju,Praia do Refugio
SE,Sergipe,Aracaju,Praia dos Coqueiros
SE,Sergipe,Aracaju,Princeza Isabel
SE,Sergipe,Aracaju,Realengo
SE,Sergipe,Aracaju,Recanto do Sol
SE,Sergipe,Aracaju,Rio Palarme
SE,Sergipe,Aracaju,Robalo
SE,Sergipe,Aracaju,Rosa Elze
SE,Sergipe,Aracaju,Rosa Maria
SE,Sergipe,Aracaju,Salgado Filho
SE,Sergipe,Aracaju,Santa Cecília
SE,Sergipe,Aracaju,Santa Lúcia
SE,Sergipe,Aracaju,Santa Maria
SE,Sergipe,Aracaju,Santa Rita
SE,Sergipe,Aracaju,Santa Tereza
SE,Sergipe,Aracaju,Santo Antônio
SE,Sergipe,Aracaju,Santo Dumont
SE,Sergipe,Aracaju,Santos Dumont
SE,Sergipe,Aracaju,São Conrado
SE,Sergipe,Aracaju,São Jorge
SE,Sergipe,Aracaju,São José
SE,Sergipe,Aracaju,São Raimundo
SE,Sergipe,Aracaju,Sata Inez
SE,Sergipe,Aracaju,Sem Bairro
SE,Sergipe,Aracaju,Senador Leite Neto
SE,Sergipe,Aracaju,Senhor do Bonfin
SE,Sergipe,Aracaju,Serraria
SE,Sergipe,Aracaju,Sete de Abril
SE,Sergipe,Aracaju,Siqueira Campos
SE,Sergipe,Aracaju,Sitio Bugio
SE,Sergipe,Aracaju,Sobrado
SE,Sergipe,Aracaju,Sol Nascente
SE,Sergipe,Aracaju,Soledad
SE,Sergipe,Aracaju,Suica
SE,Sergipe,Aracaju,Tabuleiro dos Martins
SE,Sergipe,Aracaju,Terra Dura
SE,Sergipe,Aracaju,Tiradentes
SE,Sergipe,Aracaju,Torre
SE,Sergipe,Aracaju,Trapia I
SE,Sergipe,Aracaju,Treze de Julho
SE,Sergipe,Aracaju,Treze de Julho/Salgado Fi
SE,Sergipe,Aracaju,Treze de Julho/Salgado Filho
SE,Sergipe,Aracaju,Treze de Julho/Salgado Filho
SE,Sergipe,Aracaju,Vergel Lago
SE,Sergipe,Aracaju,Vigário Geral
SE,Sergipe,Aracaju,Vila Palmeira
SE,Sergipe,Aracaju,ZONA RURAL
SE,Sergipe,Abais
SE,Sergipe,Abais,Centro
SE,Sergipe,Abóbora
SE,Sergipe,Abóbora,Centro
SE,Sergipe,Açú Velho
SE,Sergipe,Açú Velho,Centro
SE,Sergipe,Açuzinho
SE,Sergipe,Açuzinho,Centro
SE,Sergipe,Adique
SE,Sergipe,Adique,Centro
SE,Sergipe,Agrovila - Itabaiana
SE,Sergipe,Agrovila - Itabaiana,Centro
SE,Sergipe,Água Bonita
SE,Sergipe,Água Bonita,Centro
SE,Sergipe,Água Fria - Salgado
SE,Sergipe,Água Fria - Salgado,Centro
SE,Sergipe,Aguada
SE,Sergipe,Aguada,Centro
SE,Sergipe,Aguada,Pov Intrudo
SE,Sergipe,Aguilhadas
SE,Sergipe,Alagadiço
SE,Sergipe,Alagadiço,Centro
SE,Sergipe,Alagamar
SE,Sergipe,Alagamar,Centro
SE,Sergipe,Aldeia - Santo Amaro das Brotas
SE,Sergipe,Aldeia - São Cristóvão
SE,Sergipe,Aldeia - São Cristóvão,Centro
SE,Sergipe,Alecrim - Estância
SE,Sergipe,Alecrim - Estância,Centro
SE,Sergipe,Alecrim - Malhador
SE,Sergipe,Alecrim - Malhador,Centro
SE,Sergipe,Alto do Santo Antônio
SE,Sergipe,Alto do Santo Antônio,Centro
SE,Sergipe,Altos Verdes
SE,Sergipe,Altos Verdes,Centro
SE,Sergipe,Amparo de São Francisco
SE,Sergipe,Amparo de São Francisco,Bugio
SE,Sergipe,Amparo de São Francisco,Centro
SE,Sergipe,Angico
SE,Sergipe,Angico,Centro
SE,Sergipe,Aningas - Pirambu
SE,Sergipe,Aningas - São Cristóvão
SE,Sergipe,Aningas - São Cristóvão,Centro
SE,Sergipe,Aquidabã
SE,Sergipe,Aquidabã,a c Valadares
SE,Sergipe,Aquidabã,Bugio
SE,Sergipe,Aquidabã,Centro
SE,Sergipe,Araçá
SE,Sergipe,Araçá,Centro
SE,Sergipe,Aracaju
SE,Sergipe,Aracaju,a Chateuabriand
SE,Sergipe,Aracaju,a Magalhães
SE,Sergipe,Aracaju,Aeroporto
SE,Sergipe,Aracaju,Alameda Tamandaré
SE,Sergipe,Aracaju,Alto Divinéia
SE,Sergipe,Aracaju,Alvorada
SE,Sergipe,Aracaju,Amazonino Mendes
SE,Sergipe,Aracaju,América
SE,Sergipe,Aracaju,Amintas Garcez
SE,Sergipe,Aracaju,Anchietão
SE,Sergipe,Aracaju,Angela Catarina
SE,Sergipe,Aracaju,Areia Branca
SE,Sergipe,Aracaju,Aruana
SE,Sergipe,Aracaju,Atacaia
SE,Sergipe,Aracaju,Atalaia
SE,Sergipe,Aracaju,Atalaia Velha
SE,Sergipe,Aracaju,Augusto Franco
SE,Sergipe,Aracaju,Bairro Industrial
SE,Sergipe,Aracaju,Baixa de Quintas
SE,Sergipe,Aracaju,Barra
SE,Sergipe,Aracaju,Barra da Tijuca
SE,Sergipe,Aracaju,Beira Mar
SE,Sergipe,Aracaju,Beira Rio
SE,Sergipe,Aracaju,Benedito Bentes
SE,Sergipe,Aracaju,Boca do Rio
SE,Sergipe,Aracaju,Br 101
SE,Sergipe,Aracaju,Br 235
SE,Sergipe,Aracaju,Bugio
SE,Sergipe,Aracaju,Cabanga
SE,Sergipe,Aracaju,Cajazeiras
SE,Sergipe,Aracaju,Caminho das Árvores
SE,Sergipe,Aracaju,Campo Grande
SE,Sergipe,Aracaju,Capuchinhos
SE,Sergipe,Aracaju,Capucho
SE,Sergipe,Aracaju,Castelo Branco
SE,Sergipe,Aracaju,Cecília
SE,Sergipe,Aracaju,Célia c Duarte
SE,Sergipe,Aracaju,Centro
SE,Sergipe,Aracaju,Cidade dos Funcionários
SE,Sergipe,Aracaju,Cidade Nova
SE,Sergipe,Aracaju,Cirurgia
SE,Sergipe,Aracaju,Cj Albano Franco
SE,Sergipe,Aracaju,Cj Gen João Pereira
SE,Sergipe,Aracaju,Cj Gov João A Filho
SE,Sergipe,Aracaju,Cj Loyola
SE,Sergipe,Aracaju,Cj M Freire II
SE,Sergipe,Aracaju,Cj Novo Horizonte
SE,Sergipe,Aracaju,Cj Taicoca
SE,Sergipe,Aracaju,Comércio
SE,Sergipe,Aracaju,Conjunto Alto Jerusalém
SE,Sergipe,Aracaju,Conjunto Assis Chateaubriand
SE,Sergipe,Aracaju,Conjunto Célia Cabral Duarte
SE,Sergipe,Aracaju,Conjunto Jessé Pinto Freire
SE,Sergipe,Aracaju,Conjunto Juscelino Kubitschek
SE,Sergipe,Aracaju,Conjunto Marcos Freire II
SE,Sergipe,Aracaju,Conjunto Médice II
SE,Sergipe,Aracaju,Conol ii
SE,Sergipe,Aracaju,Conveniência
SE,Sergipe,Aracaju,Coqueiral
SE,Sergipe,Aracaju,Coroa do Meio
SE,Sergipe,Aracaju,Costa do Sol
SE,Sergipe,Aracaju,Costa e Silva
SE,Sergipe,Aracaju,Dezoito do Forte
SE,Sergipe,Aracaju,Dia
SE,Sergipe,Aracaju,Distrito Industrial
SE,Sergipe,Aracaju,Dom Pedro i
SE,Sergipe,Aracaju,Duque de Caxias
SE,Sergipe,Aracaju,Esperança
SE,Sergipe,Aracaju,Estrela do Oriente
SE,Sergipe,Aracaju,Farolândia
SE,Sergipe,Aracaju,Gajará
SE,Sergipe,Aracaju,Gentil Mota
SE,Sergipe,Aracaju,Getúlio Vargas
SE,Sergipe,Aracaju,Glória
SE,Sergipe,Aracaju,Grangero
SE,Sergipe,Aracaju,Guagarú
SE,Sergipe,Aracaju,Guaratiba
SE,Sergipe,Aracaju,Inácio Barbosa
SE,Sergipe,Aracaju,Industrial
SE,Sergipe,Aracaju,Ipês
SE,Sergipe,Aracaju,Itacanema
SE,Sergipe,Aracaju,j r de Moraes
SE,Sergipe,Aracaju,Jabotiana
SE,Sergipe,Aracaju,Jabotiana-cj Sol Nascente
SE,Sergipe,Aracaju,Jardim
SE,Sergipe,Aracaju,Jardim Alvorada
SE,Sergipe,Aracaju,Jardim Aperipê
SE,Sergipe,Aracaju,Jardim Atlantico
SE,Sergipe,Aracaju,Jardim Baiano
SE,Sergipe,Aracaju,Jardim Centenário
SE,Sergipe,Aracaju,Jardim Encantado
SE,Sergipe,Aracaju,Jardim Esperança
SE,Sergipe,Aracaju,Jardim Godofredo Diniz
SE,Sergipe,Aracaju,Jardim i
SE,Sergipe,Aracaju,Jardim ii
SE,Sergipe,Aracaju,Jardim Itacanema ii
SE,Sergipe,Aracaju,Jardim Jussara
SE,Sergipe,Aracaju,Jardim Jussara i
SE,Sergipe,Aracaju,Jardim Mar Azul
SE,Sergipe,Aracaju,Jardim Nice
SE,Sergipe,Aracaju,Jardim Pai André
SE,Sergipe,Aracaju,Jardim Santo Antônio
SE,Sergipe,Aracaju,Jardim Vila Ney
SE,Sergipe,Aracaju,Jardins
SE,Sergipe,Aracaju,Jd Mar De Rosas
SE,Sergipe,Aracaju,Jd São Francisco
SE,Sergipe,Aracaju,Jesse P. Freire
SE,Sergipe,Aracaju,Jk
SE,Sergipe,Aracaju,João Batista Nascimento
SE,Sergipe,Aracaju,João Paulo ii
SE,Sergipe,Aracaju,Jornalista Orlando Dantas
SE,Sergipe,Aracaju,José Carlos Araújo
SE,Sergipe,Aracaju,José Conrado de Araújo
SE,Sergipe,Aracaju,Jose o l Neto
SE,Sergipe,Aracaju,Lamarão
SE,Sergipe,Aracaju,Largo Sao Conrado
SE,Sergipe,Aracaju,Liberdade
SE,Sergipe,Aracaju,Loteamento Boa Viagem
SE,Sergipe,Aracaju,Loteamento Santa Inês
SE,Sergipe,Aracaju,Lourival Batista
SE,Sergipe,Aracaju,Lourival Fontes
SE,Sergipe,Aracaju,Ltm Paulo Pereira
SE,Sergipe,Aracaju,Ltm São Benedito
SE,Sergipe,Aracaju,Ltm São Domingos
SE,Sergipe,Aracaju,Luzia
SE,Sergipe,Aracaju,Luzia/Ponto Novo
SE,Sergipe,Aracaju,Luzia/Ponto Novo
SE,Sergipe,Aracaju,Mar de Rosas
SE,Sergipe,Aracaju,Maria c n Alves
SE,Sergipe,Aracaju,Marivan
SE,Sergipe,Aracaju,Matinha
SE,Sergipe,Aracaju,Medici i
SE,Sergipe,Aracaju,Medici ii
SE,Sergipe,Aracaju,Miguel Cacho
SE,Sergipe,Aracaju,Montal
SE,Sergipe,Aracaju,Morada do Mar
SE,Sergipe,Aracaju,Morada dos Bosques
SE,Sergipe,Aracaju,Mosqueiro
SE,Sergipe,Aracaju,Nelson Costa
SE,Sergipe,Aracaju,Nossa Senhora de Fátima
SE,Sergipe,Aracaju,Nossa Senhora do Socorro
SE,Sergipe,Aracaju,Nova Palestina
SE,Sergipe,Aracaju,Novo Paraíso
SE,Sergipe,Aracaju,Novo Ponto
SE,Sergipe,Aracaju,Olaria
SE,Sergipe,Aracaju,Orlando Dantas
SE,Sergipe,Aracaju,Palestina
SE,Sergipe,Aracaju,Palmares
SE,Sergipe,Aracaju,Parque dos Coqueiros
SE,Sergipe,Aracaju,Parque dos Farois
SE,Sergipe,Aracaju,Parque Ipe
SE,Sergipe,Aracaju,Parque São José
SE,Sergipe,Aracaju,Paulo Barreto
SE,Sergipe,Aracaju,Pereira Lobo
SE,Sergipe,Aracaju,Pituba
SE,Sergipe,Aracaju,Ponto Novo
SE,Sergipe,Aracaju,Porto D'Antas
SE,Sergipe,Aracaju,Porto Dantas
SE,Sergipe,Aracaju,Povoado Taboca
SE,Sergipe,Aracaju,Praia de Aruana
SE,Sergipe,Aracaju,Praia do Refugio
SE,Sergipe,Aracaju,Praia dos Coqueiros
SE,Sergipe,Aracaju,Princeza Isabel
SE,Sergipe,Aracaju,Realengo
SE,Sergipe,Aracaju,Recanto do Sol
SE,Sergipe,Aracaju,Rio Palarme
SE,Sergipe,Aracaju,Robalo
SE,Sergipe,Aracaju,Rosa Elze
SE,Sergipe,Aracaju,Rosa Maria
SE,Sergipe,Aracaju,Salgado Filho
SE,Sergipe,Aracaju,Santa Cecília
SE,Sergipe,Aracaju,Santa Lúcia
SE,Sergipe,Aracaju,Santa Maria
SE,Sergipe,Aracaju,Santa Rita
SE,Sergipe,Aracaju,Santa Tereza
SE,Sergipe,Aracaju,Santo Antônio
SE,Sergipe,Aracaju,Santo Dumont
SE,Sergipe,Aracaju,Santos Dumont
SE,Sergipe,Aracaju,São Conrado
SE,Sergipe,Aracaju,São Jorge
SE,Sergipe,Aracaju,São José
SE,Sergipe,Aracaju,São Raimundo
SE,Sergipe,Aracaju,Sata Inez
SE,Sergipe,Aracaju,Sem Bairro
SE,Sergipe,Aracaju,Senador Leite Neto
SE,Sergipe,Aracaju,Senhor do Bonfin
SE,Sergipe,Aracaju,Serraria
SE,Sergipe,Aracaju,Sete de Abril
SE,Sergipe,Aracaju,Siqueira Campos
SE,Sergipe,Aracaju,Sitio Bugio
SE,Sergipe,Aracaju,Sobrado
SE,Sergipe,Aracaju,Sol Nascente
SE,Sergipe,Aracaju,Soledad
SE,Sergipe,Aracaju,Suica
SE,Sergipe,Aracaju,Tabuleiro dos Martins
SE,Sergipe,Aracaju,Terra Dura
SE,Sergipe,Aracaju,Tiradentes
SE,Sergipe,Aracaju,Torre
SE,Sergipe,Aracaju,Trapia I
SE,Sergipe,Aracaju,Treze de Julho
SE,Sergipe,Aracaju,Treze de Julho/Salgado Fi
SE,Sergipe,Aracaju,Treze de Julho/Salgado Filho
SE,Sergipe,Aracaju,Treze de Julho/Salgado Filho
SE,Sergipe,Aracaju,Vergel Lago
SE,Sergipe,Aracaju,Vigário Geral
SE,Sergipe,Aracaju,Vila Palmeira
SE,Sergipe,Aracaju,ZONA RURAL
SE,Sergipe,Arame I
SE,Sergipe,Araticum
SE,Sergipe,Araticum,Centro
SE,Sergipe,Arauá
SE,Sergipe,Arauá,Alzira Costa
SE,Sergipe,Arauá,Centro
SE,Sergipe,Arauá,Joao c Carvalho
SE,Sergipe,Areia Branca
SE,Sergipe,Areia Branca,Bananeira
SE,Sergipe,Areia Branca,Centro
SE,Sergipe,Areia Branca,Lagoa Seca
SE,Sergipe,Areia Branca,Ponto Chic
SE,Sergipe,Areia Branca,Sao Joao
SE,Sergipe,Areia Branca,Sao Jose
SE,Sergipe,Areia Branca - Pacatuba
SE,Sergipe,Areial - São Domingos
SE,Sergipe,Areial - São Domingos,Centro
SE,Sergipe,Areias
SE,Sergipe,Areias - Santa Rosa de Lima
SE,Sergipe,Areias - Santa Rosa de Lima,Centro
SE,Sergipe,Arrodeador
SE,Sergipe,Arrodeador,Centro
SE,Sergipe,Ass Cuiabá
SE,Sergipe,Ass Tapera do Nico
SE,Sergipe,Atalaia Nova
SE,Sergipe,Atalaia Nova,Centro
SE,Sergipe,Atalaia Nova,Ltm Kwait
SE,Sergipe,Atalaia Nova,Malvinas
SE,Sergipe,Badajos
SE,Sergipe,Balde
SE,Sergipe,Balde,Centro
SE,Sergipe,Barra dos Coqueiros
SE,Sergipe,Barra dos Coqueiros,Atalaia Nova
SE,Sergipe,Barra dos Coqueiros,Caminho Mar
SE,Sergipe,Barra dos Coqueiros,Centro
SE,Sergipe,Barra dos Coqueiros,Cirurgia
SE,Sergipe,Barra dos Coqueiros,Cj Aloísio M Santos
SE,Sergipe,Barra dos Coqueiros,Conjunto Dom Pedro I
SE,Sergipe,Barra dos Coqueiros,Espaco Tropical
SE,Sergipe,Barra dos Coqueiros,h f Batista
SE,Sergipe,Barra dos Coqueiros,Inácio Barbosa
SE,Sergipe,Barra dos Coqueiros,Marivan
SE,Sergipe,Barra dos Coqueiros,Moises g Pereira
SE,Sergipe,Barra dos Coqueiros,Olimar
SE,Sergipe,Barra dos Coqueiros,Pov Jatobá
SE,Sergipe,Barra dos Coqueiros,Prisco Viana
SE,Sergipe,Barra dos Coqueiros,Sao Benedito
SE,Sergipe,Barriga
SE,Sergipe,Barriga,Centro
SE,Sergipe,Barro Preto
SE,Sergipe,Barro Preto
SE,Sergipe,Barro Preto,Centro
SE,Sergipe,Barro Vermelho - Lagarto
SE,Sergipe,Barro Vermelho - Lagarto,Centro
SE,Sergipe,Bela Vista - Telha
SE,Sergipe,Bela Vista - Telha,Centro
SE,Sergipe,Betume
SE,Sergipe,Betume,Centro
SE,Sergipe,Boa Esperança
SE,Sergipe,Boa Esperança,Centro
SE,Sergipe,Boa Vista Urubu
SE,Sergipe,Boa Vista Urubu,Centro
SE,Sergipe,Boca da Barra
SE,Sergipe,Boca da Barra,Centro
SE,Sergipe,Boeiro
SE,Sergipe,Boeiro,Centro
SE,Sergipe,Bolandeira - Arauá
SE,Sergipe,Bolandeira - Arauá,Centro
SE,Sergipe,Bom Jardim
SE,Sergipe,Bom Jardim,Centro
SE,Sergipe,Bom Jesus
SE,Sergipe,Bom Jesus,Centro
SE,Sergipe,Bomfim - Riachão do Dantas
SE,Sergipe,Bomfim - Riachão do Dantas,Centro
SE,Sergipe,Bonfim - Divina Pastora
SE,Sergipe,Bonfim - Divina Pastora,Centro
SE,Sergipe,Bonsucesso - Poço Redondo
SE,Sergipe,Bonsucesso - Poço Redondo,Centro
SE,Sergipe,Boquim
SE,Sergipe,Boquim,Cecilia Estacao
SE,Sergipe,Boquim,Centro
SE,Sergipe,Boquim,d Bosco
SE,Sergipe,Boquim,Distrito Industrial
SE,Sergipe,Boquim,Idalito Oliveira
SE,Sergipe,Boquim,Jardim
SE,Sergipe,Boquim,Laranjais
SE,Sergipe,Boquim,Miguel Anjos
SE,Sergipe,Boquim,Sipriciano Filho
SE,Sergipe,Borda da Mata - Canhoba
SE,Sergipe,Botequim
SE,Sergipe,Brasília - Lagarto
SE,Sergipe,Brasília - Lagarto,Centro
SE,Sergipe,Brasília - Tobias Barreto
SE,Sergipe,Brasília - Tobias Barreto,Centro
SE,Sergipe,Bravo Urubu
SE,Sergipe,Bravo Urubu,Centro
SE,Sergipe,Brejão
SE,Sergipe,Brejão,Centro
SE,Sergipe,Brejo
SE,Sergipe,Brejo,Centro
SE,Sergipe,Brejo Grande
SE,Sergipe,Brejo Grande,Centro
SE,Sergipe,Brejo Grande,Luiz Ferreira
SE,Sergipe,Brejo Grande,m Andreaza
SE,Sergipe,Brinquinho
SE,Sergipe,Brinquinho,Centro
SE,Sergipe,Caatinga Redonda
SE,Sergipe,Caatinga Redonda,Centro
SE,Sergipe,Cabeça Dantas
SE,Sergipe,Cabeça Dantas,Centro
SE,Sergipe,Cabral
SE,Sergipe,Cabral,Centro
SE,Sergipe,Cabrita
SE,Sergipe,Cabrita,Centro
SE,Sergipe,Caitetu
SE,Sergipe,Caitetu,Centro
SE,Sergipe,Cajaíba
SE,Sergipe,Cajaíba,Centro
SE,Sergipe,Cajueiro - Areia Branca
SE,Sergipe,Cajueiro - Areia Branca,Centro
SE,Sergipe,Cajueiro - Itabaiana
SE,Sergipe,Cajueiro - Itabaiana,Centro
SE,Sergipe,Calumbi
SE,Sergipe,Calumbi,Centro
SE,Sergipe,Campo do Brito
SE,Sergipe,Campo do Brito,Centro
SE,Sergipe,Campo do Brito,Usina
SE,Sergipe,Campo do Criolo
SE,Sergipe,Campo do Criolo,Centro
SE,Sergipe,Campos
SE,Sergipe,Campos,Centro
SE,Sergipe,Canaã
SE,Sergipe,Canaã,Centro
SE,Sergipe,Canabrava
SE,Sergipe,Canabrava,Centro
SE,Sergipe,Candeias - Moita Bonita
SE,Sergipe,Candeias - Moita Bonita,Centro
SE,Sergipe,Canhoba
SE,Sergipe,Canhoba,Albano Franco
SE,Sergipe,Canhoba,Centro
SE,Sergipe,Canindé de São Francisco
SE,Sergipe,Canindé de São Francisco,Centro
SE,Sergipe,Canindé de São Francisco,Jaqueira
SE,Sergipe,Canindé de São Francisco,Pov Capim Grosso
SE,Sergipe,Canindé de São Francisco,Se 208
SE,Sergipe,Canindé de São Francisco,Torre
SE,Sergipe,Canindé de São Francisco,Trevo
SE,Sergipe,Canta Galo
SE,Sergipe,Capela
SE,Sergipe,Capela,Aeroporto
SE,Sergipe,Capela,Centro
SE,Sergipe,Capela,Sao Cristovao
SE,Sergipe,Capim Grosso
SE,Sergipe,Capim Grosso,Centro
SE,Sergipe,Capitoa
SE,Sergipe,Capitoa,Centro
SE,Sergipe,Capunga
SE,Sergipe,Capunga,Centro
SE,Sergipe,Caraíbas - Canhoba
SE,Sergipe,Caraíbas de Baixo
SE,Sergipe,Caraíbas de Baixo,Centro
SE,Sergipe,Cardoso - São Cristóvão
SE,Sergipe,Cardoso - São Cristóvão,Centro
SE,Sergipe,Carira
SE,Sergipe,Carira,Br 235
SE,Sergipe,Carira,Centro
SE,Sergipe,Carira,Industrial
SE,Sergipe,Carira,Lagoa Verde
SE,Sergipe,Carira,Leader
SE,Sergipe,Carira,Massaranduba
SE,Sergipe,Carira,Matadouro Velho
SE,Sergipe,Carira,Vila Nova
SE,Sergipe,Carlos Torres
SE,Sergipe,Carlos Torres,Centro
SE,Sergipe,Carmópolis
SE,Sergipe,Carmópolis,a c Valadares
SE,Sergipe,Carmópolis,Centro
SE,Sergipe,Carmópolis,Conjunto Dom Pedro I
SE,Sergipe,Carmópolis,Pereira Lobo
SE,Sergipe,Carmópolis,Pov Aguada
SE,Sergipe,Carmópolis,Santa Barbara
SE,Sergipe,Carmópolis,Trapia i
SE,Sergipe,Carmópolis,Trapia ii
SE,Sergipe,Carrilho
SE,Sergipe,Carrilho,Centro
SE,Sergipe,Casa Caiada
SE,Sergipe,Casa Caiada,Centro
SE,Sergipe,Castanhal
SE,Sergipe,Castanhal,Centro
SE,Sergipe,Caueira
SE,Sergipe,Caueira,Centro
SE,Sergipe,Caueira,Jardim Tropical
SE,Sergipe,Cedro
SE,Sergipe,Cedro,Centro
SE,Sergipe,Cedro de São João
SE,Sergipe,Cedro de São João,Centro
SE,Sergipe,Cedro de São João,Jesse Trindade
SE,Sergipe,Cedro de São João,Pov Cruzeiro Redondo
SE,Sergipe,Central
SE,Sergipe,Central,Centro
SE,Sergipe,Cercado
SE,Sergipe,Cercado,Centro
SE,Sergipe,Cha
SE,Sergipe,Colônia Estancinha
SE,Sergipe,Colônia Estancinha,Centro
SE,Sergipe,Colônia Miranda
SE,Sergipe,Colônia Miranda,Centro
SE,Sergipe,Colônia São Paulo
SE,Sergipe,Colônia São Paulo,Centro
SE,Sergipe,Colônia Sapé
SE,Sergipe,Colônia Sapé,Centro
SE,Sergipe,Colônia Sergipe
SE,Sergipe,Colônia Sergipe,Centro
SE,Sergipe,Colônia Treze
SE,Sergipe,Colônia Treze,Centro
SE,Sergipe,Colônia Treze,Jardim Uirapuru
SE,Sergipe,Convento
SE,Sergipe,Convento,Centro
SE,Sergipe,Coqueiro - São Critóvão
SE,Sergipe,Coqueiro de Baixo
SE,Sergipe,Coqueiro de Baixo,Centro
SE,Sergipe,Coqueiro de Cima
SE,Sergipe,Coqueiro de Cima,Centro
SE,Sergipe,Crasto
SE,Sergipe,Crasto,Centro
SE,Sergipe,Cristinápolis
SE,Sergipe,Cristinápolis,Centro
SE,Sergipe,Cristinápolis,Joao f Farias
SE,Sergipe,Cristinápolis,Manoel Joaquim
SE,Sergipe,Cristinápolis,Sao Francisco
SE,Sergipe,Cruz da Donzela
SE,Sergipe,Cruz da Donzela,Centro
SE,Sergipe,Cruz das Graças
SE,Sergipe,Cruz das Graças,Centro
SE,Sergipe,Cruz Grande
SE,Sergipe,Cruz Grande,Centro
SE,Sergipe,Cumbe 
SE,Sergipe,Cumbe ,Centro
SE,Sergipe,Cumbe - Simão Dias
SE,Sergipe,Cumbe - Simão Dias,Centro
SE,Sergipe,Cuminho
SE,Sergipe,Curituba
SE,Sergipe,Curituba,Centro
SE,Sergipe,Curral dos Bois - Japaratuba
SE,Sergipe,Curral dos Bois - Japaratuba,Centro
SE,Sergipe,Curral dos Bois - Simão Dias
SE,Sergipe,Curral dos Bois - Simão Dias,Centro
SE,Sergipe,Curtume
SE,Sergipe,Curtume,Centro
SE,Sergipe,Dendezeiro
SE,Sergipe,Dendezeiro,Centro
SE,Sergipe,Descoberto
SE,Sergipe,Descoberto,Centro
SE,Sergipe,Diamante
SE,Sergipe,Dispensa
SE,Sergipe,Dispensa,Centro
SE,Sergipe,Dispensa,São Conrado
SE,Sergipe,Divina Pastora
SE,Sergipe,Divina Pastora,Centro
SE,Sergipe,Divina Pastora,Manoel f Costa
SE,Sergipe,Divinéa
SE,Sergipe,Divinéa,Centro
SE,Sergipe,Escurial
SE,Sergipe,Escurial,Centro
SE,Sergipe,Espinheiro - Japoatã
SE,Sergipe,Espinheiro - Japoatã,Centro
SE,Sergipe,Estância
SE,Sergipe,Estância,a c Valadares
SE,Sergipe,Estância,Alagoas
SE,Sergipe,Estância,Alecrim
SE,Sergipe,Estância,Atalaia
SE,Sergipe,Estância,Bela Vista
SE,Sergipe,Estância,Boa Esperanca
SE,Sergipe,Estância,Bonfim
SE,Sergipe,Estância,Botequim
SE,Sergipe,Estância,Br 101
SE,Sergipe,Estância,Cachoeira
SE,Sergipe,Estância,Camacari
SE,Sergipe,Estância,Candeal
SE,Sergipe,Estância,Carlito
SE,Sergipe,Estância,Centro
SE,Sergipe,Estância,Cidade Nova
SE,Sergipe,Estância,Cj M Freire II
SE,Sergipe,Estância,Conjunto Inácio Barbosa
SE,Sergipe,Estância,José C de Araújo
SE,Sergipe,Estância,Ltm Belo Horizonte
SE,Sergipe,Estância,Ltm Humberto Ralim
SE,Sergipe,Estância,n Senhora Lourdes
SE,Sergipe,Estância,Nelson Emidio
SE,Sergipe,Estância,Nivaldo Silva
SE,Sergipe,Estância,Paulo Amaral
SE,Sergipe,Estância,Paulo Barreto
SE,Sergipe,Estância,Pedro b Siqueira
SE,Sergipe,Estância,Piauitinga
SE,Sergipe,Estância,Porto Dareia
SE,Sergipe,Estância,Pov Estancinha
SE,Sergipe,Estância,Praia do Abaís
SE,Sergipe,Estância,Santa Cruz
SE,Sergipe,Estância,Santo Antonio
SE,Sergipe,Estância,Sao Domingos
SE,Sergipe,Estância,Sao Francisco
SE,Sergipe,Estância,Sao Joao
SE,Sergipe,Estância,Sao Jorge
SE,Sergipe,Estância,Sao Jose
SE,Sergipe,Estância,Sao Vicente
SE,Sergipe,Estancinha II
SE,Sergipe,Estancinha II,Centro
SE,Sergipe,Estiva
SE,Sergipe,Estiva do Raposo
SE,Sergipe,Estiva do Raposo,Centro
SE,Sergipe,Estiva Funda - Pacatuba
SE,Sergipe,Estiva Funda - Pacatuba,Centro
SE,Sergipe,Estiva Funda - Pacatuba,Palestina
SE,Sergipe,Fazenda Grande de Baixo
SE,Sergipe,Fazenda Grande de Baixo,Centro
SE,Sergipe,Fazenda Grande de Cima
SE,Sergipe,Fazenda Grande de Cima,Centro
SE,Sergipe,Fazenda Nova - Pacatuba
SE,Sergipe,Fazenda Nova - Pacatuba,Centro
SE,Sergipe,Fazendinha - Siriri
SE,Sergipe,Fazendinha - Siriri,Centro
SE,Sergipe,Feira Nova
SE,Sergipe,Feira Nova,Centro
SE,Sergipe,Flechas
SE,Sergipe,Flechas,Centro
SE,Sergipe,Forras
SE,Sergipe,Forras,Centro
SE,Sergipe,Forte
SE,Sergipe,Forte,Centro
SE,Sergipe,Frei Paulo
SE,Sergipe,Frei Paulo,Centro
SE,Sergipe,Frei Paulo,Exposicao
SE,Sergipe,Frei Paulo,Joao e Oliveira
SE,Sergipe,Frei Paulo,Mutirao
SE,Sergipe,Frei Paulo,Sitio Ybira
SE,Sergipe,Frei Paulo,Uniao
SE,Sergipe,Gameleira - Campo do Brito
SE,Sergipe,Gameleira - Campo do Brito,Centro
SE,Sergipe,Gameleira - Laranjeiras
SE,Sergipe,Gameleira - Laranjeiras,Centro
SE,Sergipe,Garangau
SE,Sergipe,Garangau,Centro
SE,Sergipe,Gararu
SE,Sergipe,Gararu,Boa Sorte
SE,Sergipe,Gararu,Centro
SE,Sergipe,General Maynard
SE,Sergipe,General Maynard,Centro
SE,Sergipe,Genipapo - Lagarto
SE,Sergipe,Genipapo - Lagarto,Centro
SE,Sergipe,Genipapo - Simão Dias
SE,Sergipe,Genipapo - Simão Dias,Centro
SE,Sergipe,Gracho Cardoso
SE,Sergipe,Gracho Cardoso,Centro
SE,Sergipe,Gracho Cardoso,Eunapio Santos
SE,Sergipe,Gravatá - Itaporanga D'Ajuda
SE,Sergipe,Gravatá - Itaporanga D'Ajuda,Centro
SE,Sergipe,Ilha
SE,Sergipe,Ilha,Centro
SE,Sergipe,Ilha das Flores
SE,Sergipe,Ilha das Flores,Centro
SE,Sergipe,Ilha do Ouro
SE,Sergipe,Ilha do Ouro,Centro
SE,Sergipe,Indiaroba
SE,Sergipe,Indiaroba,Centro
SE,Sergipe,Indiaroba,Senhor Passos
SE,Sergipe,Ipanema
SE,Sergipe,Ipanema,Centro
SE,Sergipe,Iraque
SE,Sergipe,Iraque,Centro
SE,Sergipe,Itabaiana
SE,Sergipe,Itabaiana,Bananeira
SE,Sergipe,Itabaiana,Campo Grande
SE,Sergipe,Itabaiana,Centro
SE,Sergipe,Itabaiana,Conjunto Inácio Barbosa
SE,Sergipe,Itabaiana,e Paes Mendonca
SE,Sergipe,Itabaiana,Eucalipto
SE,Sergipe,Itabaiana,Fazenda Grande
SE,Sergipe,Itabaiana,Gen Joao Pereira
SE,Sergipe,Itabaiana,Gilton Garcia
SE,Sergipe,Itabaiana,Jose l Conceicao
SE,Sergipe,Itabaiana,Macaúbas
SE,Sergipe,Itabaiana,Maria c n Alves
SE,Sergipe,Itabaiana,Marianga
SE,Sergipe,Itabaiana,Matadouro
SE,Sergipe,Itabaiana,Miguel t Mendonca
SE,Sergipe,Itabaiana,Mutirão
SE,Sergipe,Itabaiana,Porto
SE,Sergipe,Itabaiana,São Cristóvão
SE,Sergipe,Itabaiana,Sao Joao
SE,Sergipe,Itabaiana,Serrano
SE,Sergipe,Itabaiana,Siqueira Campos
SE,Sergipe,Itabaiana,Torre
SE,Sergipe,Itabaianinha
SE,Sergipe,Itabaianinha,Albano Franco
SE,Sergipe,Itabaianinha,Centro
SE,Sergipe,Itabaianinha,Conjunto Dom Pedro I
SE,Sergipe,Itabaianinha,Conveniencia
SE,Sergipe,Itabaianinha,Guilherme c Oliveira
SE,Sergipe,Itabaianinha,Jose a Oliveira
SE,Sergipe,Itabaianinha,Paraiso
SE,Sergipe,Itabi
SE,Sergipe,Itabi,Bugio
SE,Sergipe,Itabi,Centro
SE,Sergipe,Itabi,José C de Araújo
SE,Sergipe,Itapecuru
SE,Sergipe,Itapecuru,Centro
SE,Sergipe,Itaperinha
SE,Sergipe,Itaperinha,Centro
SE,Sergipe,Itaporanga D'Ajuda
SE,Sergipe,Itaporanga D'Ajuda,a c Valadares
SE,Sergipe,Itaporanga D'Ajuda,Arnaldo Garcez
SE,Sergipe,Itaporanga D'Ajuda,Centro
SE,Sergipe,Itaporanga D'Ajuda,Cj Albano Franco
SE,Sergipe,Itaporanga D'Ajuda,Industrial
SE,Sergipe,Itaporanga D'Ajuda,Jeova
SE,Sergipe,Itaporanga D'Ajuda,Maj Marcolino
SE,Sergipe,Itaporanga D'Ajuda,Manoel c Sobral
SE,Sergipe,Itaporanga D'Ajuda,Sao Roque
SE,Sergipe,Jabiberi
SE,Sergipe,Jabiberi,Centro
SE,Sergipe,Jacoquinha
SE,Sergipe,Jacoquinha,Centro
SE,Sergipe,Japaratuba
SE,Sergipe,Japaratuba,Centro
SE,Sergipe,Japaratuba,Jardim Brasil i
SE,Sergipe,Japaratuba,Jardim Brasil ii
SE,Sergipe,Japaratuba,Jardim Esperanca
SE,Sergipe,Japaratuba,Luiz Rabelo Leite
SE,Sergipe,Japaratuba,Siqueira Campos
SE,Sergipe,Japoatã
SE,Sergipe,Japoatã,Centro
SE,Sergipe,Japoatã,Joao a Filho
SE,Sergipe,Jardim
SE,Sergipe,Jardim,Centro
SE,Sergipe,Jatobá
SE,Sergipe,Juerana
SE,Sergipe,Juerana,Centro
SE,Sergipe,Junco
SE,Sergipe,Junco,Centro
SE,Sergipe,Ladeira
SE,Sergipe,Ladeira,Centro
SE,Sergipe,Ladeirinhas
SE,Sergipe,Ladeirinhas,Centro
SE,Sergipe,Lagarto
SE,Sergipe,Lagarto,Ademar Carvalho
SE,Sergipe,Lagarto,Alto Boa Vista
SE,Sergipe,Lagarto,América
SE,Sergipe,Lagarto,Centro
SE,Sergipe,Lagarto,Cidade Nova
SE,Sergipe,Lagarto,Exposicao
SE,Sergipe,Lagarto,Horta
SE,Sergipe,Lagarto,Jardim Campo Novo
SE,Sergipe,Lagarto,Josafa Vasconcel
SE,Sergipe,Lagarto,Laudelino Freire
SE,Sergipe,Lagarto,Liborios
SE,Sergipe,Lagarto,Loyola
SE,Sergipe,Lagarto,Loyola ii
SE,Sergipe,Lagarto,Ltm Eusébio Jesus
SE,Sergipe,Lagarto,Ltm Mesquita
SE,Sergipe,Lagarto,Luis Loyola
SE,Sergipe,Lagarto,Luiz Loyola i
SE,Sergipe,Lagarto,Matinha
SE,Sergipe,Lagarto,Novo Horizonte
SE,Sergipe,Lagarto,Pov Angola Cachorro
SE,Sergipe,Lagarto,Pov Catita
SE,Sergipe,Lagarto,Pov Matinha
SE,Sergipe,Lagarto,Pratas
SE,Sergipe,Lagarto,São José
SE,Sergipe,Lagarto,Se 110
SE,Sergipe,Lagarto,Silvio Romero
SE,Sergipe,Lagarto,Siqueira Campos
SE,Sergipe,Lagoa
SE,Sergipe,Lagoa,Centro
SE,Sergipe,Lagoa Bonita
SE,Sergipe,Lagoa Bonita,Centro
SE,Sergipe,Lagoa da Espera
SE,Sergipe,Lagoa da Espera,Centro
SE,Sergipe,Lagoa da Volta
SE,Sergipe,Lagoa da Volta,Centro
SE,Sergipe,Lagoa do Forno
SE,Sergipe,Lagoa do Mato
SE,Sergipe,Lagoa do Mato,Centro
SE,Sergipe,Lagoa do Meio
SE,Sergipe,Lagoa do Meio,Centro
SE,Sergipe,Lagoa do Rancho
SE,Sergipe,Lagoa do Rancho,Centro
SE,Sergipe,Lagoa Grande - Siriri
SE,Sergipe,Lagoa Nova
SE,Sergipe,Lagoa Nova,Centro
SE,Sergipe,Lagoa Redonda - Itabi
SE,Sergipe,Lagoa Redonda - Itabi,Centro
SE,Sergipe,Lagoa Redonda - Pirambu
SE,Sergipe,Lagoa Redonda - Pirambu,Centro
SE,Sergipe,Lagoa Redonda - Porto da Folha
SE,Sergipe,Lagoa Redonda - Porto da Folha,Centro
SE,Sergipe,Lagoa Salgada
SE,Sergipe,Lagoa Salgada,Centro
SE,Sergipe,Lagoa Seca - Macambira
SE,Sergipe,Lagoa Seca - Macambira,Centro
SE,Sergipe,Lagoa Seca - Simão Dias
SE,Sergipe,Lagoa Seca - Simão Dias,Centro
SE,Sergipe,Lagoão
SE,Sergipe,Lagoão,Centro
SE,Sergipe,Laranjeiras
SE,Sergipe,Laranjeiras,Br 211
SE,Sergipe,Laranjeiras,Br 235
SE,Sergipe,Laranjeiras,Centro
SE,Sergipe,Laranjeiras,Cj Homero D Goncalv
SE,Sergipe,Laranjeiras,Comandaroba
SE,Sergipe,Laranjeiras,Conjunto Dom Pedro I
SE,Sergipe,Laranjeiras,Jose Prado Franco
SE,Sergipe,Laranjeiras,Manoel p Franco
SE,Sergipe,Laranjeiras,Mutirao
SE,Sergipe,Laranjeiras,Pedra Branca
SE,Sergipe,Laranjeiras,Pov Gameleiro
SE,Sergipe,Limoeiro - Campo do Brito
SE,Sergipe,Limoeiro - Lagarto
SE,Sergipe,Limoeiro - Lagarto,Centro
SE,Sergipe,Linda França
SE,Sergipe,Linda França,Centro
SE,Sergipe,Luís Alves II
SE,Sergipe,Luís Alves II,Luiz Alves i
SE,Sergipe,Luís Alves II,Luiz Alves ii
SE,Sergipe,Luiz Freire
SE,Sergipe,Luiz Freire,Centro
SE,Sergipe,Macambira
SE,Sergipe,Macambira,Centro
SE,Sergipe,Macambira,Erivaldo Santos
SE,Sergipe,Macambira,Joao Vicente Santos
SE,Sergipe,Macambira,Sapucaia
SE,Sergipe,Machado
SE,Sergipe,Machado,Centro
SE,Sergipe,Malhada dos Bois
SE,Sergipe,Malhada dos Bois,Centro
SE,Sergipe,Malhador
SE,Sergipe,Malhador,Centro
SE,Sergipe,Mangabeira - Lagarto
SE,Sergipe,Mangabeira - Lagarto,Centro
SE,Sergipe,Mangabeira - São Domingos
SE,Sergipe,Mangabeira - São Domingos,Centro
SE,Sergipe,Mangabeiras
SE,Sergipe,Mangabeiras,Centro
SE,Sergipe,Mangueira
SE,Sergipe,Mangueira,Centro
SE,Sergipe,Maniçoba
SE,Sergipe,Maniçoba,Centro
SE,Sergipe,Manilha de Cima
SE,Sergipe,Manilha de Cima,Centro
SE,Sergipe,Maribondo
SE,Sergipe,Mariquita de Baixo
SE,Sergipe,Mariquita de Baixo,Centro
SE,Sergipe,Mariquita de Cima
SE,Sergipe,Mariquita de Cima,Centro
SE,Sergipe,Maruim
SE,Sergipe,Maruim,Albano Franco
SE,Sergipe,Maruim,Boa Hora
SE,Sergipe,Maruim,Centro
SE,Sergipe,Maruim,Joao Xxiii
SE,Sergipe,Maruim,Laxeis
SE,Sergipe,Maruim,Laxeis Baixo
SE,Sergipe,Maruim,Pedra Branca
SE,Sergipe,Maruim,Pov Mata Sao Jose
SE,Sergipe,Maruim,Sao Jose
SE,Sergipe,Massaranduba
SE,Sergipe,Massaranduba
SE,Sergipe,Massaranduba,Centro
SE,Sergipe,Mata de São José
SE,Sergipe,Mata de São José,Centro
SE,Sergipe,Mata do Peru
SE,Sergipe,Mata do Peru,Centro
SE,Sergipe,Mata Grande
SE,Sergipe,Mata Grande,Centro
SE,Sergipe,Matapoã
SE,Sergipe,Matapoã,Centro
SE,Sergipe,Matatas
SE,Sergipe,Matatas,Centro
SE,Sergipe,Matinha
SE,Sergipe,Matinha,Centro
SE,Sergipe,Meia Légua
SE,Sergipe,Meia Légua,Centro
SE,Sergipe,Miguel dos Anjos
SE,Sergipe,Miguel dos Anjos,Centro
SE,Sergipe,Miranda
SE,Sergipe,Miranda,Centro
SE,Sergipe,Mocambo - Frei Paulo
SE,Sergipe,Mocambo - Frei Paulo,Centro
SE,Sergipe,Moendas
SE,Sergipe,Moendas,Centro
SE,Sergipe,Moita Bonita
SE,Sergipe,Moita Bonita,Centro
SE,Sergipe,Moita Bonita,Manoel p Lima
SE,Sergipe,Moita Redonda - Largato
SE,Sergipe,Moita Redonda - Largato,Centro
SE,Sergipe,Monte Alegre de Sergipe
SE,Sergipe,Monte Alegre de Sergipe,Centro
SE,Sergipe,Montes Coelho
SE,Sergipe,Montes Coelho,Centro
SE,Sergipe,Morena
SE,Sergipe,Morena,Centro
SE,Sergipe,Mucambo
SE,Sergipe,Mucambo,Centro
SE,Sergipe,Mulungu - São Domingos
SE,Sergipe,Mulungu - São Domingos,Centro
SE,Sergipe,Muniz
SE,Sergipe,Muniz,Centro
SE,Sergipe,Muribeca
SE,Sergipe,Muribeca,Centro
SE,Sergipe,Mussuca
SE,Sergipe,Mussuca,Centro
SE,Sergipe,Mussuipe
SE,Sergipe,Mussuipe,Centro
SE,Sergipe,Mutumbo
SE,Sergipe,Mutumbo,Centro
SE,Sergipe,Neópolis
SE,Sergipe,Neópolis,Amintas a Dantas
SE,Sergipe,Neópolis,Augusto Franco
SE,Sergipe,Neópolis,Br 304
SE,Sergipe,Neópolis,Centro
SE,Sergipe,Neópolis,Cohab i
SE,Sergipe,Neópolis,h t Souza
SE,Sergipe,Neópolis,Pedro Valadares
SE,Sergipe,Neópolis,Sao Jose
SE,Sergipe,Neópolis,Vila Operaria
SE,Sergipe,Neópolis,Vila Passagem
SE,Sergipe,Niterói
SE,Sergipe,Nó Cego
SE,Sergipe,Nó Cego,Centro
SE,Sergipe,Nossa Senhora Aparecida
SE,Sergipe,Nossa Senhora Aparecida,Centro
SE,Sergipe,Nossa Senhora da Glória
SE,Sergipe,Nossa Senhora da Glória,Boa Esperanca
SE,Sergipe,Nossa Senhora da Glória,Brasilia
SE,Sergipe,Nossa Senhora da Glória,Centro
SE,Sergipe,Nossa Senhora da Glória,Cohab
SE,Sergipe,Nossa Senhora da Glória,Divineia
SE,Sergipe,Nossa Senhora da Glória,Lindo Horizonte
SE,Sergipe,Nossa Senhora da Glória,Maria v l Franco
SE,Sergipe,Nossa Senhora da Glória,Municipal
SE,Sergipe,Nossa Senhora da Glória,N Sra Lourdes
SE,Sergipe,Nossa Senhora da Glória,Nova Brasília
SE,Sergipe,Nossa Senhora da Glória,Nova Divineia
SE,Sergipe,Nossa Senhora da Glória,Novo Horizonte
SE,Sergipe,Nossa Senhora das Dores
SE,Sergipe,Nossa Senhora das Dores,Centro
SE,Sergipe,Nossa Senhora das Dores,Cruzeiro Mocas
SE,Sergipe,Nossa Senhora das Dores,Fontinhas
SE,Sergipe,Nossa Senhora das Dores,Sitio Jatoba
SE,Sergipe,Nossa Senhora de Lourdes
SE,Sergipe,Nossa Senhora de Lourdes,Centro
SE,Sergipe,Nossa Senhora do Socorro
SE,Sergipe,Nossa Senhora do Socorro,18 do Forte
SE,Sergipe,Nossa Senhora do Socorro,Albano Franco
SE,Sergipe,Nossa Senhora do Socorro,Albano Franco i
SE,Sergipe,Nossa Senhora do Socorro,Beira Rio
SE,Sergipe,Nossa Senhora do Socorro,Cajueiro
SE,Sergipe,Nossa Senhora do Socorro,Centro
SE,Sergipe,Nossa Senhora do Socorro,Cj Gov João A Fº
SE,Sergipe,Nossa Senhora do Socorro,Cj João Alves Filho
SE,Sergipe,Nossa Senhora do Socorro,Cj Marcos Freire Ii
SE,Sergipe,Nossa Senhora do Socorro,Conjunto Castelo Branco
SE,Sergipe,Nossa Senhora do Socorro,Conjunto Inácio Barbosa
SE,Sergipe,Nossa Senhora do Socorro,Conjunto Médici I
SE,Sergipe,Nossa Senhora do Socorro,Cristo Rey
SE,Sergipe,Nossa Senhora do Socorro,Distrito Industrial
SE,Sergipe,Nossa Senhora do Socorro,Fernando c Melo
SE,Sergipe,Nossa Senhora do Socorro,Getúlio Vargas
SE,Sergipe,Nossa Senhora do Socorro,Gov Joao a Filho
SE,Sergipe,Nossa Senhora do Socorro,Jardim Mariana
SE,Sergipe,Nossa Senhora do Socorro,Jardim Piabeta
SE,Sergipe,Nossa Senhora do Socorro,José C de Araújo
SE,Sergipe,Nossa Senhora do Socorro,Ltm Novo Horizonte
SE,Sergipe,Nossa Senhora do Socorro,m Freire i
SE,Sergipe,Nossa Senhora do Socorro,m Freire ii
SE,Sergipe,Nossa Senhora do Socorro,m Freire iii
SE,Sergipe,Nossa Senhora do Socorro,Mangabeiras
SE,Sergipe,Nossa Senhora do Socorro,n Senhora Fatima
SE,Sergipe,Nossa Senhora do Socorro,Novo Paraíso
SE,Sergipe,Nossa Senhora do Socorro,Palestina
SE,Sergipe,Nossa Senhora do Socorro,Parque dos Faróis
SE,Sergipe,Nossa Senhora do Socorro,Parques dos Faróis
SE,Sergipe,Nossa Senhora do Socorro,Pov Bita
SE,Sergipe,Nossa Senhora do Socorro,Pov Oiteiros
SE,Sergipe,Nossa Senhora do Socorro,Povoado Sobrado
SE,Sergipe,Nossa Senhora do Socorro,Santo Antônio
SE,Sergipe,Nossa Senhora do Socorro,Sao Braz
SE,Sergipe,Nossa Senhora do Socorro,Sauara
SE,Sergipe,Nossa Senhora do Socorro,Sobrado
SE,Sergipe,Nossa Senhora do Socorro,Taicoca
SE,Sergipe,Nossa Senhora do Socorro,Taiçoca de Fora
SE,Sergipe,Nossa Senhora do Socorro,Terra Nova
SE,Sergipe,Nossa Senhora do Socorro,Zona Rural
SE,Sergipe,Nova Conquista
SE,Sergipe,Nova Conquista,Centro
SE,Sergipe,Nova Descoberta
SE,Sergipe,Nova Descoberta,Centro
SE,Sergipe,Oiteiro
SE,Sergipe,Oiteiro,Centro
SE,Sergipe,Oiteiros - Gararu
SE,Sergipe,Oiteiros - Gararu,Centro
SE,Sergipe,Oiteiros - Maruim
SE,Sergipe,Oiteiros - Maruim,Centro
SE,Sergipe,Olhos D'Água - Boquim
SE,Sergipe,Olhos D'Água - Boquim,Centro
SE,Sergipe,Olhos D'Água - Lagarto
SE,Sergipe,Olhos D'Água - Lagarto,Centro
SE,Sergipe,Pacatuba
SE,Sergipe,Pacatuba,Centro
SE,Sergipe,Pacatuba,Cj Bugio
SE,Sergipe,Palmares
SE,Sergipe,Palmares,Centro
SE,Sergipe,Palmeiras
SE,Sergipe,Palmeiras,Centro
SE,Sergipe,Paracatu de Baixo
SE,Sergipe,Paracatu de Baixo,Centro
SE,Sergipe,Paracatu de Cima
SE,Sergipe,Paracatu de Cima,Centro
SE,Sergipe,Parque Santa Rita
SE,Sergipe,Parque Santa Rita,Centro
SE,Sergipe,Parque São José
SE,Sergipe,Parque São José,Centro
SE,Sergipe,Pastinho
SE,Sergipe,Pastinho,Centro
SE,Sergipe,Pastor
SE,Sergipe,Pastor,Centro
SE,Sergipe,Pastora
SE,Sergipe,Pastora,Centro
SE,Sergipe,Patioba
SE,Sergipe,Pau Alto
SE,Sergipe,Pau de Colher - Simão Dias
SE,Sergipe,Pau de Colher - Simão Dias,Centro
SE,Sergipe,Pau de Leite
SE,Sergipe,Pau de Leite,Centro
SE,Sergipe,Pau Ferro - Maurim
SE,Sergipe,Pau Ferro - Maurim,Centro
SE,Sergipe,Pedra Branca
SE,Sergipe,Pedra Branca,Centro
SE,Sergipe,Pedra Mole
SE,Sergipe,Pedra Mole,Centro
SE,Sergipe,Pedras - Capela
SE,Sergipe,Pedras - Capela,Centro
SE,Sergipe,Pedras - Muribeca
SE,Sergipe,Pedras - Muribeca,Centro
SE,Sergipe,Pedreiras
SE,Sergipe,Pedreiras,Centro
SE,Sergipe,Pedrinhas 
SE,Sergipe,Pedrinhas ,Centro
SE,Sergipe,Pedrinhas ,Novo
SE,Sergipe,Pedrinhas - Areia Branca
SE,Sergipe,Pedrinhas - Areia Branca,Centro
SE,Sergipe,Piabeta
SE,Sergipe,Piabeta,Centro
SE,Sergipe,Piabeta,Sauara
SE,Sergipe,Piauitinga
SE,Sergipe,Piauitinga,Centro
SE,Sergipe,Piçarreira
SE,Sergipe,Piçarreira,Centro
SE,Sergipe,Pindoba - Neópolis
SE,Sergipe,Pindoba - Neópolis,Centro
SE,Sergipe,Pinga Fogo
SE,Sergipe,Pinga Fogo,Centro
SE,Sergipe,Pinhão
SE,Sergipe,Pinhão,Centro
SE,Sergipe,Pirambu
SE,Sergipe,Pirambu,Centro
SE,Sergipe,Pirambu,Praia Bela
SE,Sergipe,Pirambu,Praia Sol
SE,Sergipe,Pirambu,Praia Sol ii
SE,Sergipe,Pirunga
SE,Sergipe,Pirunga,Centro
SE,Sergipe,Poço Comprido
SE,Sergipe,Poço Dantas
SE,Sergipe,Poço Redondo
SE,Sergipe,Poço Redondo,Augusto Franco
SE,Sergipe,Poço Redondo,Centro
SE,Sergipe,Poço Redondo,José C de Araújo
SE,Sergipe,Poço Terreio
SE,Sergipe,Poço Terreio,Centro
SE,Sergipe,Poço Verde
SE,Sergipe,Poço Verde,Albano Franco
SE,Sergipe,Poço Verde,Centro
SE,Sergipe,Poços
SE,Sergipe,Poços,Centro
SE,Sergipe,Poços dos Bois
SE,Sergipe,Poços dos Bois,Centro
SE,Sergipe,Ponta de Areia
SE,Sergipe,Ponta de Areia,Centro
SE,Sergipe,Ponta do Mangue
SE,Sergipe,Ponta do Mangue,Centro
SE,Sergipe,Pontal
SE,Sergipe,Pontal,Centro
SE,Sergipe,Ponto Chique - Areia Branca
SE,Sergipe,Ponto Chique - Areia Branca,Centro
SE,Sergipe,Ponto Chique - Carira
SE,Sergipe,Ponto Chique - Carira,Centro
SE,Sergipe,Porteira
SE,Sergipe,Porteira,Centro
SE,Sergipe,Porto da Folha
SE,Sergipe,Porto da Folha,Caraibas
SE,Sergipe,Porto da Folha,Centro
SE,Sergipe,Porto da Folha,Lagoa Salgada
SE,Sergipe,Porto de Mangola
SE,Sergipe,Porto do Mato
SE,Sergipe,Porto do Mato,Centro
SE,Sergipe,Porto Grande
SE,Sergipe,Porto Grande,Centro
SE,Sergipe,Povoado Lagoa Primeira
SE,Sergipe,Povoado Lagoa Primeira,Centro
SE,Sergipe,Poxica
SE,Sergipe,Poxica,Centro
SE,Sergipe,Poxim
SE,Sergipe,Poxim,Centro
SE,Sergipe,Pratas
SE,Sergipe,Pratas,Centro
SE,Sergipe,Prensa
SE,Sergipe,Prensa,Centro
SE,Sergipe,Progresso
SE,Sergipe,Progresso,Centro
SE,Sergipe,Propriá
SE,Sergipe,Propriá,Alcino Vieira
SE,Sergipe,Propriá,América
SE,Sergipe,Propriá,Augusto Franco
SE,Sergipe,Propriá,Bela Vista
SE,Sergipe,Propriá,Brasilia
SE,Sergipe,Propriá,Centro
SE,Sergipe,Propriá,Cj M Freire II
SE,Sergipe,Propriá,Diocesano
SE,Sergipe,Propriá,Distrito Industrial
SE,Sergipe,Propriá,Dom Jose p Lessa
SE,Sergipe,Propriá,Fernandes
SE,Sergipe,Propriá,Maria c n Alves
SE,Sergipe,Propriá,Maria Carmo i
SE,Sergipe,Propriá,Matadouro
SE,Sergipe,Propriá,n Senhora Fatima
SE,Sergipe,Propriá,Remanso
SE,Sergipe,Pururuca
SE,Sergipe,Pururuca,Centro
SE,Sergipe,Quebradas II
SE,Sergipe,Quebradas II,Centro
SE,Sergipe,Queimadas
SE,Sergipe,Queimadas,Centro
SE,Sergipe,Queiroz
SE,Sergipe,Queiroz,Centro
SE,Sergipe,Quilombo
SE,Sergipe,Quilombo,Centro
SE,Sergipe,Quitale
SE,Sergipe,Quitale,Centro
SE,Sergipe,Riachão do Dantas
SE,Sergipe,Riachão do Dantas,Centro
SE,Sergipe,Riachão do Dantas,Jose a Nascimento
SE,Sergipe,Riacho do Marco
SE,Sergipe,Riachuelo
SE,Sergipe,Riachuelo,a c Valadares
SE,Sergipe,Riachuelo,Alto Divineia
SE,Sergipe,Riachuelo,Antonio Franco
SE,Sergipe,Riachuelo,Centro
SE,Sergipe,Riachuelo,Nova Divineia
SE,Sergipe,Riachuelo,Palestina
SE,Sergipe,Riachuelo,Pov Roque Mendes
SE,Sergipe,Riachuelo,Tarso Garces
SE,Sergipe,Riachuelo,Tarso Garcez
SE,Sergipe,Riachuelo,Tasso Garcez
SE,Sergipe,Ribeira
SE,Sergipe,Ribeira,Centro
SE,Sergipe,Ribeirópolis
SE,Sergipe,Ribeirópolis,Centro
SE,Sergipe,Ribeirópolis,José C de Araújo
SE,Sergipe,Rio das Pedras - Areia Branca
SE,Sergipe,Rio das Pedras - Areia Branca,Centro
SE,Sergipe,Rio das Pedras - Itabaiana
SE,Sergipe,Rio das Pedras - Itabaiana,Centro
SE,Sergipe,Rio das Vacas
SE,Sergipe,Rio das Vacas,Centro
SE,Sergipe,Rio Fundo - Lagarto
SE,Sergipe,Rio Fundo - Lagarto,Centro
SE,Sergipe,Rio Real - Poço Verde
SE,Sergipe,Rio Real - Poço Verde,Centro
SE,Sergipe,Rita Cacete
SE,Sergipe,Rita Cacete,Centro
SE,Sergipe,Rodeador
SE,Sergipe,Roma
SE,Sergipe,Roma,Centro
SE,Sergipe,Romão
SE,Sergipe,Romão,Centro
SE,Sergipe,Rosário do Catete
SE,Sergipe,Rosário do Catete,Br 101
SE,Sergipe,Rosário do Catete,Centro
SE,Sergipe,Rosário do Catete,Incra
SE,Sergipe,Rosário do Catete,Joao f Menezes
SE,Sergipe,Rosário do Catete,Otacilio v Melo
SE,Sergipe,Rosário do Catete,Tupi
SE,Sergipe,Rosário do Catete,Vereador a Cruz
SE,Sergipe,Rua da Palha
SE,Sergipe,Rua da Palha,Centro
SE,Sergipe,Saco das Varas
SE,Sergipe,Saco das Varas,Centro
SE,Sergipe,Saco do Camisa - Poço Verde
SE,Sergipe,Saco do Camisa - Poço Verde,Centro
SE,Sergipe,Saco do Rio Real
SE,Sergipe,Saco do Rio Real,Centro
SE,Sergipe,Saco Encantado
SE,Sergipe,Saco Encantado,Centro
SE,Sergipe,Saco Grande - Cumbe
SE,Sergipe,Saco Grande - Cumbe,Centro
SE,Sergipe,Saco Torto
SE,Sergipe,Saco Torto,Centro
SE,Sergipe,Salgado
SE,Sergipe,Salgado,Centro
SE,Sergipe,Salgado,Estacao
SE,Sergipe,Salgado,Flora Batista
SE,Sergipe,Salgado,Salgado Filho
SE,Sergipe,Salgado,Santa Maria
SE,Sergipe,Salobra
SE,Sergipe,Salobra,Centro
SE,Sergipe,Salvador
SE,Sergipe,Salvador,Centro
SE,Sergipe,Samambaia
SE,Sergipe,Samambaia,Centro
SE,Sergipe,Santa Cruz - Propriá
SE,Sergipe,Santa Cruz - Propriá,Centro
SE,Sergipe,Santa Luzia do Itanhy
SE,Sergipe,Santa Luzia do Itanhy,Centro
SE,Sergipe,Santa Rosa de Lima
SE,Sergipe,Santa Rosa de Lima,América
SE,Sergipe,Santa Rosa de Lima,Centro
SE,Sergipe,Santa Rosa do Ermírio
SE,Sergipe,Santa Rosa do Ermírio,Centro
SE,Sergipe,Santa Terezinha
SE,Sergipe,Santa Terezinha,Centro
SE,Sergipe,Santana do São Francisco
SE,Sergipe,Santana do São Francisco,Centro
SE,Sergipe,Santo Amaro das Brotas
SE,Sergipe,Santo Amaro das Brotas,Centro
SE,Sergipe,Santo Amaro das Brotas,Esperanca
SE,Sergipe,Santo Amaro das Brotas,Tabuleiro
SE,Sergipe,Santo Antônio
SE,Sergipe,Santo Antônio,Centro
SE,Sergipe,São Bento
SE,Sergipe,São Bento,Centro
SE,Sergipe,São Bento de Cima
SE,Sergipe,São Cristóvão
SE,Sergipe,São Cristóvão,13 de Julho
SE,Sergipe,São Cristóvão,18 do Forte
SE,Sergipe,São Cristóvão,Alto Colina
SE,Sergipe,São Cristóvão,Alto Divineia
SE,Sergipe,São Cristóvão,Alto Santo Antonio
SE,Sergipe,São Cristóvão,América
SE,Sergipe,São Cristóvão,Baixa Divineia
SE,Sergipe,São Cristóvão,BR 235
SE,Sergipe,São Cristóvão,Brg Eduardo Gomes
SE,Sergipe,São Cristóvão,Brig Eduardo Gomes
SE,Sergipe,São Cristóvão,Centro
SE,Sergipe,São Cristóvão,Cj Hermes Pereira
SE,Sergipe,São Cristóvão,Cj Luiz Alves III
SE,Sergipe,São Cristóvão,Conjunto Médici I
SE,Sergipe,São Cristóvão,Conjunto Tiradentes
SE,Sergipe,São Cristóvão,Country Club
SE,Sergipe,São Cristóvão,Eduardo Gomes
SE,Sergipe,São Cristóvão,Jardim Sao Francisco
SE,Sergipe,São Cristóvão,Jd Universitário
SE,Sergipe,São Cristóvão,Joao Bebe Agua
SE,Sergipe,São Cristóvão,Jose Batalha Gois
SE,Sergipe,São Cristóvão,Lafayete Coutinho
SE,Sergipe,São Cristóvão,Lauro Rocha
SE,Sergipe,São Cristóvão,Ltm Oco Do Pau
SE,Sergipe,São Cristóvão,Luiz Alves i
SE,Sergipe,São Cristóvão,Luiz Alves ii
SE,Sergipe,São Cristóvão,Maria Carmo iii
SE,Sergipe,São Cristóvão,Pov Alto Colina
SE,Sergipe,São Cristóvão,Pov Aningas
SE,Sergipe,São Cristóvão,Pov Cabrita
SE,Sergipe,São Cristóvão,Pov Caipe Velho
SE,Sergipe,São Cristóvão,Pov Cajueiro
SE,Sergipe,São Cristóvão,Pov Cardoso
SE,Sergipe,São Cristóvão,Pov Colina
SE,Sergipe,São Cristóvão,Pov Colonia Miranda
SE,Sergipe,São Cristóvão,Pov Garganta
SE,Sergipe,São Cristóvão,Pov Pedreiras
SE,Sergipe,São Cristóvão,Pov Timbo
SE,Sergipe,São Cristóvão,Quendera
SE,Sergipe,São Cristóvão,Rosa Elze
SE,Sergipe,São Cristóvão,Rosa Maria
SE,Sergipe,São Cristóvão,Rosa Oeste
SE,Sergipe,São Cristóvão,Rose Elze
SE,Sergipe,São Cristóvão,Santo Antônio
SE,Sergipe,São Cristóvão,Sao Joao
SE,Sergipe,São Cristóvão,Tijuca
SE,Sergipe,São Cristóvão,Zona Rural
SE,Sergipe,São Domingos
SE,Sergipe,São Domingos,Centro
SE,Sergipe,São Domingos,Gov Albano Franco
SE,Sergipe,São Domingos,Jose Fonseca Lima
SE,Sergipe,São Domingos,Mizael Paixao
SE,Sergipe,São Francisco
SE,Sergipe,São Francisco,Albano Franco
SE,Sergipe,São Francisco,Centro
SE,Sergipe,São José - Capela
SE,Sergipe,São José - Capela,Centro
SE,Sergipe,São José - Itabaiana
SE,Sergipe,São José - Itabaiana,Centro
SE,Sergipe,São José - Poço Verde
SE,Sergipe,São José - Poço Verde,Centro
SE,Sergipe,São José da Caatinga
SE,Sergipe,São José da Caatinga,Centro
SE,Sergipe,São Mateus da Palestina
SE,Sergipe,São Mateus da Palestina,Centro
SE,Sergipe,São Miguel
SE,Sergipe,São Miguel,Centro
SE,Sergipe,São Miguel do Aleixo
SE,Sergipe,São Miguel do Aleixo,Centro
SE,Sergipe,São Pedro
SE,Sergipe,São Pedro,Centro
SE,Sergipe,São Vicente
SE,Sergipe,São Vicente,Centro
SE,Sergipe,Sapé - Itabaianinha
SE,Sergipe,Sapé - Itabaianinha,Centro
SE,Sergipe,Sapé - Itaporanga D'Ajuda
SE,Sergipe,Sapé - Itaporanga D'Ajuda,Centro
SE,Sergipe,Sapucaia
SE,Sergipe,Sapucaia,Centro
SE,Sergipe,Saúde - Capela
SE,Sergipe,Saúde - Capela,Centro
SE,Sergipe,Saúde - Santana do São Francisco
SE,Sergipe,Saúde - Santana do São Francisco,Centro
SE,Sergipe,Segredo
SE,Sergipe,Segredo,Centro
SE,Sergipe,Serra Comprida
SE,Sergipe,Serra Comprida,Centro
SE,Sergipe,Serra do Machado
SE,Sergipe,Serra do Machado,Centro
SE,Sergipe,Serrão
SE,Sergipe,Serrão,Centro
SE,Sergipe,Simão Dias
SE,Sergipe,Simão Dias,Augusto Franco
SE,Sergipe,Simão Dias,Bonfim Baixo
SE,Sergipe,Simão Dias,Bonfim Cima
SE,Sergipe,Simão Dias,Cacula Valadares
SE,Sergipe,Simão Dias,Centenario
SE,Sergipe,Simão Dias,Centro
SE,Sergipe,Simão Dias,Jose Fraga Matos
SE,Sergipe,Simão Dias,Jose Neves Costa
SE,Sergipe,Simão Dias,Manoel f Matos
SE,Sergipe,Simão Dias,Novo Paraíso
SE,Sergipe,Simão Dias,Pedro Valadares
SE,Sergipe,Simão Dias,Rivanda s Matos
SE,Sergipe,Siriri
SE,Sergipe,Siriri,Centro
SE,Sergipe,Siriri,Conjunto Inácio Barbosa
SE,Sergipe,Siriri,Santa Tereza
SE,Sergipe,Siriri,Santa Terezinha
SE,Sergipe,Siriri,Sao Joao
SE,Sergipe,Siririzinho
SE,Sergipe,Siririzinho,Centro
SE,Sergipe,Sítios Novos - Poço Redondo
SE,Sergipe,Sítios Novos - Poço Redondo,Centro
SE,Sergipe,Sucupira - Arauá
SE,Sergipe,Sucupira - Arauá,Centro
SE,Sergipe,Sucupira - Nossa Senhora das Dores
SE,Sergipe,Sucupira - Nossa Senhora das Dores,Centro
SE,Sergipe,Taboca - Itaporanga D'Ajuda
SE,Sergipe,Taboca - Itaporanga D'Ajuda,Centro
SE,Sergipe,Taboca - Nossa Senhora do Socorro
SE,Sergipe,Taboca - Nossa Senhora do Socorro,Centro
SE,Sergipe,Tabuleirinho
SE,Sergipe,Tabuleirinho,Centro
SE,Sergipe,Tabuleiro dos Cágados
SE,Sergipe,Tabuleiro dos Cágados,Centro
SE,Sergipe,Taiçoca de Dentro
SE,Sergipe,Taiçoca de Dentro,Centro
SE,Sergipe,Taiçoca de Fora
SE,Sergipe,Taiçoca de Fora,Centro
SE,Sergipe,Tanque
SE,Sergipe,Tanque,Centro
SE,Sergipe,Tanque Novo - Riachão do Dantas
SE,Sergipe,Tanque Novo - Riachão do Dantas,Centro
SE,Sergipe,Tapado
SE,Sergipe,Tapera - Itaporanga D'Ajuda
SE,Sergipe,Tapera - Itaporanga D'Ajuda,Centro
SE,Sergipe,Tapera - São Domingos
SE,Sergipe,Tapera - São Domingos,Centro
SE,Sergipe,Tapera dos Modestos
SE,Sergipe,Tapera dos Modestos,Centro
SE,Sergipe,Tatu - Japoatã
SE,Sergipe,Tatu - Japoatã,Centro
SE,Sergipe,Tauá - Umbaúba
SE,Sergipe,Telha 
SE,Sergipe,Telha ,Centro
SE,Sergipe,Telha - Itaporanga D'Ajuda
SE,Sergipe,Telha - Itaporanga D'Ajuda,Centro
SE,Sergipe,Terra Caida
SE,Sergipe,Terra Caida,Centro
SE,Sergipe,Terra Vermelha
SE,Sergipe,Terra Vermelha,Centro
SE,Sergipe,Tobias Barreto
SE,Sergipe,Tobias Barreto,América
SE,Sergipe,Tobias Barreto,Brasilia
SE,Sergipe,Tobias Barreto,Castelo Branco
SE,Sergipe,Tobias Barreto,Centro
SE,Sergipe,Tobias Barreto,Distrito Industrial
SE,Sergipe,Tobias Barreto,Industrial
SE,Sergipe,Tobias Barreto,Irma Dulce
SE,Sergipe,Tobias Barreto,Jardim Cruzeiro
SE,Sergipe,Tobias Barreto,Pereira Lobo
SE,Sergipe,Tobias Barreto,Pinheiro
SE,Sergipe,Tobias Barreto,Raimundo Geraldo
SE,Sergipe,Tobias Barreto,Santa Rita
SE,Sergipe,Tobias Barreto,Santos Dumont
SE,Sergipe,Tobias Barreto,Sem Bairro
SE,Sergipe,Tobias Barreto,Walter Franco
SE,Sergipe,Tomar do Geru
SE,Sergipe,Tomar do Geru,Centro
SE,Sergipe,Tombo
SE,Sergipe,Tombo,Centro
SE,Sergipe,Triunfo
SE,Sergipe,Triunfo,Centro
SE,Sergipe,Turma
SE,Sergipe,Turma,Centro
SE,Sergipe,Umbauba
SE,Sergipe,Umbauba,Centro
SE,Sergipe,Umbauba,Cidade Nova
SE,Sergipe,Umbauba,Cj João F Farias
SE,Sergipe,Umbauba,Ltm São João
SE,Sergipe,Umbauba,Nova Esperanca
SE,Sergipe,Umbuzeiro do Matuto
SE,Sergipe,Urubu Grande
SE,Sergipe,Urubu Grande,Centro
SE,Sergipe,Várzea
SE,Sergipe,Várzea,Centro
SE,Sergipe,Várzea dos Cágados
SE,Sergipe,Várzea dos Cágados,Centro
SE,Sergipe,Visgueiro
SE,Sergipe,Visgueiro,Centro
SE,Sergipe,Vivaldo
SE,Sergipe,Vivaldo,Centro
SE,Sergipe,Volta
SE,Sergipe,Volta,Centro
SE,Sergipe,Zaloque
